1.0000e+00,2.1960e+02,2.1255e+02,1.3393e+02,9.5699e+01
1.0476,194.14,188.17,118.83,84.926
1.0975,171.63,166.59,105.43,75.366
1.1498,151.67,147.37,93.444,66.827
1.2045,134.0,130.27,82.739,59.211
1.2619,118.38,115.16,73.26,52.463
1.3219,104.59,101.79,64.868,46.484
1.3849,92.397,89.983,57.436,41.186
1.4508,81.551,79.492,50.801,36.462
1.5199,71.928,70.19,44.896,32.26
1.5923,63.44,61.977,39.677,28.542
1.6681,55.954,54.724,35.065,25.252
1.7475,49.35,48.32,30.989,22.341
1.8307,43.57,42.665,27.355,19.748
1.9179,38.491,37.671,24.13,17.447
2.0092,34.003,33.261,21.285,15.413
2.1049,30.039,29.367,18.775,13.617
2.2051,26.537,25.929,16.561,12.03
2.3101,23.413,22.868,14.591,10.617
2.4201,20.644,20.158,12.847,9.3648
2.5354,18.202,17.769,11.311,8.2606
2.6561,16.049,15.663,9.9595,7.2865
2.7826,14.151,13.806,8.7692,6.4273
2.9151,12.445,12.15,7.7109,5.6625
3.0539,10.935,10.685,6.7769,4.9865
3.1993,9.6084,9.3975,5.9561,4.3911
3.3516,8.4424,8.2648,5.2347,3.8668
3.5112,7.4178,7.2685,4.6006,3.405
3.6784,6.5258,6.391,4.0373,2.9941
3.8535,5.7431,5.619,3.5414,2.6317
4.037,5.0542,4.9402,3.1065,2.3131
4.2292,4.4479,4.3434,2.7249,2.0331
4.4306,3.9144,3.8187,2.3902,1.7869
4.6416,3.4415,3.3536,2.0931,1.568
4.8626,3.0252,2.9444,1.8323,1.3754
5.0941,2.6592,2.5852,1.604,1.2064
5.3367,2.3374,2.2698,1.4041,1.0582
5.5908,2.0546,1.9928,1.2292,0.92819
5.857,1.8044,1.7477,1.0741,0.81266
6.1359,1.5844,1.5324,0.9384,0.71132
6.4281,1.3912,1.3437,0.81983,0.62262
6.7342,1.2216,1.1782,0.71624,0.54496
7.0548,1.0726,1.0331,0.62574,0.47699
7.3907,0.94105,0.90479,0.54565,0.41662
7.7426,0.82554,0.79235,0.47574,0.36383
8.1113,0.7242,0.69389,0.41478,0.31772
8.4975,0.63529,0.60765,0.36164,0.27746
8.9022,0.5573,0.53213,0.3153,0.24229
9.326,0.48847,0.46547,0.27433,0.21107
9.7701,0.42813,0.40715,0.23867,0.18386
10.235,0.37524,0.35614,0.20765,0.16016
10.723,0.32888,0.31151,0.18066,0.13951
11.233,0.28824,0.27247,0.15717,0.12151
11.768,0.25243,0.2381,0.13646,0.10558
12.328,0.22106,0.20806,0.11847,0.091741
12.915,0.1936,0.18182,0.10286,0.079713
13.53,0.16954,0.15888,0.089306,0.069262
14.175,0.14846,0.13883,0.077526,0.06017
14.85,0.12993,0.12122,0.067173,0.052156
15.557,0.11371,0.10585,0.058203,0.045209
16.298,0.099512,0.092422,0.050431,0.039188
17.074,0.087087,0.0807,0.043697,0.033968
17.886,0.076209,0.070459,0.037853,0.029436
18.738,0.066664,0.061487,0.032734,0.025459
19.63,0.058314,0.053657,0.028307,0.022019
20.565,0.051009,0.046824,0.024479,0.019044
21.544,0.04462,0.040861,0.021168,0.016471
22.57,0.039029,0.035655,0.018299,0.01424
23.645,0.034131,0.0311,0.015794,0.012291
24.771,0.029848,0.027128,0.013632,0.010609
25.95,0.026102,0.023663,0.011766,0.0091567
27.186,0.022826,0.020641,0.010155,0.0079035
28.48,0.019961,0.018003,0.0087612,0.0068188
29.836,0.017453,0.015698,0.0075474,0.0058742
31.257,0.015261,0.013688,0.0065018,0.0050605
32.745,0.013343,0.011936,0.0056011,0.0043596
34.305,0.011667,0.010408,0.0048253,0.0037557
35.938,0.010201,0.0090744,0.0041547,0.0032339
37.649,0.0089175,0.0079102,0.0035723,0.0027808
39.442,0.0077957,0.0068953,0.0030716,0.0023913
41.32,0.0068151,0.0060107,0.0026411,0.0020563
43.288,0.0059578,0.0052395,0.0022709,0.0017682
45.349,0.0052079,0.0045667,0.0019514,0.0015197
47.508,0.0045515,0.0039791,0.0016746,0.0013044
49.77,0.0039779,0.0034671,0.001437,0.0011196
52.14,0.0034765,0.003021,0.0012332,0.00096102
54.623,0.0030383,0.0026323,0.0010583,0.0008249
57.224,0.002655,0.002293,0.00090748,0.00070757
59.948,0.0023195,0.0019967,0.00077718,0.00060621
62.803,0.0020264,0.0017387,0.00066559,0.00051938
65.793,0.0017703,0.0015141,0.00057003,0.00044499
68.926,0.0015466,0.0013184,0.0004882,0.00038126
72.208,0.0013511,0.0011478,0.00041774,0.00032638
75.646,0.0011801,0.00099885,0.00035704,0.00027909
79.248,0.0010308,0.00086926,0.00030515,0.00023865
83.022,0.00090036,0.00075648,0.00026081,0.00020408
86.975,0.00078644,0.00065834,0.00022291,0.00017451
91.116,0.00068684,0.00057273,0.00019034,0.00014909
95.455,0.00059979,0.00049808,0.00016236,0.00012723
100.0,0.00052376,0.00043316,0.00013849,0.00010858
1.0,219.74,212.73,134.12,95.845
1.0476,194.27,188.34,119.01,85.059
1.0975,171.74,166.75,105.59,75.488
1.1498,151.78,147.51,93.594,66.939
1.2045,134.1,130.4,82.878,59.314
1.2619,118.47,115.28,73.388,52.558
1.3219,104.67,101.91,64.985,46.571
1.3849,92.472,90.086,57.544,41.266
1.4508,81.621,79.586,50.901,36.536
1.5199,71.993,70.278,44.989,32.329
1.5923,63.5,62.058,39.763,28.606
1.6681,56.009,54.8,35.145,25.311
1.7475,49.402,48.39,31.063,22.396
1.8307,43.618,42.73,27.423,19.799
1.9179,38.536,37.731,24.194,17.494
2.0092,34.045,33.317,21.344,15.458
2.1049,30.078,29.42,18.83,13.658
2.2051,26.573,25.978,16.612,12.068
2.3101,23.446,22.914,14.638,10.652
2.4201,20.675,20.201,12.891,9.3983
2.5354,18.232,17.808,11.353,8.2919
2.6561,16.077,15.7,9.9982,7.3156
2.7826,14.176,13.84,8.805,6.4543
2.9151,12.47,12.182,7.7444,5.6878
3.0539,10.958,10.715,6.8082,5.0101
3.1993,9.6299,9.4256,5.9852,4.4132
3.3516,8.4625,8.2909,5.2617,3.8873
3.5112,7.4365,7.2928,4.6256,3.424
3.6784,6.5432,6.4136,4.0606,3.0118
3.8535,5.7593,5.64,3.5631,2.6482
4.037,5.0693,4.9597,3.1265,2.3284
4.2292,4.4619,4.3615,2.7435,2.0473
4.4306,3.9273,3.8354,2.4073,1.8
4.6416,3.4535,3.3691,2.109,1.5801
4.8626,3.0363,2.9587,1.847,1.3866
5.0941,2.6695,2.5984,1.6175,1.2168
5.3367,2.3469,2.2819,1.4166,1.0678
5.5908,2.0633,2.004,1.2406,0.93698
5.857,1.8124,1.7579,1.0846,0.82076
6.1359,1.5918,1.5419,0.94805,0.71878
6.4281,1.398,1.3524,0.82867,0.62945
6.7342,1.2278,1.1861,0.72433,0.55122
7.0548,1.0783,1.0403,0.63312,0.48271
7.3907,0.94628,0.91143,0.55239,0.42185
7.7426,0.83033,0.79842,0.48189,0.36861
8.1113,0.72857,0.69942,0.42038,0.32208
8.4975,0.63928,0.61269,0.36673,0.28142
8.9022,0.56093,0.53671,0.31992,0.24589
9.326,0.49178,0.46964,0.27853,0.21434
9.7701,0.43113,0.41093,0.24248,0.18683
10.235,0.37797,0.35957,0.2111,0.16284
10.723,0.33135,0.31462,0.18377,0.14194
11.233,0.29048,0.27528,0.15998,0.12371
11.768,0.25445,0.24064,0.13899,0.10757
12.328,0.2229,0.21036,0.12076,0.093527
12.915,0.19525,0.18388,0.10492,0.081321
13.53,0.17103,0.16074,0.091155,0.070708
14.175,0.14981,0.14051,0.079185,0.061469
14.85,0.13114,0.12273,0.068662,0.053321
15.557,0.11479,0.1072,0.059537,0.046254
16.298,0.10049,0.093637,0.051626,0.040123
17.074,0.087962,0.081789,0.044765,0.034804
17.886,0.076993,0.071435,0.038808,0.030183
18.738,0.067365,0.062359,0.033585,0.026125
19.63,0.058941,0.054437,0.029066,0.022613
20.565,0.05157,0.04752,0.025155,0.019573
21.544,0.045121,0.041483,0.02177,0.016942
22.57,0.039476,0.036209,0.018834,0.014659
23.645,0.034529,0.031594,0.016269,0.012663
24.771,0.030203,0.027567,0.014053,0.010938
25.95,0.026418,0.024053,0.012139,0.0094487
27.186,0.023107,0.020988,0.010486,0.0081621
28.48,0.020211,0.018311,0.0090538,0.0070477
29.836,0.017675,0.015971,0.0078059,0.0060764
31.257,0.015457,0.01393,0.00673,0.005239
32.745,0.013518,0.01215,0.0058025,0.004517
34.305,0.011822,0.010598,0.0050028,0.0038946
35.938,0.010338,0.0092425,0.0043111,0.0033562
37.649,0.0090387,0.0080586,0.0037098,0.0028884
39.442,0.007903,0.0070263,0.0031924,0.0024858
41.32,0.00691,0.0061263,0.0027472,0.0021393
43.288,0.0060417,0.0053416,0.0023641,0.0018411
45.349,0.005282,0.0046566,0.0020331,0.0015836
47.508,0.0046169,0.0040582,0.0017461,0.0013603
49.77,0.0040355,0.0035367,0.0014996,0.0011686
52.14,0.0035273,0.0030822,0.0012879,0.0010038
54.623,0.0030831,0.0026862,0.0011061,0.00086234
57.224,0.0026945,0.0023404,0.00094923,0.00074026
59.948,0.0023543,0.0020383,0.00081355,0.0006347
62.803,0.002057,0.0017752,0.00069726,0.00054419
65.793,0.0017973,0.001546,0.0005976,0.0004666
68.926,0.0015703,0.0013465,0.0005122,0.00040007
72.208,0.0013719,0.0011723,0.0004386,0.00034274
75.646,0.0011984,0.0010203,0.00037512,0.00029328
79.248,0.0010469,0.00088805,0.00032083,0.00025096
83.022,0.00091446,0.00077292,0.0002744,0.00021475
86.975,0.00079882,0.00067271,0.00023469,0.00018376
91.116,0.0006977,0.00058529,0.00020053,0.00015709
95.455,0.0006093,0.00050904,0.00017115,0.00013414
100.0,0.0005321,0.00044272,0.00014608,0.00011455
1.0,219.85,212.88,134.27,95.958
1.0476,194.36,188.47,119.14,85.163
1.0975,171.83,166.87,105.72,75.582
1.1498,151.86,147.62,93.711,67.026
1.2045,134.17,130.51,82.985,59.394
1.2619,118.54,115.37,73.487,52.632
1.3219,104.73,101.99,65.076,46.639
1.3849,92.53,90.165,57.628,41.329
1.4508,81.675,79.66,50.978,36.594
1.5199,72.043,70.346,45.061,32.382
1.5923,63.547,62.122,39.83,28.655
1.6681,56.052,54.858,35.207,25.357
1.7475,49.441,48.444,31.12,22.439
1.8307,43.655,42.78,27.476,19.839
1.9179,38.57,37.778,24.243,17.531
2.0092,34.078,33.361,21.39,15.492
2.1049,30.108,29.46,18.873,13.69
2.2051,26.601,26.015,16.652,12.098
2.3101,23.473,22.949,14.675,10.68
2.4201,20.7,20.233,12.926,9.4243
2.5354,18.255,17.839,11.385,8.3161
2.6561,16.098,15.728,10.028,7.3382
2.7826,14.197,13.867,8.8328,6.4752
2.9151,12.489,12.207,7.7703,5.7074
3.0539,10.976,10.739,6.8325,5.0285
3.1993,9.6466,9.4473,6.0078,4.4302
3.3516,8.478,8.3112,5.2826,3.9032
3.5112,7.4509,7.3116,4.645,3.4387
3.6784,6.5567,6.4311,4.0786,3.0256
3.8535,5.7719,5.6563,3.5799,2.661
4.037,5.081,4.9749,3.1421,2.3403
4.2292,4.4728,4.3755,2.7579,2.0583
4.4306,3.9373,3.8483,2.4206,1.8102
4.6416,3.4629,3.381,2.1213,1.5896
4.8626,3.0449,2.9698,1.8583,1.3954
5.0941,2.6774,2.6086,1.628,1.2249
5.3367,2.3543,2.2913,1.4262,1.0752
5.5908,2.0701,2.0126,1.2494,0.9438
5.857,1.8187,1.7659,1.0928,0.82705
6.1359,1.5976,1.5492,0.95553,0.72455
6.4281,1.4033,1.3591,0.83553,0.63475
6.7342,1.2327,1.1923,0.7306,0.55607
7.0548,1.0828,1.046,0.63884,0.48714
7.3907,0.95034,0.91657,0.55762,0.42591
7.7426,0.83404,0.80312,0.48666,0.37231
8.1113,0.73197,0.70371,0.42473,0.32545
8.4975,0.64238,0.61659,0.37068,0.28449
8.9022,0.56375,0.54026,0.3235,0.24868
9.326,0.49434,0.47287,0.28178,0.21688
9.7701,0.43346,0.41387,0.24543,0.18913
10.235,0.38008,0.36222,0.21376,0.16493
10.723,0.33327,0.31702,0.18619,0.14382
11.233,0.29222,0.27746,0.16216,0.12541
11.768,0.25603,0.24261,0.14096,0.1091
12.328,0.22432,0.21213,0.12253,0.094912
12.915,0.19653,0.18549,0.10651,0.082568
13.53,0.17219,0.16219,0.092588,0.071829
14.175,0.15085,0.14181,0.080472,0.062476
14.85,0.13207,0.1239,0.069816,0.054225
15.557,0.11564,0.10825,0.060572,0.047063
16.298,0.10124,0.094579,0.052552,0.040848
17.074,0.08864,0.082634,0.045594,0.035453
17.886,0.077601,0.072192,0.039547,0.030762
18.738,0.06791,0.063036,0.034245,0.026642
19.63,0.059428,0.055041,0.029654,0.023073
20.565,0.052005,0.04806,0.025679,0.019983
21.544,0.045509,0.041965,0.022236,0.017307
22.57,0.039823,0.036639,0.019249,0.014983
23.645,0.034838,0.031977,0.016637,0.012951
24.771,0.030478,0.027908,0.014379,0.011194
25.95,0.026663,0.024356,0.012428,0.0096751
27.186,0.023325,0.021257,0.010742,0.0083626
28.48,0.020405,0.01855,0.0092806,0.0072251
29.836,0.017847,0.016183,0.0080062,0.0062331
31.257,0.01561,0.014118,0.0069069,0.0053773
32.745,0.013653,0.012316,0.0059586,0.0046391
34.305,0.011941,0.010745,0.0051405,0.0040022
35.938,0.010444,0.0093728,0.0044323,0.003451
37.649,0.0091327,0.0081736,0.0038164,0.0029717
39.442,0.0079861,0.0071279,0.0032861,0.002559
41.32,0.0069835,0.0062159,0.0028295,0.0022036
43.288,0.0061067,0.0054207,0.0024363,0.0018976
45.349,0.0053394,0.0047264,0.0020965,0.0016331
47.508,0.0046675,0.0041196,0.0018015,0.0014037
49.77,0.0040802,0.0035907,0.0015481,0.0012065
52.14,0.0035667,0.0031297,0.0013303,0.001037
54.623,0.0031179,0.0027279,0.0011432,0.00089136
57.224,0.0027251,0.0023771,0.0009816,0.0007656
59.948,0.0023812,0.0020705,0.00084174,0.00065678
62.803,0.0020807,0.0018034,0.00072182,0.00056343
65.793,0.0018181,0.0015708,0.00061898,0.00048335
68.926,0.0015887,0.0013682,0.0005308,0.00041466
72.208,0.0013881,0.0011914,0.00045477,0.00035541
75.646,0.0012126,0.001037,0.00038914,0.00030427
79.248,0.0010593,0.00090262,0.00033298,0.0002605
83.022,0.00092539,0.00078566,0.00028493,0.00022302
86.975,0.00080841,0.00068385,0.00024382,0.00019093
91.116,0.00070612,0.00059502,0.00020842,0.0001633
95.455,0.00061667,0.00051753,0.00017797,0.0001395
100.0,0.00053856,0.00045012,0.00015196,0.00011918
1.0,219.92,212.98,134.38,96.039
1.0476,194.43,188.57,119.24,85.237
1.0975,171.89,166.95,105.81,75.649
1.1498,151.92,147.7,93.793,67.087
1.2045,134.22,130.58,83.061,59.451
1.2619,118.59,115.44,73.558,52.684
1.3219,104.78,102.05,65.141,46.688
1.3849,92.572,90.222,57.687,41.373
1.4508,81.713,79.712,51.033,36.635
1.5199,72.078,70.395,45.112,32.421
1.5923,63.58,62.167,39.878,28.691
1.6681,56.083,54.9,35.251,25.39
1.7475,49.47,48.482,31.16,22.469
1.8307,43.682,42.816,27.514,19.867
1.9179,38.595,37.811,24.278,17.558
2.0092,34.101,33.392,21.423,15.517
2.1049,30.129,29.489,18.903,13.713
2.2051,26.621,26.042,16.68,12.119
2.3101,23.491,22.974,14.702,10.7
2.4201,20.718,20.257,12.951,9.4428
2.5354,18.271,17.861,11.408,8.3334
2.6561,16.114,15.749,10.049,7.3542
2.7826,14.211,13.886,8.8525,6.4901
2.9151,12.502,12.224,7.7888,5.7213
3.0539,10.989,10.755,6.8497,5.0415
3.1993,9.6584,9.4628,6.0238,4.4424
3.3516,8.4891,8.3255,5.2975,3.9144
3.5112,7.4612,7.3249,4.6588,3.4492
3.6784,6.5663,6.4435,4.0915,3.0353
3.8535,5.7809,5.6679,3.5918,2.6701
4.037,5.0893,4.9856,3.1532,2.3488
4.2292,4.4805,4.3854,2.7681,2.0661
4.4306,3.9445,3.8575,2.43,1.8174
4.6416,3.4695,3.3896,2.13,1.5963
4.8626,3.0511,2.9777,1.8664,1.4016
5.0941,2.6831,2.6159,1.6355,1.2306
5.3367,2.3595,2.298,1.4331,1.0805
5.5908,2.0749,2.0188,1.2557,0.94864
5.857,1.8231,1.7716,1.0986,0.83151
6.1359,1.6016,1.5544,0.96085,0.72866
6.4281,1.4071,1.3639,0.8404,0.63852
6.7342,1.2361,1.1967,0.73505,0.55952
7.0548,1.0859,1.05,0.6429,0.49029
7.3907,0.95323,0.92023,0.56134,0.42879
7.7426,0.83668,0.80646,0.49005,0.37494
8.1113,0.73438,0.70675,0.42781,0.32785
8.4975,0.64457,0.61936,0.37348,0.28667
8.9022,0.56575,0.54278,0.32605,0.25066
9.326,0.49616,0.47516,0.28409,0.21868
9.7701,0.43512,0.41595,0.24752,0.19076
10.235,0.38158,0.36411,0.21566,0.16641
10.723,0.33463,0.31873,0.1879,0.14516
11.233,0.29345,0.279,0.1637,0.12662
11.768,0.25714,0.24401,0.14235,0.11019
12.328,0.22532,0.2134,0.12379,0.095896
12.915,0.19744,0.18663,0.10764,0.083453
13.53,0.17301,0.16321,0.093605,0.072625
14.175,0.15159,0.14273,0.081385,0.063191
14.85,0.13274,0.12473,0.070636,0.054866
15.557,0.11623,0.109,0.061307,0.047638
16.298,0.10178,0.095248,0.053209,0.041362
17.074,0.089122,0.083234,0.046182,0.035913
17.886,0.078033,0.072729,0.040073,0.031173
18.738,0.068296,0.063517,0.034714,0.027009
19.63,0.059773,0.055471,0.030072,0.023401
20.565,0.052314,0.048444,0.026051,0.020274
21.544,0.045785,0.042307,0.022568,0.017566
22.57,0.040069,0.036944,0.019543,0.015214
23.645,0.035058,0.032248,0.016898,0.013155
24.771,0.030673,0.028149,0.014611,0.011375
25.95,0.026837,0.024571,0.012634,0.0098359
27.186,0.02348,0.021448,0.010924,0.008505
28.48,0.020542,0.01872,0.0094417,0.0073511
29.836,0.017969,0.016333,0.0081486,0.0063444
31.257,0.015718,0.014251,0.0070325,0.0054756
32.745,0.013749,0.012435,0.0060694,0.0047258
34.305,0.012027,0.010849,0.0052382,0.0040787
35.938,0.010519,0.0094653,0.0045184,0.0035184
37.649,0.0091995,0.0082553,0.0038921,0.0030309
39.442,0.0080452,0.0072,0.0033526,0.002611
41.32,0.0070357,0.0062796,0.0028879,0.0022493
43.288,0.0061529,0.0054768,0.0024877,0.0019378
45.349,0.0053802,0.0047759,0.0021415,0.0016683
47.508,0.0047035,0.0041632,0.0018409,0.0014345
49.77,0.0041119,0.0036291,0.0015825,0.0012335
52.14,0.0035947,0.0031635,0.0013604,0.0010606
54.623,0.0031426,0.0027576,0.0011695,0.00091198
57.224,0.0027469,0.0024032,0.0010046,0.0007836
59.948,0.0024004,0.0020934,0.00086176,0.00067246
62.803,0.0020976,0.0018235,0.00073925,0.00057709
65.793,0.001833,0.0015884,0.00063416,0.00049525
68.926,0.0016017,0.0013836,0.00054401,0.00042501
72.208,0.0013995,0.0012049,0.00046625,0.00036442
75.646,0.0012227,0.0010488,0.00039909,0.00031209
79.248,0.0010681,0.00091297,0.00034161,0.00026727
83.022,0.00093316,0.00079471,0.00029241,0.00022889
86.975,0.00081523,0.00069177,0.0002503,0.00019602
91.116,0.0007121,0.00060194,0.00021403,0.0001677
95.455,0.00062191,0.00052356,0.00018281,0.00014331
100.0,0.00054315,0.00045538,0.00015614,0.00012246
1.0,219.97,213.04,134.44,96.086
1.0476,194.47,188.62,119.3,85.28
1.0975,171.93,167.01,105.86,75.689
1.1498,151.95,147.75,93.842,67.124
1.2045,134.26,130.62,83.107,59.485
1.2619,118.62,115.48,73.599,52.715
1.3219,104.8,102.09,65.179,46.716
1.3849,92.596,90.255,57.723,41.399
1.4508,81.736,79.743,51.066,36.659
1.5199,72.1,70.424,45.142,32.443
1.5923,63.599,62.193,39.906,28.712
1.6681,56.101,54.924,35.277,25.409
1.7475,49.486,48.505,31.184,22.487
1.8307,43.697,42.837,27.537,19.884
1.9179,38.61,37.831,24.299,17.573
2.0092,34.114,33.41,21.442,15.531
2.1049,30.142,29.506,18.922,13.726
2.2051,26.632,26.058,16.697,12.131
2.3101,23.502,22.989,14.717,10.711
2.4201,20.728,20.271,12.965,9.4537
2.5354,18.281,17.874,11.422,8.3436
2.6561,16.123,15.761,10.062,7.3637
2.7826,14.219,13.897,8.8642,6.4989
2.9151,12.51,12.235,7.7997,5.7295
3.0539,10.996,10.765,6.8599,5.0492
3.1993,9.6654,9.472,6.0333,4.4496
3.3516,8.4956,8.3341,5.3063,3.9211
3.5112,7.4673,7.3328,4.6669,3.4554
3.6784,6.572,6.4509,4.099,3.0411
3.8535,5.7862,5.6748,3.5989,2.6754
4.037,5.0943,4.992,3.1597,2.3537
4.2292,4.4851,4.3913,2.7741,2.0707
4.4306,3.9487,3.8629,2.4356,1.8217
4.6416,3.4734,3.3946,2.1352,1.6002
4.8626,3.0547,2.9824,1.8712,1.4052
5.0941,2.6865,2.6202,1.6399,1.234
5.3367,2.3626,2.302,1.4371,1.0836
5.5908,2.0777,2.0224,1.2594,0.95151
5.857,1.8257,1.7749,1.102,0.83415
6.1359,1.604,1.5575,0.96399,0.73108
6.4281,1.4093,1.3667,0.84328,0.64074
6.7342,1.2382,1.1992,0.73768,0.56156
7.0548,1.0878,1.0523,0.64531,0.49215
7.3907,0.95494,0.92239,0.56353,0.43049
7.7426,0.83824,0.80844,0.49205,0.3765
8.1113,0.7358,0.70855,0.42964,0.32927
8.4975,0.64587,0.62101,0.37514,0.28796
8.9022,0.56693,0.54427,0.32755,0.25183
9.326,0.49724,0.47651,0.28546,0.21974
9.7701,0.4361,0.41718,0.24876,0.19173
10.235,0.38247,0.36523,0.21678,0.16728
10.723,0.33544,0.31975,0.18891,0.14595
11.233,0.29418,0.27992,0.16462,0.12733
11.768,0.2578,0.24483,0.14318,0.11084
12.328,0.22592,0.21414,0.12453,0.096478
12.915,0.19798,0.1873,0.10831,0.083977
13.53,0.17349,0.16382,0.094207,0.073096
14.175,0.15203,0.14328,0.081926,0.063614
14.85,0.13313,0.12522,0.071121,0.055246
15.557,0.11659,0.10944,0.061741,0.047978
16.298,0.1021,0.095644,0.053599,0.041667
17.074,0.089407,0.083589,0.04653,0.036185
17.886,0.078289,0.073048,0.040384,0.031417
18.738,0.068525,0.063801,0.034992,0.027226
19.63,0.059978,0.055725,0.030319,0.023594
20.565,0.052497,0.048671,0.026271,0.020447
21.544,0.045948,0.04251,0.022764,0.017719
22.57,0.040215,0.037125,0.019718,0.01535
23.645,0.035187,0.032409,0.017053,0.013276
24.771,0.030789,0.028292,0.014749,0.011482
25.95,0.026939,0.024698,0.012756,0.0099311
27.186,0.023571,0.021561,0.011032,0.0085893
28.48,0.020623,0.01882,0.0095371,0.0074257
29.836,0.018041,0.016423,0.0082328,0.0064103
31.257,0.015782,0.01433,0.0071069,0.0055337
32.745,0.013806,0.012504,0.006135,0.0047771
34.305,0.012077,0.010911,0.0052961,0.0041239
35.938,0.010564,0.00952,0.0045694,0.0035582
37.649,0.009239,0.0083036,0.0039369,0.003066
39.442,0.0080801,0.0072427,0.003392,0.0026418
41.32,0.0070666,0.0063173,0.0029225,0.0022764
43.288,0.0061802,0.0055101,0.002518,0.0019615
45.349,0.0054043,0.0048052,0.0021681,0.0016891
47.508,0.0047248,0.004189,0.0018642,0.0014527
49.77,0.0041307,0.0036518,0.0016029,0.0012494
52.14,0.0036113,0.0031834,0.0013783,0.0010746
54.623,0.0031572,0.0027752,0.0011851,0.00092417
57.224,0.0027597,0.0024186,0.0010182,0.00079425
59.948,0.0024117,0.0021069,0.00087361,0.00068174
62.803,0.0021075,0.0018354,0.00074957,0.00058517
65.793,0.0018417,0.0015988,0.00064315,0.00050229
68.926,0.0016095,0.0013928,0.00055184,0.00043115
72.208,0.0014063,0.0012129,0.00047304,0.00036975
75.646,0.0012286,0.0010558,0.00040499,0.00031671
79.248,0.0010734,0.00091909,0.00034672,0.00027128
83.022,0.00093775,0.00080007,0.00029684,0.00023237
86.975,0.00081926,0.00069645,0.00025414,0.00019904
91.116,0.00071564,0.00060603,0.00021735,0.00017031
95.455,0.00062501,0.00052713,0.00018567,0.00014556
100.0,0.00054586,0.0004585,0.00015861,0.0001244
1.0,219.98,213.06,134.46,96.101
1.0476,194.49,188.64,119.32,85.294
1.0975,171.94,167.02,105.88,75.702
1.1498,151.96,147.76,93.857,67.135
1.2045,134.27,130.63,83.121,59.496
1.2619,118.63,115.49,73.612,52.725
1.3219,104.81,102.1,65.191,46.725
1.3849,92.604,90.266,57.734,41.408
1.4508,81.743,79.753,51.076,36.667
1.5199,72.106,70.433,45.152,32.45
1.5923,63.605,62.201,39.915,28.718
1.6681,56.106,54.932,35.285,25.415
1.7475,49.492,48.512,31.192,22.492
1.8307,43.702,42.843,27.543,19.889
1.9179,38.614,37.837,24.306,17.578
2.0092,34.118,33.416,21.448,15.536
2.1049,30.146,29.511,18.927,13.73
2.2051,26.636,26.063,16.702,12.135
2.3101,23.506,22.993,14.722,10.715
2.4201,20.731,20.275,12.97,9.4571
2.5354,18.284,17.878,11.426,8.3467
2.6561,16.126,15.764,10.066,7.3667
2.7826,14.222,13.9,8.8678,6.5016
2.9151,12.513,12.238,7.8031,5.7321
3.0539,10.999,10.768,6.863,5.0516
3.1993,9.6676,9.4748,6.0362,4.4518
3.3516,8.4976,8.3367,5.309,3.9232
3.5112,7.4692,7.3353,4.6694,3.4573
3.6784,6.5737,6.4532,4.1014,3.0429
3.8535,5.7878,5.6769,3.6011,2.6771
4.037,5.0958,4.994,3.1617,2.3553
4.2292,4.4865,4.3932,2.776,2.0721
4.4306,3.95,3.8646,2.4373,1.823
4.6416,3.4746,3.3962,2.1368,1.6014
4.8626,3.0558,2.9838,1.8727,1.4064
5.0941,2.6875,2.6215,1.6412,1.235
5.3367,2.3636,2.3032,1.4384,1.0846
5.5908,2.0786,2.0235,1.2606,0.9524
5.857,1.8265,1.776,1.103,0.83497
6.1359,1.6048,1.5584,0.96497,0.73184
6.4281,1.41,1.3676,0.84418,0.64144
6.7342,1.2388,1.2001,0.7385,0.56219
7.0548,1.0884,1.053,0.64605,0.49273
7.3907,0.95547,0.92306,0.56422,0.43102
7.7426,0.83873,0.80905,0.49267,0.37698
8.1113,0.73624,0.70911,0.4302,0.32971
8.4975,0.64628,0.62152,0.37565,0.28836
8.9022,0.5673,0.54474,0.32802,0.2522
9.326,0.49757,0.47694,0.28588,0.22007
9.7701,0.4364,0.41756,0.24915,0.19203
10.235,0.38275,0.36558,0.21713,0.16755
10.723,0.33569,0.32006,0.18923,0.1462
11.233,0.29441,0.2802,0.1649,0.12756
11.768,0.25801,0.24509,0.14344,0.11104
12.328,0.22611,0.21438,0.12476,0.096658
12.915,0.19815,0.18751,0.10852,0.08414
13.53,0.17364,0.16401,0.094394,0.073242
14.175,0.15216,0.14345,0.082094,0.063745
14.85,0.13325,0.12537,0.071272,0.055364
15.557,0.1167,0.10957,0.061876,0.048084
16.298,0.1022,0.095767,0.053719,0.041761
17.074,0.089495,0.083699,0.046638,0.03627
17.886,0.078368,0.073146,0.04048,0.031492
18.738,0.068595,0.063889,0.035078,0.027293
19.63,0.060041,0.055804,0.030396,0.023654
20.565,0.052553,0.048741,0.02634,0.0205
21.544,0.045999,0.042573,0.022824,0.017767
22.57,0.04026,0.037181,0.019772,0.015392
23.645,0.035228,0.032459,0.017101,0.013314
24.771,0.030824,0.028337,0.014791,0.011516
25.95,0.026971,0.024738,0.012793,0.0099606
27.186,0.0236,0.021596,0.011065,0.0086154
28.48,0.020649,0.018851,0.0095666,0.0074488
29.836,0.018064,0.01645,0.0082589,0.0064307
31.257,0.015802,0.014355,0.00713,0.0055518
32.745,0.013824,0.012526,0.0061554,0.004793
34.305,0.012093,0.010931,0.005314,0.0041379
35.938,0.010578,0.009537,0.0045852,0.0035706
37.649,0.0092513,0.0083187,0.0039508,0.0030768
39.442,0.008091,0.0072559,0.0034042,0.0026514
41.32,0.0070762,0.006329,0.0029332,0.0022848
43.288,0.0061887,0.0055204,0.0025274,0.0019689
45.349,0.0054118,0.0048143,0.0021763,0.0016956
47.508,0.0047314,0.004197,0.0018714,0.0014584
49.77,0.0041365,0.0036588,0.0016092,0.0012544
52.14,0.0036164,0.0031896,0.0013838,0.0010789
54.623,0.0031617,0.0027806,0.0011899,0.00092796
57.224,0.0027637,0.0024234,0.0010224,0.00079755
59.948,0.0024152,0.0021111,0.00087729,0.00068462
62.803,0.0021106,0.0018391,0.00075278,0.00058768
65.793,0.0018445,0.0016021,0.00064594,0.00050447
68.926,0.0016119,0.0013956,0.00055426,0.00043305
72.208,0.0014084,0.0012154,0.00047515,0.0003714
75.646,0.0012305,0.001058,0.00040682,0.00031814
79.248,0.001075,0.00092099,0.00034831,0.00027252
83.022,0.00093918,0.00080173,0.00029822,0.00023345
86.975,0.00082052,0.00069791,0.00025533,0.00019997
91.116,0.00071674,0.0006073,0.00021838,0.00017112
95.455,0.00062597,0.00052824,0.00018656,0.00014626
100.0,0.00054671,0.00045946,0.00015938,0.00012501
1.0,219.97,213.04,134.44,96.083
1.0476,194.47,188.62,119.3,85.277
1.0975,171.93,167.0,105.86,75.687
1.1498,151.95,147.75,93.839,67.122
1.2045,134.25,130.62,83.104,59.483
1.2619,118.62,115.48,73.597,52.714
1.3219,104.8,102.09,65.177,46.714
1.3849,92.595,90.253,57.72,41.398
1.4508,81.734,79.741,51.064,36.658
1.5199,72.098,70.422,45.14,32.442
1.5923,63.598,62.192,39.904,28.71
1.6681,56.1,54.923,35.275,25.408
1.7475,49.485,48.504,31.183,22.486
1.8307,43.696,42.835,27.535,19.883
1.9179,38.609,37.83,24.298,17.572
2.0092,34.113,33.409,21.441,15.53
2.1049,30.141,29.505,18.92,13.725
2.2051,26.632,26.057,16.696,12.13
2.3101,23.502,22.988,14.716,10.711
2.4201,20.727,20.27,12.964,9.453
2.5354,18.28,17.873,11.421,8.3429
2.6561,16.122,15.76,10.061,7.3631
2.7826,14.219,13.896,8.8634,6.4983
2.9151,12.51,12.234,7.799,5.729
3.0539,10.996,10.765,6.8592,5.0487
3.1993,9.6649,9.4714,6.0327,4.4491
3.3516,8.4952,8.3335,5.3057,3.9207
3.5112,7.4669,7.3323,4.6664,3.455
3.6784,6.5716,6.4504,4.0986,3.0407
3.8535,5.7858,5.6743,3.5984,2.6751
4.037,5.0939,4.9916,3.1593,2.3534
4.2292,4.4848,4.3909,2.7737,2.0704
4.4306,3.9484,3.8626,2.4352,1.8214
4.6416,3.4731,3.3943,2.1348,1.6
4.8626,3.0545,2.9821,1.8709,1.405
5.0941,2.6862,2.6199,1.6396,1.2338
5.3367,2.3624,2.3017,1.4368,1.0834
5.5908,2.0776,2.0222,1.2592,0.95132
5.857,1.8255,1.7747,1.1018,0.83398
6.1359,1.6039,1.5573,0.96378,0.73092
6.4281,1.4091,1.3665,0.84309,0.6406
6.7342,1.238,1.1991,0.73751,0.56142
7.0548,1.0877,1.0522,0.64515,0.49203
7.3907,0.95482,0.92225,0.56339,0.43038
7.7426,0.83814,0.8083,0.49192,0.37639
8.1113,0.73571,0.70843,0.42952,0.32917
8.4975,0.64579,0.6209,0.37503,0.28787
8.9022,0.56685,0.54417,0.32745,0.25175
9.326,0.49717,0.47642,0.28537,0.21967
9.7701,0.43603,0.4171,0.24868,0.19166
10.235,0.38241,0.36515,0.21671,0.16722
10.723,0.33538,0.31968,0.18885,0.1459
11.233,0.29413,0.27986,0.16456,0.12729
11.768,0.25776,0.24478,0.14312,0.11079
12.328,0.22588,0.21409,0.12448,0.096438
12.915,0.19794,0.18725,0.10827,0.083942
13.53,0.17346,0.16378,0.094167,0.073064
14.175,0.152,0.14324,0.08189,0.063585
14.85,0.13311,0.12519,0.071089,0.05522
15.557,0.11656,0.10941,0.061712,0.047955
16.298,0.10208,0.095617,0.053572,0.041646
17.074,0.089387,0.083565,0.046506,0.036167
17.886,0.078272,0.073026,0.040363,0.0314
18.738,0.068509,0.063782,0.034973,0.027211
19.63,0.059964,0.055708,0.030303,0.023581
20.565,0.052484,0.048656,0.026256,0.020435
21.544,0.045937,0.042496,0.02275,0.017709
22.57,0.040205,0.037113,0.019706,0.015341
23.645,0.035179,0.032398,0.017043,0.013268
24.771,0.030781,0.028283,0.014739,0.011475
25.95,0.026933,0.02469,0.012747,0.0099246
27.186,0.023565,0.021553,0.011025,0.0085836
28.48,0.020618,0.018814,0.0095306,0.0074206
29.836,0.018036,0.016416,0.0082271,0.0064058
31.257,0.015778,0.014325,0.0071019,0.0055298
32.745,0.013802,0.0125,0.0061306,0.0047736
34.305,0.012074,0.010907,0.0052921,0.0041208
35.938,0.010561,0.0095163,0.0045659,0.0035555
37.649,0.0092363,0.0083004,0.0039339,0.0030636
39.442,0.0080778,0.0072398,0.0033893,0.0026397
41.32,0.0070645,0.0063147,0.0029202,0.0022746
43.288,0.0061783,0.0055078,0.002516,0.0019599
45.349,0.0054027,0.0048032,0.0021663,0.0016877
47.508,0.0047234,0.0041872,0.0018626,0.0014515
49.77,0.0041294,0.0036502,0.0016015,0.0012483
52.14,0.0036102,0.0031821,0.001377,0.0010736
54.623,0.0031562,0.002774,0.001184,0.00092335
57.224,0.0027589,0.0024176,0.0010173,0.00079353
59.948,0.0024109,0.002106,0.00087281,0.00068111
62.803,0.0021069,0.0018346,0.00074887,0.00058463
65.793,0.0018411,0.0015981,0.00064254,0.00050181
68.926,0.0016089,0.0013922,0.0005513,0.00043073
72.208,0.0014059,0.0012124,0.00047258,0.00036939
75.646,0.0012282,0.0010554,0.00040459,0.00031639
79.248,0.001073,0.00091868,0.00034638,0.00027101
83.022,0.00093745,0.00079971,0.00029654,0.00023213
86.975,0.00081899,0.00069614,0.00025388,0.00019883
91.116,0.0007154,0.00060576,0.00021713,0.00017013
95.455,0.0006248,0.00052689,0.00018548,0.00014541
100.0,0.00054568,0.00045829,0.00015845,0.00012427
1.0,219.92,212.97,134.37,96.033
1.0476,194.43,188.56,119.24,85.232
1.0975,171.89,166.95,105.8,75.645
1.1498,151.92,147.7,93.787,67.083
1.2045,134.22,130.57,83.056,59.447
1.2619,118.59,115.43,73.553,52.681
1.3219,104.77,102.05,65.136,46.684
1.3849,92.569,90.218,57.683,41.37
1.4508,81.71,79.709,51.03,36.632
1.5199,72.076,70.392,45.108,32.418
1.5923,63.577,62.163,39.874,28.688
1.6681,56.081,54.897,35.248,25.388
1.7475,49.468,48.48,31.158,22.467
1.8307,43.68,42.813,27.512,19.865
1.9179,38.593,37.809,24.276,17.556
2.0092,34.099,33.39,21.421,15.515
2.1049,30.128,29.487,18.901,13.711
2.2051,26.619,26.04,16.678,12.117
2.3101,23.49,22.972,14.7,10.698
2.4201,20.716,20.255,12.949,9.4414
2.5354,18.27,17.859,11.407,8.3321
2.6561,16.113,15.747,10.048,7.3531
2.7826,14.21,13.885,8.8511,6.489
2.9151,12.501,12.223,7.7874,5.7203
3.0539,10.988,10.754,6.8484,5.0405
3.1993,9.6575,9.4617,6.0227,4.4415
3.3516,8.4883,8.3245,5.2964,3.9136
3.5112,7.4605,7.324,4.6578,3.4484
3.6784,6.5656,6.4426,4.0905,3.0346
3.8535,5.7802,5.6671,3.5909,2.6694
4.037,5.0887,4.9848,3.1524,2.3481
4.2292,4.4799,4.3847,2.7673,2.0655
4.4306,3.9439,3.8568,2.4293,1.8169
4.6416,3.469,3.3889,2.1294,1.5958
4.8626,3.0506,2.9771,1.8658,1.4011
5.0941,2.6827,2.6154,1.6349,1.2302
5.3367,2.3591,2.2975,1.4325,1.0801
5.5908,2.0745,2.0183,1.2552,0.94828
5.857,1.8228,1.7712,1.0981,0.83117
6.1359,1.6013,1.554,0.96045,0.72835
6.4281,1.4068,1.3635,0.84003,0.63823
6.7342,1.2359,1.1963,0.73471,0.55926
7.0548,1.0857,1.0496,0.64259,0.49005
7.3907,0.95301,0.91995,0.56105,0.42857
7.7426,0.83648,0.80621,0.48979,0.37474
8.1113,0.73419,0.70652,0.42758,0.32767
8.4975,0.64441,0.61915,0.37326,0.2865
8.9022,0.56559,0.54259,0.32585,0.25051
9.326,0.49602,0.47498,0.28391,0.21854
9.7701,0.43499,0.41579,0.24736,0.19063
10.235,0.38147,0.36397,0.21551,0.16629
10.723,0.33453,0.3186,0.18777,0.14506
11.233,0.29335,0.27889,0.16358,0.12653
11.768,0.25706,0.2439,0.14225,0.11011
12.328,0.22525,0.2133,0.12369,0.095819
12.915,0.19737,0.18654,0.10756,0.083385
13.53,0.17294,0.16313,0.093526,0.072563
14.175,0.15153,0.14266,0.081314,0.063135
14.85,0.13269,0.12466,0.070572,0.054816
15.557,0.11619,0.10894,0.061249,0.047593
16.298,0.10174,0.095196,0.053158,0.041322
17.074,0.089084,0.083187,0.046136,0.035877
17.886,0.078,0.072688,0.040032,0.031141
18.738,0.068266,0.063479,0.034677,0.02698
19.63,0.059746,0.055437,0.030039,0.023375
20.565,0.05229,0.048414,0.026022,0.020251
21.544,0.045764,0.04228,0.022542,0.017545
22.57,0.04005,0.036921,0.01952,0.015196
23.645,0.03504,0.032227,0.016878,0.013139
24.771,0.030658,0.02813,0.014593,0.011361
25.95,0.026823,0.024554,0.012618,0.0098232
27.186,0.023468,0.021433,0.01091,0.0084938
28.48,0.020531,0.018707,0.009429,0.0073412
29.836,0.017959,0.016322,0.0081373,0.0063356
31.257,0.01571,0.014241,0.0070226,0.0054678
32.745,0.013742,0.012425,0.0060607,0.0047189
34.305,0.01202,0.010841,0.0052305,0.0040726
35.938,0.010513,0.009458,0.0045116,0.003513
37.649,0.0091943,0.0082489,0.0038861,0.0030263
39.442,0.0080406,0.0071943,0.0033474,0.0026069
41.32,0.0070316,0.0062746,0.0028833,0.0022457
43.288,0.0061492,0.0054724,0.0024836,0.0019346
45.349,0.005377,0.004772,0.0021379,0.0016655
47.508,0.0047007,0.0041598,0.0018378,0.0014321
49.77,0.0041094,0.0036261,0.0015798,0.0012313
52.14,0.0035925,0.0031608,0.001358,0.0010587
54.623,0.0031407,0.0027553,0.0011674,0.00091034
57.224,0.0027452,0.0024011,0.0010028,0.00078217
59.948,0.0023989,0.0020916,0.00086018,0.00067122
62.803,0.0020963,0.0018219,0.00073787,0.00057601
65.793,0.0018318,0.001587,0.00063296,0.0004943
68.926,0.0016007,0.0013824,0.00054297,0.00042419
72.208,0.0013986,0.0012038,0.00046534,0.0003637
75.646,0.0012219,0.0010479,0.0003983,0.00031147
79.248,0.0010675,0.00091216,0.00034093,0.00026673
83.022,0.00093255,0.000794,0.00029182,0.00022842
86.975,0.0008147,0.00069115,0.00024979,0.00019562
91.116,0.00071163,0.0006014,0.00021359,0.00016735
95.455,0.00062151,0.00052309,0.00018243,0.000143
100.0,0.00054279,0.00045497,0.00015581,0.0001222
1.0,219.84,212.87,134.26,95.95
1.0476,194.36,188.47,119.13,85.156
1.0975,171.83,166.86,105.71,75.576
1.1498,151.86,147.62,93.702,67.02
1.2045,134.17,130.5,82.978,59.389
1.2619,118.54,115.37,73.48,52.627
1.3219,104.73,101.99,65.07,46.635
1.3849,92.526,90.16,57.622,41.325
1.4508,81.671,79.655,50.973,36.59
1.5199,72.039,70.342,45.056,32.379
1.5923,63.543,62.117,39.826,28.652
1.6681,56.049,54.854,35.202,25.354
1.7475,49.439,48.44,31.116,22.436
1.8307,43.653,42.776,27.473,19.836
1.9179,38.568,37.775,24.24,17.529
2.0092,34.075,33.358,21.387,15.49
2.1049,30.106,29.457,18.87,13.688
2.2051,26.599,26.013,16.649,12.095
2.3101,23.471,22.946,14.673,10.678
2.4201,20.698,20.231,12.924,9.4224
2.5354,18.253,17.837,11.383,8.3144
2.6561,16.097,15.726,10.026,7.3366
2.7826,14.195,13.865,8.8308,6.4737
2.9151,12.487,12.205,7.7684,5.706
3.0539,10.975,10.737,6.8307,5.0271
3.1993,9.6454,9.4458,6.0061,4.429
3.3516,8.4769,8.3097,5.2811,3.902
3.5112,7.4499,7.3102,4.6436,3.4377
3.6784,6.5557,6.4298,4.0773,3.0245
3.8535,5.771,5.6551,3.5786,2.66
4.037,5.0802,4.9737,3.1409,2.3394
4.2292,4.472,4.3744,2.7568,2.0574
4.4306,3.9366,3.8473,2.4196,1.8094
4.6416,3.4622,3.3801,2.1203,1.5888
4.8626,3.0443,2.969,1.8575,1.3947
5.0941,2.6768,2.6078,1.6272,1.2243
5.3367,2.3537,2.2906,1.4255,1.0746
5.5908,2.0696,2.012,1.2487,0.94328
5.857,1.8182,1.7653,1.0921,0.82656
6.1359,1.5971,1.5486,0.95495,0.7241
6.4281,1.4029,1.3586,0.835,0.63434
6.7342,1.2323,1.1918,0.73011,0.5557
7.0548,1.0824,1.0455,0.63839,0.4868
7.3907,0.95003,0.91617,0.55721,0.42559
7.7426,0.83375,0.80275,0.48629,0.37202
8.1113,0.7317,0.70337,0.42439,0.32519
8.4975,0.64213,0.61629,0.37036,0.28425
8.9022,0.56352,0.53998,0.32322,0.24846
9.326,0.49414,0.47261,0.28152,0.21667
9.7701,0.43328,0.41363,0.24519,0.18894
10.235,0.37991,0.36201,0.21355,0.16476
10.723,0.33312,0.31683,0.18599,0.14367
11.233,0.29208,0.27728,0.16198,0.12527
11.768,0.2559,0.24245,0.1408,0.10898
12.328,0.2242,0.21199,0.12239,0.094801
12.915,0.19643,0.18536,0.10638,0.082467
13.53,0.17209,0.16207,0.092472,0.071738
14.175,0.15076,0.1417,0.080368,0.062394
14.85,0.132,0.1238,0.069723,0.054151
15.557,0.11557,0.10817,0.060488,0.046997
16.298,0.10118,0.094503,0.052476,0.040789
17.074,0.088585,0.082566,0.045526,0.0354
17.886,0.077552,0.072131,0.039487,0.030715
18.738,0.067865,0.062981,0.034191,0.0266
19.63,0.059388,0.054992,0.029606,0.023036
20.565,0.05197,0.048016,0.025636,0.019949
21.544,0.045478,0.041926,0.022198,0.017277
22.57,0.039794,0.036604,0.019215,0.014957
23.645,0.034813,0.031946,0.016607,0.012927
24.771,0.030455,0.02788,0.014353,0.011173
25.95,0.026643,0.024332,0.012405,0.0096565
27.186,0.023307,0.021235,0.010721,0.0083461
28.48,0.020389,0.018531,0.0092619,0.0072105
29.836,0.017833,0.016166,0.0079897,0.0062202
31.257,0.015597,0.014103,0.0068923,0.0053659
32.745,0.013642,0.012303,0.0059457,0.004629
34.305,0.011932,0.010733,0.0051291,0.0039933
35.938,0.010435,0.0093621,0.0044223,0.0034432
37.649,0.0091251,0.0081642,0.0038076,0.0029648
39.442,0.0079793,0.0071196,0.0032783,0.002553
41.32,0.0069775,0.0062086,0.0028227,0.0021983
43.288,0.0061014,0.0054142,0.0024304,0.001893
45.349,0.0053347,0.0047206,0.0020912,0.001629
47.508,0.0046634,0.0041146,0.0017969,0.0014001
49.77,0.0040765,0.0035863,0.0015441,0.0012034
52.14,0.0035635,0.0031258,0.0013268,0.0010343
54.623,0.0031151,0.0027245,0.0011401,0.00088895
57.224,0.0027226,0.0023741,0.00097891,0.00076349
59.948,0.002379,0.0020679,0.00083939,0.00065494
62.803,0.0020788,0.0018011,0.00071977,0.00056183
65.793,0.0018164,0.0015688,0.0006172,0.00048196
68.926,0.0015872,0.0013664,0.00052925,0.00041344
72.208,0.0013867,0.0011898,0.00045342,0.00035436
75.646,0.0012114,0.0010356,0.00038797,0.00030336
79.248,0.0010583,0.00090143,0.00033197,0.0002597
83.022,0.00092451,0.00078462,0.00028405,0.00022233
86.975,0.00080764,0.00068294,0.00024306,0.00019033
91.116,0.00070544,0.00059423,0.00020777,0.00016278
95.455,0.00061608,0.00051683,0.0001774,0.00013905
100.0,0.00053804,0.00044952,0.00015147,0.00011879
1.0,219.73,212.72,134.11,95.835
1.0476,194.26,188.33,118.99,85.051
1.0975,171.74,166.74,105.58,75.48
1.1498,151.77,147.5,93.584,66.931
1.2045,134.09,130.39,82.868,59.307
1.2619,118.47,115.27,73.38,52.552
1.3219,104.66,101.9,64.977,46.566
1.3849,92.467,90.079,57.537,41.261
1.4508,81.616,79.58,50.894,36.531
1.5199,71.988,70.272,44.983,32.324
1.5923,63.496,62.053,39.758,28.601
1.6681,56.005,54.795,35.14,25.307
1.7475,49.398,48.385,31.058,22.393
1.8307,43.615,42.725,27.419,19.796
1.9179,38.533,37.727,24.189,17.491
2.0092,34.042,33.313,21.34,15.455
2.1049,30.075,29.416,18.826,13.655
2.2051,26.57,25.974,16.609,12.065
2.3101,23.444,22.911,14.635,10.65
2.4201,20.673,20.198,12.888,9.396
2.5354,18.23,17.806,11.35,8.2897
2.6561,16.075,15.697,9.9955,7.3136
2.7826,14.175,13.838,8.8025,6.4524
2.9151,12.468,12.18,7.742,5.686
3.0539,10.957,10.713,6.806,5.0084
3.1993,9.6284,9.4236,5.9831,4.4116
3.3516,8.461,8.289,5.2597,3.8858
3.5112,7.4351,7.291,4.6238,3.4226
3.6784,6.5419,6.4119,4.0589,3.0106
3.8535,5.7581,5.6385,3.5615,2.647
4.037,5.0682,4.9583,3.1251,2.3273
4.2292,4.4609,4.3602,2.7421,2.0462
4.4306,3.9264,3.8341,2.406,1.7991
4.6416,3.4527,3.3679,2.1078,1.5792
4.8626,3.0355,2.9577,1.8459,1.3858
5.0941,2.6687,2.5974,1.6165,1.216
5.3367,2.3462,2.281,1.4156,1.067
5.5908,2.0627,2.0031,1.2397,0.93631
5.857,1.8118,1.7572,1.0838,0.82014
6.1359,1.5912,1.5412,0.94731,0.7182
6.4281,1.3975,1.3517,0.82799,0.62892
6.7342,1.2274,1.1855,0.7237,0.55074
7.0548,1.0779,1.0398,0.63255,0.48226
7.3907,0.94588,0.91091,0.55187,0.42145
7.7426,0.82995,0.79795,0.48141,0.36823
8.1113,0.72823,0.69898,0.41994,0.32173
8.4975,0.63897,0.61229,0.36633,0.2811
8.9022,0.56064,0.53635,0.31955,0.2456
9.326,0.49152,0.46931,0.27819,0.21408
9.7701,0.4309,0.41063,0.24217,0.18659
10.235,0.37775,0.35929,0.21082,0.16263
10.723,0.33116,0.31437,0.18352,0.14174
11.233,0.2903,0.27506,0.15975,0.12353
11.768,0.25429,0.24044,0.13879,0.1074
12.328,0.22275,0.21017,0.12057,0.093383
12.915,0.19512,0.18372,0.10475,0.081191
13.53,0.17091,0.16059,0.091004,0.07059
14.175,0.1497,0.14037,0.07905,0.061363
14.85,0.13104,0.12261,0.06854,0.053226
15.557,0.11471,0.10709,0.059428,0.046168
16.298,0.10041,0.093538,0.051528,0.040046
17.074,0.087891,0.0817,0.044678,0.034736
17.886,0.076929,0.071355,0.038729,0.030121
18.738,0.067308,0.062288,0.033515,0.02607
19.63,0.05889,0.054373,0.029003,0.022564
20.565,0.051524,0.047463,0.025099,0.019529
21.544,0.04508,0.041432,0.02172,0.016903
22.57,0.039439,0.036163,0.01879,0.014624
23.645,0.034497,0.031553,0.016229,0.012632
24.771,0.030174,0.027531,0.014018,0.010911
25.95,0.026392,0.024021,0.012108,0.0094244
27.186,0.023084,0.020959,0.010458,0.0081405
28.48,0.02019,0.018286,0.0090293,0.0070285
29.836,0.017657,0.015949,0.0077842,0.0060594
31.257,0.015441,0.01391,0.0067109,0.005224
32.745,0.013503,0.012132,0.0057856,0.0045038
34.305,0.011809,0.010582,0.0049879,0.0038829
35.938,0.010326,0.0092285,0.0042979,0.0033459
37.649,0.0090287,0.0080462,0.0036982,0.0028793
39.442,0.0078941,0.0070154,0.0031822,0.0024778
41.32,0.0069021,0.0061167,0.0027382,0.0021323
43.288,0.0060348,0.0053331,0.0023562,0.001835
45.349,0.0052759,0.0046491,0.0020262,0.0015782
47.508,0.0046115,0.0040516,0.00174,0.0013556
49.77,0.0040307,0.0035309,0.0014943,0.0011644
52.14,0.0035231,0.0030771,0.0012833,0.0010002
54.623,0.0030794,0.0026817,0.001102,0.00085917
57.224,0.0026912,0.0023364,0.00094569,0.00073749
59.948,0.0023514,0.0020348,0.00081046,0.00063228
62.803,0.0020545,0.0017721,0.00069457,0.00054209
65.793,0.001795,0.0015434,0.00059526,0.00046476
68.926,0.0015684,0.0013441,0.00051016,0.00039847
72.208,0.0013702,0.0011703,0.00043683,0.00034135
75.646,0.0011969,0.0010186,0.00037358,0.00029207
79.248,0.0010455,0.00088649,0.00031949,0.00024991
83.022,0.0009133,0.00077155,0.00027324,0.00021384
86.975,0.0007978,0.00067152,0.00023369,0.00018297
91.116,0.00069681,0.00058425,0.00019966,0.00015641
95.455,0.00060852,0.00050813,0.0001704,0.00013355
100.0,0.00053141,0.00044192,0.00014543,0.00011404
1.0,219.59,212.53,133.91,95.687
1.0476,194.13,188.16,118.81,84.916
1.0975,171.62,166.58,105.42,75.356
1.1498,151.67,147.36,93.432,66.818
1.2045,133.99,130.26,82.728,59.203
1.2619,118.38,115.15,73.25,52.456
1.3219,104.58,101.79,64.858,46.477
1.3849,92.391,89.975,57.428,41.18
1.4508,81.545,79.484,50.793,36.456
1.5199,71.923,70.183,44.889,32.254
1.5923,63.435,61.97,39.671,28.537
1.6681,55.949,54.718,35.059,25.247
1.7475,49.346,48.315,30.984,22.337
1.8307,43.567,42.66,27.35,19.744
1.9179,38.487,37.666,24.125,17.443
2.0092,34.0,33.256,21.28,15.41
2.1049,30.036,29.363,18.771,13.614
2.2051,26.534,25.925,16.557,12.027
2.3101,23.41,22.865,14.587,10.614
2.4201,20.641,20.155,12.843,9.3621
2.5354,18.199,17.766,11.308,8.258
2.6561,16.047,15.66,9.9563,7.2841
2.7826,14.148,13.803,8.7662,6.425
2.9151,12.443,12.147,7.7081,5.6604
3.0539,10.933,10.683,6.7743,4.9845
3.1993,9.6066,9.3951,5.9536,4.3893
3.3516,8.4407,8.2625,5.2324,3.865
3.5112,7.4162,7.2665,4.5985,3.4034
3.6784,6.5243,6.389,4.0353,2.9926
3.8535,5.7417,5.6172,3.5396,2.6303
4.037,5.0529,4.9385,3.1047,2.3118
4.2292,4.4467,4.3418,2.7233,2.0318
4.4306,3.9132,3.8172,2.3887,1.7858
4.6416,3.4405,3.3522,2.0917,1.5669
4.8626,3.0242,2.9432,1.831,1.3744
5.0941,2.6582,2.584,1.6028,1.2055
5.3367,2.3366,2.2687,1.403,1.0573
5.5908,2.0538,1.9918,1.2281,0.92738
5.857,1.8036,1.7467,1.0732,0.81192
6.1359,1.5837,1.5316,0.93751,0.71063
6.4281,1.3906,1.3429,0.81901,0.62198
6.7342,1.221,1.1775,0.71549,0.54438
7.0548,1.0721,1.0324,0.62505,0.47646
7.3907,0.94056,0.90417,0.54502,0.41613
7.7426,0.82509,0.79178,0.47515,0.36338
8.1113,0.72379,0.69337,0.41425,0.31731
8.4975,0.63492,0.60718,0.36115,0.27708
8.9022,0.55695,0.5317,0.31486,0.24195
9.326,0.48815,0.46508,0.27393,0.21076
9.7701,0.42784,0.40679,0.23831,0.18357
10.235,0.37498,0.35581,0.20732,0.1599
10.723,0.32864,0.31121,0.18036,0.13927
11.233,0.28802,0.2722,0.1569,0.1213
11.768,0.25223,0.23785,0.13621,0.10539
12.328,0.22089,0.20784,0.11825,0.091565
12.915,0.19343,0.18161,0.10266,0.079554
13.53,0.16939,0.1587,0.089123,0.069119
14.175,0.14833,0.13866,0.077361,0.060041
14.85,0.12981,0.12107,0.067025,0.05204
15.557,0.1136,0.10571,0.05807,0.045105
16.298,0.099415,0.092301,0.050311,0.039094
17.074,0.087,0.080591,0.04359,0.033884
17.886,0.076131,0.070362,0.037757,0.029361
18.738,0.066594,0.061399,0.032648,0.025391
19.63,0.058251,0.053579,0.02823,0.021959
20.565,0.050953,0.046754,0.02441,0.01899
21.544,0.04457,0.040798,0.021107,0.016423
22.57,0.038984,0.035599,0.018245,0.014198
23.645,0.034091,0.031051,0.015746,0.012253
24.771,0.029812,0.027084,0.013589,0.010575
25.95,0.02607,0.023624,0.011727,0.0091268
27.186,0.022798,0.020605,0.010121,0.007877
28.48,0.019936,0.017972,0.0087312,0.0067953
29.836,0.017431,0.01567,0.0075208,0.0058534
31.257,0.015241,0.013664,0.0064783,0.0050422
32.745,0.013326,0.011914,0.0055804,0.0043433
34.305,0.011651,0.010388,0.0048069,0.0037414
35.938,0.010187,0.0090573,0.0041385,0.0032213
37.649,0.0089052,0.0078951,0.0035581,0.0027697
39.442,0.0077849,0.006882,0.0030591,0.0023815
41.32,0.0068055,0.0059989,0.0026301,0.0020477
43.288,0.0059494,0.0052291,0.0022612,0.0017607
45.349,0.0052004,0.0045575,0.0019429,0.001513
47.508,0.0045449,0.003971,0.0016671,0.0012986
49.77,0.003972,0.00346,0.0014305,0.0011145
52.14,0.0034714,0.0030147,0.0012275,0.00095656
54.623,0.0030338,0.0026268,0.0010533,0.000821
57.224,0.002651,0.0022882,0.00090312,0.00070416
59.948,0.002316,0.0019925,0.00077338,0.00060324
62.803,0.0020233,0.001735,0.00066228,0.00051679
65.793,0.0017676,0.0015108,0.00056715,0.00044273
68.926,0.0015442,0.0013156,0.00048568,0.00037929
72.208,0.001349,0.0011453,0.00041556,0.00032467
75.646,0.0011783,0.00099666,0.00035514,0.0002776
79.248,0.0010292,0.00086735,0.00030351,0.00023736
83.022,0.00089895,0.00075481,0.00025938,0.00020296
86.975,0.00078519,0.00065687,0.00022167,0.00017354
91.116,0.00068575,0.00057146,0.00018927,0.00014825
95.455,0.00059883,0.00049697,0.00016143,0.00012651
100.0,0.00052293,0.00043219,0.00013769,0.00010795
1.0,219.43,212.31,133.67,95.511
1.0476,193.98,187.95,118.6,84.754
1.0975,171.48,166.39,105.22,75.209
1.1498,151.54,147.19,93.251,66.682
1.2045,133.87,130.1,82.56,59.078
1.2619,118.27,115.0,73.096,52.34
1.3219,104.48,101.65,64.716,46.371
1.3849,92.299,89.851,57.297,41.082
1.4508,81.461,79.369,50.672,36.366
1.5199,71.844,70.076,44.776,32.17
1.5923,63.362,61.871,39.566,28.459
1.6681,55.882,54.627,34.962,25.175
1.7475,49.284,48.23,30.894,22.271
1.8307,43.509,42.581,27.266,19.682
1.9179,38.433,37.592,24.047,17.385
2.0092,33.949,33.188,21.208,15.356
2.1049,29.989,29.3,18.704,13.563
2.2051,26.49,25.867,16.495,11.98
2.3101,23.369,22.81,14.529,10.57
2.4201,20.603,20.103,12.789,9.3216
2.5354,18.163,17.718,11.258,8.2203
2.6561,16.013,15.615,9.9097,7.249
2.7826,14.117,13.762,8.723,6.3925
2.9151,12.414,12.108,7.6678,5.6301
3.0539,10.906,10.647,6.7368,4.9561
3.1993,9.5809,9.3614,5.9187,4.3628
3.3516,8.4167,8.2312,5.2,3.8405
3.5112,7.3939,7.2374,4.5686,3.3807
3.6784,6.5035,6.362,4.0075,2.9715
3.8535,5.7223,5.5921,3.5137,2.6106
4.037,5.0349,4.9153,3.0808,2.2936
4.2292,4.4301,4.3203,2.7012,2.015
4.4306,3.8979,3.7974,2.3684,1.7702
4.6416,3.4262,3.3339,2.0729,1.5525
4.8626,3.011,2.9262,1.8136,1.3611
5.0941,2.6461,2.5684,1.5868,1.1932
5.3367,2.3254,2.2543,1.3883,1.0461
5.5908,2.0435,1.9786,1.2147,0.91704
5.857,1.7942,1.7346,1.0608,0.80241
6.1359,1.575,1.5205,0.92619,0.70191
6.4281,1.3826,1.3327,0.80866,0.61399
6.7342,1.2137,1.1682,0.70604,0.53707
7.0548,1.0654,1.0239,0.61645,0.46979
7.3907,0.93445,0.89643,0.53716,0.41004
7.7426,0.81951,0.78472,0.468,0.35783
8.1113,0.7187,0.68694,0.40775,0.31226
8.4975,0.63029,0.60133,0.35525,0.27249
8.9022,0.55274,0.52639,0.30951,0.23779
9.326,0.48433,0.46026,0.26908,0.20698
9.7701,0.42437,0.40242,0.23392,0.18016
10.235,0.37183,0.35185,0.20335,0.15681
10.723,0.32579,0.30764,0.17678,0.13648
11.233,0.28545,0.26897,0.15368,0.11878
11.768,0.2499,0.23494,0.13331,0.10312
12.328,0.21879,0.20521,0.11564,0.089524
12.915,0.19154,0.17925,0.10031,0.07772
13.53,0.16769,0.15657,0.087016,0.067472
14.175,0.1468,0.13675,0.075472,0.058564
14.85,0.12843,0.11935,0.065333,0.050716
15.557,0.11237,0.10417,0.056556,0.043921
16.298,0.098307,0.090921,0.048958,0.038036
17.074,0.086007,0.079355,0.042382,0.032939
17.886,0.075242,0.069256,0.036679,0.028517
18.738,0.065799,0.060412,0.031688,0.02464
19.63,0.057542,0.052697,0.027375,0.02129
20.565,0.05032,0.045968,0.02365,0.018396
21.544,0.044005,0.040098,0.020432,0.015895
22.57,0.03848,0.034975,0.017645,0.013729
23.645,0.033643,0.030496,0.015214,0.011838
24.771,0.029414,0.026591,0.013118,0.010207
25.95,0.025716,0.023186,0.011311,0.008801
27.186,0.022483,0.020217,0.0097525,0.0075887
28.48,0.019656,0.017627,0.0084054,0.0065406
29.836,0.017183,0.015365,0.0072334,0.0056288
31.257,0.015021,0.013393,0.0062249,0.0048441
32.745,0.013131,0.011675,0.0053571,0.0041688
34.305,0.011479,0.010177,0.0046103,0.0035877
35.938,0.010034,0.0088704,0.0039655,0.0030861
37.649,0.0087702,0.0077302,0.0034062,0.002651
39.442,0.0076656,0.0067366,0.0029257,0.0022773
41.32,0.0067001,0.0058707,0.0025131,0.0019562
43.288,0.0058562,0.0051161,0.0021587,0.0016805
45.349,0.0051182,0.0044579,0.001853,0.0014428
47.508,0.0044724,0.0038834,0.0015886,0.0012371
49.77,0.0039081,0.003383,0.0013619,0.0010608
52.14,0.003415,0.002947,0.0011675,0.00090967
54.623,0.0029841,0.0025673,0.0010009,0.00078005
57.224,0.0026073,0.0022359,0.00085748,0.00066844
59.948,0.0022775,0.0019467,0.00073366,0.00057215
62.803,0.0019895,0.0016948,0.00062773,0.00048973
65.793,0.0017378,0.0014756,0.0005371,0.00041919
68.926,0.001518,0.0012847,0.00045955,0.00035881
72.208,0.0013259,0.0011182,0.00039287,0.00030689
75.646,0.0011581,0.00097303,0.00033549,0.00026219
79.248,0.0010114,0.00084668,0.00028649,0.00022401
83.022,0.00088337,0.00073674,0.00024464,0.00019139
86.975,0.00077152,0.00064108,0.00020891,0.00016352
91.116,0.00067376,0.00055766,0.00017824,0.00013958
95.455,0.00058832,0.00048494,0.00015192,0.00011903
100.0,0.00051372,0.00042169,0.00012949,0.00010151
1.0,219.24,212.05,133.4,95.308
1.0476,193.8,187.72,118.35,84.568
1.0975,171.32,166.18,104.99,75.039
1.1498,151.39,146.99,93.041,66.526
1.2045,133.74,129.92,82.367,58.933
1.2619,118.14,114.83,72.917,52.207
1.3219,104.36,101.49,64.551,46.248
1.3849,92.194,89.707,57.145,40.969
1.4508,81.363,79.236,50.531,36.261
1.5199,71.753,69.953,44.645,32.073
1.5923,63.278,61.757,39.445,28.369
1.6681,55.804,54.521,34.85,25.092
1.7475,49.212,48.133,30.791,22.194
1.8307,43.441,42.49,27.17,19.611
1.9179,38.37,37.508,23.957,17.318
2.0092,33.891,33.109,21.124,15.294
2.1049,29.934,29.227,18.626,13.506
2.2051,26.44,25.799,16.424,11.927
2.3101,23.322,22.747,14.462,10.521
2.4201,20.558,20.044,12.727,9.2751
2.5354,18.122,17.663,11.2,8.177
2.6561,15.975,15.564,9.8562,7.2089
2.7826,14.082,13.715,8.6736,6.3553
2.9151,12.381,12.064,7.6219,5.5954
3.0539,10.875,10.606,6.694,4.9239
3.1993,9.5516,9.3231,5.8791,4.3329
3.3516,8.3894,8.1956,5.1633,3.8128
3.5112,7.3686,7.2045,4.5348,3.3551
3.6784,6.48,6.3315,3.9761,2.9477
3.8535,5.7005,5.5638,3.4847,2.5885
4.037,5.0147,4.8891,3.054,2.2731
4.2292,4.4114,4.2962,2.6765,1.9961
4.4306,3.8807,3.7752,2.3457,1.7529
4.6416,3.4103,3.3134,2.052,1.5365
4.8626,2.9964,2.9074,1.7944,1.3463
5.0941,2.6326,2.5511,1.5691,1.1797
5.3367,2.313,2.2384,1.3721,1.0336
5.5908,2.0322,1.9641,1.1999,0.90565
5.857,1.7837,1.7213,1.0472,0.79197
6.1359,1.5654,1.5083,0.9138,0.69235
6.4281,1.3739,1.3216,0.79735,0.60526
6.7342,1.2057,1.158,0.69575,0.52912
7.0548,1.0581,1.0147,0.60709,0.46255
7.3907,0.92781,0.888,0.52865,0.40345
7.7426,0.81346,0.77706,0.46027,0.35184
8.1113,0.7132,0.67998,0.40074,0.30682
8.4975,0.62529,0.59502,0.34891,0.26757
8.9022,0.54821,0.52068,0.30378,0.23333
9.326,0.48022,0.45509,0.2639,0.20295
9.7701,0.42065,0.39775,0.22924,0.17652
10.235,0.36847,0.34763,0.19914,0.15352
10.723,0.32276,0.30383,0.17299,0.13352
11.233,0.28271,0.26554,0.15026,0.11612
11.768,0.24744,0.23185,0.13024,0.10073
12.328,0.21657,0.20244,0.11289,0.087378
12.915,0.18955,0.17675,0.097847,0.075795
13.53,0.16589,0.15433,0.08481,0.065748
14.175,0.14519,0.13474,0.073499,0.057021
14.85,0.12699,0.11756,0.06357,0.049339
15.557,0.11107,0.10256,0.054983,0.042691
16.298,0.097152,0.089483,0.047556,0.036939
17.074,0.084974,0.07807,0.041133,0.031962
17.886,0.074318,0.068109,0.035568,0.027648
18.738,0.064976,0.05939,0.0307,0.023868
19.63,0.056808,0.051788,0.026498,0.020604
20.565,0.049667,0.045158,0.022872,0.017787
21.544,0.043423,0.039377,0.019742,0.015355
22.57,0.037962,0.034334,0.017034,0.013251
23.645,0.033183,0.029928,0.014674,0.011415
24.771,0.029006,0.026087,0.012641,0.0098338
25.95,0.025354,0.02274,0.010889,0.0084715
27.186,0.022162,0.019821,0.0093805,0.007298
28.48,0.019371,0.017277,0.0080773,0.0062843
29.836,0.016931,0.015056,0.0069447,0.0054032
31.257,0.014798,0.01312,0.005971,0.0046457
32.745,0.012934,0.011434,0.0051339,0.0039944
34.305,0.011304,0.0099637,0.0044141,0.0034345
35.938,0.0098797,0.0086823,0.0037933,0.0029516
37.649,0.008634,0.0075646,0.0032553,0.0025331
39.442,0.0075455,0.0065908,0.0027936,0.002174
41.32,0.0065941,0.0057423,0.0023974,0.0018659
43.288,0.0057627,0.005003,0.0020574,0.0016014
45.349,0.0050357,0.0043585,0.0017646,0.0013736
47.508,0.0043998,0.0037961,0.0015114,0.0011768
49.77,0.0038442,0.0033063,0.0012946,0.0010082
52.14,0.0033587,0.0028797,0.0011089,0.0008638
54.623,0.0029346,0.0025082,0.0009498,0.00074006
57.224,0.0025636,0.0021841,0.00081297,0.00063363
59.948,0.0022391,0.0019013,0.000695,0.00054191
62.803,0.0019557,0.0016551,0.00059416,0.00046346
65.793,0.0017082,0.0014408,0.00050796,0.00039638
68.926,0.0014919,0.0012542,0.00043426,0.00033901
72.208,0.001303,0.0010915,0.00037096,0.00028972
75.646,0.0011379,0.00094971,0.00031653,0.00024734
79.248,0.00099377,0.0008263,0.0002701,0.00021116
83.022,0.00086786,0.00071893,0.00023047,0.00018028
86.975,0.00075791,0.00062551,0.00019666,0.00015391
91.116,0.00066182,0.00054407,0.00016767,0.00013129
95.455,0.00057786,0.00047309,0.00014282,0.00011188
100.0,0.00050455,0.00041136,0.00012165,9.5349e-5
1.0,219.02,211.76,133.1,95.079
1.0476,193.61,187.45,118.07,84.359
1.0975,171.14,165.93,104.74,74.846
1.1498,151.23,146.76,92.804,66.349
1.2045,133.58,129.71,82.147,58.769
1.2619,118.0,114.64,72.714,52.056
1.3219,104.23,101.32,64.364,46.109
1.3849,92.074,89.544,56.972,40.841
1.4508,81.252,79.085,50.371,36.142
1.5199,71.65,69.812,44.497,31.963
1.5923,63.182,61.626,39.307,28.266
1.6681,55.715,54.4,34.723,24.997
1.7475,49.13,48.021,30.673,22.106
1.8307,43.365,42.387,27.061,19.529
1.9179,38.299,37.411,23.856,17.242
2.0092,33.825,33.02,21.03,15.223
2.1049,29.873,29.144,18.539,13.44
2.2051,26.383,25.722,16.343,11.866
2.3101,23.268,22.675,14.387,10.464
2.4201,20.508,19.978,12.657,9.2226
2.5354,18.076,17.601,11.135,8.1282
2.6561,15.931,15.507,9.796,7.1637
2.7826,14.041,13.662,8.618,6.3135
2.9151,12.343,12.015,7.5702,5.5565
3.0539,10.839,10.559,6.646,4.8877
3.1993,9.5187,9.2801,5.8347,4.2993
3.3516,8.359,8.1558,5.1223,3.7818
3.5112,7.3404,7.1678,4.497,3.3265
3.6784,6.4538,6.2974,3.9412,2.9212
3.8535,5.6762,5.5323,3.4524,2.564
4.037,4.9923,4.8601,3.0242,2.2505
4.2292,4.3907,4.2695,2.6491,1.9753
4.4306,3.8616,3.7507,2.3206,1.7338
4.6416,3.3928,3.2908,2.0289,1.5189
4.8626,2.9802,2.8866,1.7732,1.3301
5.0941,2.6178,2.532,1.5497,1.1648
5.3367,2.2994,2.221,1.3544,1.02
5.5908,2.0197,1.9482,1.1837,0.89322
5.857,1.7723,1.7068,1.0325,0.7806
6.1359,1.555,1.495,0.90032,0.68197
6.4281,1.3644,1.3095,0.78508,0.5958
6.7342,1.1971,1.147,0.6846,0.52051
7.0548,1.0503,1.0047,0.59698,0.45474
7.3907,0.92063,0.87891,0.51948,0.39635
7.7426,0.80694,0.76881,0.45196,0.3454
8.1113,0.70729,0.6725,0.39322,0.301
8.4975,0.61993,0.58825,0.34212,0.2623
8.9022,0.54336,0.51456,0.29766,0.22857
9.326,0.47584,0.44956,0.25838,0.19866
9.7701,0.41669,0.39277,0.22427,0.17265
10.235,0.36489,0.34314,0.19467,0.15004
10.723,0.31953,0.29979,0.16898,0.1304
11.233,0.2798,0.2619,0.14666,0.11332
11.768,0.24483,0.22858,0.12702,0.098214
12.328,0.21422,0.19951,0.11,0.085125
12.915,0.18744,0.17413,0.095265,0.07378
13.53,0.16401,0.15198,0.082504,0.063947
14.175,0.1435,0.13263,0.071441,0.055414
14.85,0.12548,0.11568,0.061736,0.047906
15.557,0.10973,0.10089,0.05335,0.041416
16.298,0.095948,0.087987,0.046104,0.035805
17.074,0.0839,0.076736,0.039842,0.030954
17.886,0.07336,0.06692,0.034422,0.026752
18.738,0.064124,0.058334,0.029684,0.023074
19.63,0.05605,0.050849,0.025599,0.019901
20.565,0.048993,0.044325,0.022076,0.017165
21.544,0.042824,0.038638,0.019038,0.014805
22.57,0.037431,0.033678,0.016412,0.012765
23.645,0.032712,0.029347,0.014125,0.010986
24.771,0.028588,0.025573,0.012157,0.0094559
25.95,0.024984,0.022285,0.010463,0.0081386
27.186,0.021834,0.019419,0.009005,0.0070049
28.48,0.019081,0.016921,0.007747,0.0060264
29.836,0.016675,0.014742,0.0066548,0.0051769
31.257,0.014572,0.012844,0.0057165,0.0044471
32.745,0.012734,0.01119,0.0049106,0.0038202
34.305,0.011128,0.0097489,0.0042184,0.0032817
35.938,0.0097239,0.0084932,0.0036219,0.0028177
37.649,0.0084968,0.0073983,0.0031054,0.0024162
39.442,0.0074245,0.0064446,0.0026626,0.0020718
41.32,0.0064875,0.0056138,0.002283,0.0017766
43.288,0.0056688,0.0048901,0.0019575,0.0015234
45.349,0.004953,0.0042593,0.0016774,0.0013056
47.508,0.004327,0.0037091,0.0014356,0.0011176
49.77,0.0037802,0.0032301,0.0012286,0.0009567
52.14,0.0033024,0.0028129,0.0010514,0.00081896
54.623,0.002885,0.0024495,0.00089986,0.00070105
57.224,0.0025201,0.0021327,0.00076959,0.00059974
59.948,0.0022009,0.0018563,0.00065741,0.00051252
62.803,0.0019221,0.0016157,0.00056158,0.00043799
65.793,0.0016786,0.0014063,0.00047972,0.0003743
68.926,0.001466,0.0012241,0.0004098,0.00031987
72.208,0.0012802,0.0010652,0.0003498,0.00027316
75.646,0.0011179,0.00092669,0.00029827,0.00023304
79.248,0.00097619,0.0008062,0.00025433,0.00019882
83.022,0.00085244,0.00070137,0.00021687,0.00016962
86.975,0.00074437,0.00061018,0.00018493,0.00014471
91.116,0.00064995,0.00053069,0.00015756,0.00012336
95.455,0.00056745,0.00046142,0.00013412,0.00010506
100.0,0.00049543,0.00040119,0.00011417,8.9481e-5
1.0,218.78,211.43,132.76,94.824
1.0476,193.39,187.15,117.76,84.124
1.0975,170.94,165.66,104.45,74.632
1.1498,151.04,146.51,92.538,66.151
1.2045,133.41,129.48,81.901,58.586
1.2619,117.84,114.42,72.487,51.886
1.3219,104.09,101.12,64.154,45.953
1.3849,91.939,89.361,56.78,40.698
1.4508,81.127,78.915,50.193,36.009
1.5199,71.534,69.655,44.331,31.839
1.5923,63.074,61.48,39.153,28.152
1.6681,55.615,54.265,34.58,24.891
1.7475,49.038,47.897,30.542,22.008
1.8307,43.28,42.271,26.939,19.438
1.9179,38.219,37.303,23.742,17.158
2.0092,33.75,32.92,20.924,15.144
2.1049,29.804,29.051,18.441,13.367
2.2051,26.319,25.637,16.252,11.799
2.3101,23.209,22.595,14.303,10.401
2.4201,20.453,19.903,12.579,9.1641
2.5354,18.024,17.531,11.063,8.0739
2.6561,15.883,15.442,9.729,7.1134
2.7826,13.997,13.602,8.5562,6.267
2.9151,12.301,11.96,7.5129,5.5134
3.0539,10.8,10.508,6.5929,4.8476
3.1993,9.4824,9.2325,5.7855,4.2622
3.3516,8.3253,8.1118,5.077,3.7475
3.5112,7.3092,7.1271,4.4553,3.2949
3.6784,6.4249,6.2599,3.9027,2.892
3.8535,5.6495,5.4976,3.4169,2.5371
4.037,4.9676,4.8281,2.9915,2.2257
4.2292,4.3681,4.2401,2.6191,1.9525
4.4306,3.8408,3.7238,2.2931,1.7128
4.6416,3.3736,3.2661,2.0037,1.4997
4.8626,2.9626,2.864,1.7501,1.3125
5.0941,2.6016,2.5113,1.5286,1.1486
5.3367,2.2846,2.202,1.3351,1.0052
5.5908,2.0062,1.9309,1.1661,0.87975
5.857,1.76,1.691,1.0165,0.7683
6.1359,1.5438,1.4806,0.88575,0.67077
6.4281,1.3541,1.2964,0.77185,0.58561
6.7342,1.1877,1.1351,0.6726,0.51126
7.0548,1.0418,0.99388,0.58611,0.44635
7.3907,0.91292,0.86913,0.50964,0.38875
7.7426,0.79995,0.75996,0.44307,0.33852
8.1113,0.70096,0.6645,0.3852,0.29478
8.4975,0.6142,0.58102,0.33489,0.25669
8.9022,0.53818,0.50803,0.29115,0.22352
9.326,0.47117,0.44369,0.25252,0.19411
9.7701,0.41248,0.38747,0.21901,0.16856
10.235,0.36111,0.33838,0.18995,0.14637
10.723,0.31612,0.29551,0.16474,0.1271
11.233,0.27674,0.25806,0.14288,0.11036
11.768,0.24208,0.22515,0.12363,0.095575
12.328,0.21176,0.19643,0.10698,0.082767
12.915,0.18524,0.17137,0.092566,0.071675
13.53,0.16204,0.14951,0.080098,0.06207
14.175,0.14173,0.13044,0.069298,0.053741
14.85,0.12391,0.11372,0.059832,0.046419
15.557,0.10832,0.09914,0.051659,0.040095
16.298,0.094697,0.086433,0.044602,0.034632
17.074,0.082785,0.075353,0.03851,0.029914
17.886,0.072368,0.06569,0.033242,0.025831
18.738,0.063243,0.057243,0.028641,0.022259
19.63,0.055268,0.049882,0.024676,0.019181
20.565,0.048299,0.043468,0.021261,0.016529
21.544,0.042208,0.037878,0.018319,0.014244
22.57,0.036885,0.033006,0.015778,0.01227
23.645,0.032229,0.028753,0.013567,0.010551
24.771,0.028161,0.025049,0.011666,0.0090731
25.95,0.024607,0.021822,0.010032,0.0078021
27.186,0.021501,0.01901,0.0086262,0.0067092
28.48,0.018787,0.016561,0.0074145,0.005767
29.836,0.016415,0.014425,0.0063635,0.0049496
31.257,0.014342,0.012564,0.0054615,0.0042481
32.745,0.012532,0.010944,0.0046874,0.0036461
34.305,0.010949,0.0095326,0.0040231,0.0031294
35.938,0.0095668,0.0083029,0.0034512,0.0026846
37.649,0.0083585,0.0072313,0.0029566,0.0023001
39.442,0.0073028,0.006298,0.0025329,0.0019706
41.32,0.0063804,0.0054851,0.0021699,0.0016884
43.288,0.0055745,0.0047772,0.001859,0.0014465
45.349,0.0048701,0.0041603,0.0015916,0.0012387
47.508,0.0042542,0.0036224,0.0013611,0.0010595
49.77,0.0037161,0.0031541,0.0011639,0.00090623
52.14,0.0032461,0.0027464,0.00099529,0.00077513
54.623,0.0028355,0.0023913,0.00085112,0.00066301
57.224,0.0024766,0.0020818,0.00072735,0.00056676
59.948,0.0021627,0.0018118,0.00062087,0.00048399
62.803,0.0018885,0.0015768,0.00052998,0.0004133
65.793,0.0016491,0.0013723,0.0004524,0.00035295
68.926,0.0014401,0.0011943,0.00038618,0.00030141
72.208,0.0012575,0.0010392,0.00032941,0.00025721
75.646,0.001098,0.00090399,0.00028071,0.0002193
79.248,0.0009587,0.00078638,0.0002392,0.00018697
83.022,0.00083709,0.00068408,0.00020384,0.00015941
86.975,0.0007309,0.00059508,0.0001737,0.00013591
91.116,0.00063814,0.00051752,0.00014791,0.00011579
95.455,0.0005571,0.00044994,0.00012584,9.8567e-5
100.0,0.00048635,0.00039118,0.00010707,8.3905e-5
1.0,218.52,211.08,132.38,94.543
1.0476,193.14,186.82,117.41,83.866
1.0975,170.72,165.36,104.13,74.394
1.1498,150.84,146.23,92.245,65.932
1.2045,133.22,129.22,81.629,58.384
1.2619,117.67,114.18,72.235,51.699
1.3219,103.93,100.9,63.922,45.78
1.3849,91.79,89.159,56.566,40.539
1.4508,80.989,78.728,49.995,35.862
1.5199,71.405,69.48,44.147,31.702
1.5923,62.955,61.319,38.983,28.025
1.6681,55.505,54.116,34.422,24.774
1.7475,48.936,47.759,30.396,21.9
1.8307,43.185,42.143,26.803,19.338
1.9179,38.131,37.184,23.616,17.064
2.0092,33.668,32.809,20.807,15.057
2.1049,29.728,28.948,18.333,13.287
2.2051,26.248,25.542,16.153,11.724
2.3101,23.143,22.507,14.21,10.332
2.4201,20.391,19.821,12.493,9.0996
2.5354,17.966,17.455,10.983,8.0141
2.6561,15.83,15.372,9.6552,7.058
2.7826,13.947,13.537,8.4881,6.2159
2.9151,12.255,11.899,7.4499,5.466
3.0539,10.757,10.452,6.5345,4.8037
3.1993,9.4426,9.1803,5.7316,4.2216
3.3516,8.2883,8.0636,5.0274,3.71
3.5112,7.2751,7.0826,4.4097,3.2604
3.6784,6.3933,6.2188,3.8606,2.8601
3.8535,5.6203,5.4597,3.3781,2.5077
4.037,4.9408,4.7933,2.9559,2.1986
4.2292,4.3433,4.2082,2.5865,1.9277
4.4306,3.8181,3.6945,2.2632,1.6901
4.6416,3.3528,3.2393,1.9763,1.4788
4.8626,2.9435,2.8394,1.7251,1.2934
5.0941,2.5841,2.4888,1.5057,1.1312
5.3367,2.2686,2.1815,1.3143,0.9893
5.5908,1.9916,1.9122,1.1472,0.86523
5.857,1.7467,1.6739,0.99923,0.75507
6.1359,1.5316,1.4651,0.8701,0.65874
6.4281,1.3431,1.2823,0.75766,0.57469
6.7342,1.1777,1.1223,0.65975,0.50136
7.0548,1.0327,0.98232,0.5745,0.43738
7.3907,0.90468,0.85867,0.49915,0.38064
7.7426,0.79249,0.75051,0.4336,0.3312
8.1113,0.69421,0.65597,0.37667,0.28818
8.4975,0.60811,0.57333,0.32721,0.25074
8.9022,0.53269,0.5011,0.28425,0.21817
9.326,0.46622,0.43745,0.24633,0.1893
9.7701,0.40803,0.38187,0.21346,0.16425
10.235,0.3571,0.33336,0.18498,0.14251
10.723,0.31253,0.291,0.16029,0.12364
11.233,0.27351,0.25402,0.1389,0.10727
11.768,0.23919,0.22153,0.12008,0.092811
12.328,0.20918,0.1932,0.10381,0.080303
12.915,0.18293,0.16849,0.08975,0.06948
13.53,0.15997,0.14694,0.077592,0.060116
14.175,0.13989,0.12814,0.067071,0.052003
14.85,0.12227,0.11168,0.057856,0.044878
15.557,0.10686,0.097326,0.049907,0.038728
16.298,0.093398,0.08482,0.043051,0.033422
17.074,0.08163,0.073921,0.037137,0.028842
17.886,0.071341,0.064419,0.032027,0.024883
18.738,0.062333,0.056118,0.027569,0.021423
19.63,0.054462,0.048887,0.023732,0.018444
20.565,0.047585,0.042587,0.020429,0.01588
21.544,0.041576,0.037099,0.017586,0.013672
22.57,0.036325,0.032317,0.015133,0.011767
23.645,0.031735,0.028146,0.013001,0.010109
24.771,0.027725,0.024514,0.011169,0.0086853
25.95,0.024222,0.02135,0.0095957,0.0074621
27.186,0.021161,0.018595,0.0082439,0.0064111
28.48,0.018487,0.016195,0.0070796,0.0055059
29.836,0.016151,0.014103,0.0060709,0.0047215
31.257,0.01411,0.012282,0.0052059,0.0040489
32.745,0.012327,0.010696,0.0044642,0.0034721
34.305,0.010769,0.0093145,0.0038282,0.0029775
35.938,0.0094081,0.0081115,0.0032812,0.0025522
37.649,0.008219,0.0070636,0.0028087,0.0021848
39.442,0.0071802,0.006151,0.0024043,0.0018704
41.32,0.0062727,0.0053563,0.0020581,0.0016012
43.288,0.0054798,0.0046643,0.0017617,0.0013708
45.349,0.0047869,0.0040615,0.0015072,0.0011729
47.508,0.0041811,0.003536,0.0012879,0.0010025
49.77,0.003652,0.0030785,0.0011005,0.00085682
52.14,0.0031898,0.0026802,0.0009404,0.00073233
54.623,0.0027861,0.0023335,0.00080359,0.00062594
57.224,0.0024332,0.0020312,0.00068624,0.00053469
59.948,0.0021246,0.0017676,0.00058539,0.0004563
62.803,0.0018551,0.0015382,0.00049937,0.00038941
65.793,0.0016198,0.0013386,0.00042599,0.00033233
68.926,0.0014143,0.0011649,0.0003634,0.00028361
72.208,0.0012349,0.0010135,0.00030979,0.00024188
75.646,0.0010781,0.00088159,0.00026384,0.00020611
79.248,0.00094129,0.00076684,0.0002247,0.00017563
83.022,0.00082181,0.00066703,0.00019137,0.00014966
86.975,0.0007175,0.00058021,0.00016299,0.00012753
91.116,0.00062638,0.00050456,0.00013872,0.00010859
95.455,0.00054679,0.00043864,0.00011797,9.2398e-5
100.0,0.00047731,0.00038133,0.00010032,7.8619e-5
1.0,218.23,210.69,131.98,94.24
1.0476,192.88,186.47,117.04,83.587
1.0975,170.48,165.03,103.79,74.139
1.1498,150.61,145.93,91.928,65.696
1.2045,133.02,128.94,81.336,58.165
1.2619,117.48,113.93,71.964,51.497
1.3219,103.75,100.66,63.672,45.594
1.3849,91.63,88.94,56.335,40.367
1.4508,80.84,78.525,49.781,35.703
1.5199,71.267,69.292,43.948,31.555
1.5923,62.827,61.144,38.798,27.888
1.6681,55.386,53.955,34.252,24.647
1.7475,48.827,47.61,30.239,21.783
1.8307,43.083,42.005,26.657,19.229
1.9179,38.036,37.056,23.48,16.963
2.0092,33.58,32.69,20.682,14.964
2.1049,29.646,28.838,18.217,13.2
2.2051,26.172,25.44,16.045,11.644
2.3101,23.072,22.413,14.111,10.258
2.4201,20.325,19.733,12.401,9.0306
2.5354,17.905,17.374,10.897,7.9502
2.6561,15.773,15.296,9.5764,6.9989
2.7826,13.895,13.467,8.4156,6.1615
2.9151,12.206,11.834,7.3828,5.4156
3.0539,10.712,10.392,6.4725,4.757
3.1993,9.4003,9.1248,5.6745,4.1785
3.3516,8.2492,8.0124,4.9748,3.6704
3.5112,7.239,7.0356,4.3615,3.224
3.6784,6.36,6.1754,3.8163,2.8266
3.8535,5.5896,5.4198,3.3374,2.4768
4.037,4.9125,4.7566,2.9185,2.1703
4.2292,4.3174,4.1746,2.5523,1.9017
4.4306,3.7944,3.6638,2.232,1.6663
4.6416,3.331,3.2112,1.9478,1.457
4.8626,2.9236,2.8137,1.699,1.2735
5.0941,2.5659,2.4654,1.482,1.113
5.3367,2.252,2.1602,1.2927,0.97277
5.5908,1.9765,1.8928,1.1276,0.85019
5.857,1.7329,1.6563,0.98142,0.74141
6.1359,1.5191,1.4491,0.85395,0.64633
6.4281,1.3317,1.2678,0.74304,0.56345
6.7342,1.1674,1.1092,0.64654,0.49119
7.0548,1.0233,0.97043,0.56258,0.42819
7.3907,0.89622,0.84794,0.4884,0.37235
7.7426,0.78485,0.74083,0.42393,0.32372
8.1113,0.68732,0.64724,0.36797,0.28145
8.4975,0.60189,0.56548,0.31939,0.24469
8.9022,0.52708,0.49404,0.27723,0.21273
9.326,0.46118,0.43111,0.24005,0.18443
9.7701,0.40351,0.37619,0.20784,0.15988
10.235,0.35305,0.32826,0.17995,0.1386
10.723,0.30889,0.28644,0.15581,0.12015
11.233,0.27025,0.24994,0.1349,0.10415
11.768,0.23628,0.21789,0.11652,0.090037
12.328,0.20658,0.18995,0.10064,0.077834
12.915,0.18061,0.16559,0.086932,0.067284
13.53,0.1579,0.14436,0.075089,0.058165
14.175,0.13804,0.12584,0.064849,0.050272
14.85,0.12062,0.10964,0.055889,0.043344
15.557,0.1054,0.095516,0.048168,0.037372
16.298,0.092102,0.083214,0.041513,0.032222
17.074,0.080479,0.072497,0.035778,0.027782
17.886,0.07032,0.063156,0.030827,0.023947
18.738,0.06143,0.055002,0.026513,0.020599
19.63,0.053663,0.047901,0.022802,0.017719
20.565,0.046878,0.041716,0.01961,0.015241
21.544,0.040951,0.03633,0.016866,0.013111
22.57,0.035772,0.031638,0.014501,0.011274
23.645,0.031248,0.027549,0.012447,0.0096772
24.771,0.027295,0.023988,0.010684,0.0083069
25.95,0.023842,0.020887,0.0091707,0.0071308
27.186,0.020826,0.018187,0.0078719,0.0061211
28.48,0.018192,0.015836,0.0067543,0.0052523
29.836,0.015892,0.013789,0.0057871,0.0045003
31.257,0.013882,0.012006,0.0049584,0.003856
32.745,0.012126,0.010454,0.0042484,0.0033039
34.305,0.010593,0.009102,0.0036401,0.002831
35.938,0.0092531,0.0079252,0.0031174,0.0024246
37.649,0.0080829,0.0069004,0.0026664,0.002074
39.442,0.0070606,0.0060082,0.0022807,0.0017741
41.32,0.0061676,0.0052313,0.0019508,0.0015176
43.288,0.0053876,0.0045549,0.0016686,0.0012982
45.349,0.0047059,0.0039657,0.0014264,0.00111
47.508,0.00411,0.0034523,0.001218,0.00094804
49.77,0.0035896,0.0030054,0.0010401,0.00080973
52.14,0.003135,0.0026163,0.00088813,0.0006916
54.623,0.002738,0.0022776,0.00075839,0.00059071
57.224,0.002391,0.0019824,0.0006472,0.00050426
59.948,0.0020875,0.001725,0.00055176,0.00043007
62.803,0.0018226,0.001501,0.00047039,0.0003668
65.793,0.0015912,0.0013061,0.00040102,0.00031284
68.926,0.0013893,0.0011365,0.00034189,0.00026682
72.208,0.0012129,0.00098876,0.00029128,0.00022743
75.646,0.0010588,0.00086,0.00024795,0.0001937
79.248,0.00092436,0.00074801,0.00021106,0.00016497
83.022,0.00080696,0.00065061,0.00017966,0.0001405
86.975,0.00070447,0.00056588,0.00015294,0.00011966
91.116,0.00061495,0.00049206,0.0001301,0.00010185
95.455,0.00053676,0.00042775,0.0001106,8.6628e-5
100.0,0.00046851,0.00037184,9.4019e-5,7.368e-5
1.0,217.93,210.28,131.54,93.917
1.0476,192.6,186.09,116.64,83.29
1.0975,170.22,164.68,103.42,73.866
1.1498,150.38,145.61,91.59,65.444
1.2045,132.8,128.64,81.023,57.932
1.2619,117.27,113.65,71.674,51.282
1.3219,103.56,100.41,63.404,45.395
1.3849,91.458,88.706,56.089,40.184
1.4508,80.681,78.309,49.552,35.534
1.5199,71.119,69.091,43.736,31.397
1.5923,62.69,60.958,38.602,27.742
1.6681,55.259,53.783,34.071,24.512
1.7475,48.71,47.451,30.071,21.658
1.8307,42.974,41.858,26.502,19.114
1.9179,37.935,36.919,23.336,16.856
2.0092,33.486,32.563,20.548,14.864
2.1049,29.559,28.721,18.093,13.108
2.2051,26.092,25.332,15.932,11.56
2.3101,22.998,22.312,14.006,10.179
2.4201,20.256,19.64,12.303,8.9579
2.5354,17.841,17.288,10.808,7.8829
2.6561,15.713,15.217,9.4936,6.9369
2.7826,13.84,13.394,8.3395,6.1044
2.9151,12.155,11.767,7.3126,5.3628
3.0539,10.664,10.329,6.4078,4.7083
3.1993,9.3562,9.0669,5.6149,4.1337
3.3516,8.2084,7.9591,4.9202,3.6292
3.5112,7.2015,6.9866,4.3114,3.1862
3.6784,6.3254,6.1304,3.7703,2.7918
3.8535,5.5578,5.3785,3.2952,2.4449
4.037,4.8833,4.7188,2.88,2.141
4.2292,4.2907,4.14,2.5171,1.875
4.4306,3.7699,3.6321,2.1999,1.6419
4.6416,3.3087,3.1823,1.9185,1.4348
4.8626,2.9031,2.7873,1.6723,1.2531
5.0941,2.5473,2.4414,1.4577,1.0945
5.3367,2.235,2.1384,1.2707,0.95596
5.5908,1.961,1.873,1.1076,0.83493
5.857,1.7189,1.6384,0.96336,0.72757
6.1359,1.5064,1.4329,0.83763,0.63381
6.4281,1.3202,1.2531,0.7283,0.55212
6.7342,1.1569,1.0959,0.63325,0.48096
7.0548,1.0139,0.95845,0.5506,0.41896
7.3907,0.88772,0.83714,0.47763,0.36404
7.7426,0.77718,0.73111,0.41425,0.31625
8.1113,0.68041,0.63851,0.35928,0.27473
8.4975,0.59568,0.55763,0.31161,0.23866
8.9022,0.52149,0.48699,0.27026,0.20733
9.326,0.45617,0.4248,0.23382,0.1796
9.7701,0.39902,0.37054,0.20228,0.15557
10.235,0.34902,0.32321,0.17499,0.13475
10.723,0.30529,0.28192,0.15138,0.11672
11.233,0.26703,0.2459,0.13095,0.10109
11.768,0.2334,0.2143,0.11302,0.087313
12.328,0.20401,0.18675,0.097534,0.075415
12.915,0.17832,0.16275,0.084174,0.065137
13.53,0.15587,0.14183,0.072644,0.056261
14.175,0.13623,0.12359,0.062683,0.048584
14.85,0.11902,0.10764,0.053976,0.041853
15.557,0.10398,0.093748,0.046478,0.036054
16.298,0.090837,0.081648,0.040021,0.031059
17.074,0.079357,0.07111,0.034462,0.026756
17.886,0.069326,0.061929,0.029668,0.023043
18.738,0.060551,0.053919,0.025493,0.019804
19.63,0.052887,0.046945,0.021906,0.01702
20.565,0.046192,0.040873,0.018824,0.014628
21.544,0.040345,0.035586,0.016175,0.012572
22.57,0.035237,0.030983,0.013895,0.010801
23.645,0.030776,0.026973,0.011917,0.009264
24.771,0.02688,0.023481,0.01022,0.0079456
25.95,0.023477,0.020442,0.0087652,0.0068148
27.186,0.020504,0.017796,0.0075175,0.005845
28.48,0.017909,0.015492,0.0064448,0.0050112
29.836,0.015642,0.013487,0.0055175,0.0042903
31.257,0.013663,0.011742,0.0047236,0.0036731
32.745,0.011934,0.010222,0.004044,0.0031447
34.305,0.010423,0.0088989,0.0034622,0.0026924
35.938,0.0091043,0.0077471,0.0029627,0.0023041
37.649,0.0079523,0.0067447,0.0025322,0.0019695
39.442,0.006946,0.0058719,0.0021643,0.0016835
41.32,0.006067,0.0051121,0.0018498,0.001439
43.288,0.0052992,0.0044506,0.001581,0.0012301
45.349,0.0046283,0.0038745,0.0013506,0.0010509
47.508,0.0040419,0.0033726,0.0011525,0.00089701
49.77,0.0035298,0.0029358,0.00098347,0.00076564
52.14,0.0030826,0.0025555,0.00083922,0.0006535
54.623,0.002692,0.0022245,0.00071614,0.0005578
57.224,0.0023506,0.001936,0.00061076,0.00047586
59.948,0.0020521,0.0016845,0.00052038,0.00040562
62.803,0.0017914,0.0014656,0.00044338,0.00034574
65.793,0.0015639,0.0012752,0.00037778,0.00029471
68.926,0.0013653,0.0011096,0.00032188,0.00025121
72.208,0.0011918,0.00096523,0.00027409,0.00021401
75.646,0.0010404,0.00083948,0.0002332,0.00018218
79.248,0.00090813,0.00073011,0.00019841,0.00015508
83.022,0.00079271,0.00063499,0.00016881,0.00013202
86.975,0.00069196,0.00055226,0.00014363,0.00011239
91.116,0.00060397,0.00048018,0.00012213,9.5616e-5
95.455,0.00052713,0.00041739,0.00010379,8.1295e-5
100.0,0.00046006,0.00036281,8.8196e-5,6.9119e-5
1.0,217.6,209.84,131.09,93.574
1.0476,192.31,185.69,116.22,82.975
1.0975,169.95,164.31,103.03,73.576
1.1498,150.13,145.27,91.231,65.177
1.2045,132.57,128.33,80.69,57.684
1.2619,117.06,113.36,71.366,51.053
1.3219,103.37,100.14,63.12,45.184
1.3849,91.275,88.458,55.826,39.989
1.4508,80.512,78.079,49.31,35.353
1.5199,70.962,68.878,43.51,31.23
1.5923,62.544,60.761,38.393,27.587
1.6681,55.125,53.6,33.878,24.369
1.7475,48.585,47.283,29.894,21.527
1.8307,42.859,41.702,26.338,18.992
1.9179,37.828,36.774,23.184,16.742
2.0092,33.387,32.429,20.407,14.76
2.1049,29.467,28.597,17.963,13.011
2.2051,26.007,25.218,15.812,11.47
2.3101,22.919,22.207,13.895,10.097
2.4201,20.183,19.542,12.201,8.8815
2.5354,17.773,17.197,10.713,7.8124
2.6561,15.651,15.134,9.4068,6.872
2.7826,13.782,13.317,8.2598,6.0447
2.9151,12.102,11.696,7.2392,5.3078
3.0539,10.615,10.263,6.3402,4.6576
3.1993,9.3102,9.0066,5.5529,4.0871
3.3516,8.1661,7.9036,4.8634,3.5864
3.5112,7.1625,6.9357,4.2595,3.147
3.6784,6.2896,6.0837,3.7227,2.7559
3.8535,5.5249,5.3357,3.2517,2.412
4.037,4.8532,4.6797,2.8403,2.111
4.2292,4.2631,4.1043,2.4809,1.8475
4.4306,3.7448,3.5996,2.167,1.6169
4.6416,3.2857,3.1526,1.8885,1.412
4.8626,2.8822,2.7604,1.6451,1.2324
5.0941,2.5283,2.4169,1.433,1.0757
5.3367,2.2177,2.1162,1.2483,0.93886
5.5908,1.9453,1.8528,1.0874,0.81945
5.857,1.7047,1.6201,0.94507,0.71357
6.1359,1.4935,1.4164,0.82112,0.62115
6.4281,1.3085,1.2383,0.71343,0.5407
6.7342,1.1464,1.0825,0.61986,0.47067
7.0548,1.0044,0.94637,0.53857,0.4097
7.3907,0.87916,0.82629,0.46683,0.35572
7.7426,0.76949,0.72136,0.40457,0.30878
8.1113,0.67349,0.62976,0.35061,0.26804
8.4975,0.58946,0.54978,0.30385,0.23267
8.9022,0.51591,0.47996,0.26333,0.20197
9.326,0.45117,0.41852,0.22764,0.17481
9.7701,0.39455,0.36493,0.19677,0.1513
10.235,0.34503,0.3182,0.17008,0.13094
10.723,0.30172,0.27745,0.14702,0.11333
11.233,0.26384,0.24192,0.12708,0.098076
11.768,0.23057,0.21075,0.10958,0.084641
12.328,0.20149,0.1836,0.094488,0.073046
12.915,0.17608,0.15995,0.081477,0.063039
13.53,0.15387,0.13934,0.070258,0.054403
14.175,0.13446,0.12139,0.060573,0.04694
14.85,0.11744,0.10569,0.052115,0.040403
15.557,0.10258,0.092023,0.044837,0.034777
16.298,0.089603,0.080123,0.038576,0.029934
17.074,0.078264,0.069761,0.03319,0.025765
17.886,0.068359,0.060738,0.028548,0.02217
18.738,0.059698,0.052869,0.024511,0.019038
19.63,0.052133,0.04602,0.021044,0.016349
20.565,0.045528,0.040059,0.018068,0.014039
21.544,0.039758,0.034869,0.015513,0.012056
22.57,0.03472,0.030351,0.013315,0.010349
23.645,0.030321,0.026418,0.01141,0.0088695
24.771,0.02648,0.022994,0.009778,0.0076012
25.95,0.023125,0.020014,0.0083793,0.0065142
27.186,0.020195,0.01742,0.0071807,0.0055827
28.48,0.017636,0.015163,0.0061511,0.0047826
29.836,0.015403,0.013199,0.0052621,0.0040915
31.257,0.013453,0.011489,0.0045015,0.0035003
32.745,0.011749,0.010001,0.0038509,0.0029945
34.305,0.010261,0.008705,0.0032944,0.0025618
35.938,0.0089619,0.0075775,0.002817,0.0021907
37.649,0.0078273,0.0065963,0.002406,0.0018713
39.442,0.0068363,0.0057422,0.0020549,0.0015984
41.32,0.0059707,0.0049987,0.0017551,0.0013653
43.288,0.0052147,0.0043515,0.0014991,0.0011663
45.349,0.0045542,0.0037879,0.0012797,0.00099577
47.508,0.0039769,0.003297,0.0010913,0.0008494
49.77,0.0034727,0.0028697,0.00093068,0.00072454
52.14,0.0030325,0.0024978,0.00079368,0.00061804
54.623,0.0026481,0.0021741,0.00067684,0.0005272
57.224,0.002312,0.001892,0.0005769,0.00044949
59.948,0.0020182,0.0016461,0.00049127,0.00038293
62.803,0.0017617,0.0014321,0.00041835,0.00032623
65.793,0.0015378,0.001246,0.00035626,0.00027793
68.926,0.0013423,0.001084,0.00030338,0.00023678
72.208,0.0011717,0.00094294,0.0002582,0.00020161
75.646,0.0010227,0.00082003,0.00021959,0.00017155
79.248,0.00089261,0.00071314,0.00018675,0.00014598
83.022,0.00077908,0.00062018,0.00015882,0.00012421
86.975,0.00067999,0.00053934,0.00013507,0.00010569
91.116,0.00059346,0.00046892,0.00011481,8.9888e-5
95.455,0.0005179,0.00040756,9.7531e-5,7.64e-5
100.0,0.00045195,0.00035424,8.2853e-5,6.4936e-5
1.0,217.26,209.38,130.6,93.212
1.0476,191.99,185.26,115.77,82.642
1.0975,169.66,163.92,102.62,73.27
1.1498,149.86,144.91,90.85,64.894
1.2045,132.32,127.99,80.337,57.422
1.2619,116.83,113.05,71.04,50.811
1.3219,103.16,99.852,62.819,44.96
1.3849,91.081,88.194,55.549,39.783
1.4508,80.333,77.835,49.053,35.163
1.5199,70.795,68.651,43.272,31.053
1.5923,62.39,60.551,38.173,27.423
1.6681,54.982,53.407,33.674,24.218
1.7475,48.454,47.105,29.706,21.387
1.8307,42.737,41.537,26.164,18.863
1.9179,37.714,36.621,23.023,16.623
2.0092,33.282,32.288,20.259,14.649
2.1049,29.37,28.467,17.826,12.91
2.2051,25.918,25.098,15.686,11.376
2.3101,22.836,22.096,13.779,10.01
2.4201,20.106,19.439,12.094,8.8014
2.5354,17.702,17.102,10.614,7.7386
2.6561,15.585,15.046,9.316,6.8041
2.7826,13.721,13.237,8.1765,5.9824
2.9151,12.046,11.622,7.1627,5.2504
3.0539,10.563,10.195,6.27,4.6049
3.1993,9.2624,8.9438,5.4885,4.0387
3.3516,8.122,7.8459,4.8045,3.5421
3.5112,7.122,6.8828,4.2057,3.1065
3.6784,6.2525,6.0353,3.6736,2.7188
3.8535,5.491,5.2915,3.2068,2.3781
4.037,4.8222,4.6393,2.7993,2.08
4.2292,4.2348,4.0675,2.4437,1.8193
4.4306,3.7189,3.5661,2.1332,1.5913
4.6416,3.2622,3.1222,1.8578,1.3886
4.8626,2.8608,2.7328,1.6173,1.2112
5.0941,2.5088,2.3919,1.4078,1.0565
5.3367,2.2001,2.0935,1.2255,0.92149
5.5908,1.9294,1.8323,1.0668,0.80375
5.857,1.6902,1.6016,0.92654,0.69939
6.1359,1.4805,1.3997,0.80443,0.60837
6.4281,1.2967,1.2232,0.69842,0.52919
6.7342,1.1358,1.069,0.60638,0.46032
7.0548,0.99482,0.9342,0.52647,0.4004
7.3907,0.87056,0.81537,0.456,0.34738
7.7426,0.76177,0.71158,0.39488,0.30132
8.1113,0.66656,0.62099,0.34196,0.26136
8.4975,0.58325,0.54194,0.29613,0.2267
8.9022,0.51034,0.47294,0.25644,0.19664
9.326,0.4462,0.41226,0.2215,0.17007
9.7701,0.39011,0.35935,0.19132,0.14707
10.235,0.34106,0.31323,0.16524,0.12719
10.723,0.29818,0.27303,0.14272,0.10999
11.233,0.26069,0.23798,0.12326,0.095114
11.768,0.22777,0.20726,0.1062,0.082019
12.328,0.199,0.1805,0.091504,0.070727
12.915,0.17387,0.1572,0.07884,0.060989
13.53,0.15191,0.13691,0.067929,0.052591
14.175,0.13272,0.11923,0.058518,0.045341
14.85,0.1159,0.10379,0.050306,0.038996
15.557,0.10122,0.090341,0.043247,0.033538
16.298,0.0884,0.078638,0.037178,0.028845
17.074,0.077201,0.068451,0.031961,0.024808
17.886,0.067419,0.059582,0.027469,0.02133
18.738,0.058869,0.051853,0.023566,0.018302
19.63,0.051404,0.045126,0.020217,0.015705
20.565,0.044884,0.039272,0.017344,0.013476
21.544,0.039192,0.034177,0.01488,0.011563
22.57,0.034221,0.029743,0.012761,0.0099185
23.645,0.029883,0.025885,0.010928,0.0084938
24.771,0.026094,0.022527,0.0093574,0.0072738
25.95,0.022786,0.019604,0.0080128,0.006229
27.186,0.019897,0.017061,0.0068615,0.0053343
28.48,0.017375,0.014848,0.0058733,0.0045664
29.836,0.015173,0.012923,0.0050209,0.0039038
31.257,0.013251,0.011248,0.0042922,0.0033374
32.745,0.011572,0.0097897,0.0036693,0.0028532
34.305,0.010106,0.0085206,0.0031367,0.0024392
35.938,0.0088258,0.0074162,0.0026804,0.0020844
37.649,0.0077078,0.0064554,0.0022878,0.0017794
39.442,0.0067315,0.0056191,0.0019528,0.0015189
41.32,0.0058789,0.0048912,0.0016668,0.0012966
43.288,0.0051342,0.0042575,0.0014227,0.0011069
45.349,0.0044835,0.0037058,0.0012138,0.00094448
47.508,0.0039149,0.0032254,0.0010345,0.00080519
49.77,0.0034183,0.0028072,0.00088171,0.00068645
52.14,0.0029848,0.0024432,0.00075149,0.00058522
54.623,0.0026062,0.0021265,0.0006405,0.00049892
57.224,0.0022753,0.0018505,0.00054563,0.00042515
59.948,0.0019859,0.0016098,0.00046442,0.00036203
62.803,0.0017333,0.0014005,0.00039529,0.00030827
65.793,0.0015129,0.0012183,0.00033646,0.0002625
68.926,0.0013205,0.0010599,0.00028638,0.00022353
72.208,0.0011525,0.00092188,0.00024363,0.00019025
75.646,0.0010058,0.00080166,0.00020712,0.00016183
79.248,0.00087778,0.00069711,0.00017608,0.00013765
83.022,0.00076605,0.00060619,0.00014969,0.00011708
86.975,0.00066855,0.00052713,0.00012725,9.9587e-5
91.116,0.00058341,0.00045826,0.00010813,8.4666e-5
95.455,0.00050907,0.00039827,9.1831e-5,7.1942e-5
100.0,0.0004442,0.00034612,7.799e-5,6.1131e-5
1.0,216.9,208.9,130.09,92.831
1.0476,191.66,184.82,115.3,82.29
1.0975,169.36,163.51,102.19,72.946
1.1498,149.58,144.53,90.449,64.595
1.2045,132.06,127.64,79.964,57.145
1.2619,116.59,112.72,70.695,50.555
1.3219,102.93,99.55,62.5,44.724
1.3849,90.877,87.916,55.255,39.566
1.4508,80.143,77.578,48.781,34.961
1.5199,70.619,68.413,43.02,30.866
1.5923,62.227,60.33,37.94,27.251
1.6681,54.832,53.203,33.459,24.059
1.7475,48.315,46.917,29.508,21.24
1.8307,42.609,41.363,25.981,18.727
1.9179,37.595,36.46,22.853,16.497
2.0092,33.172,32.139,20.102,14.533
2.1049,29.268,28.329,17.682,12.803
2.2051,25.824,24.972,15.554,11.278
2.3101,22.749,21.979,13.657,9.9194
2.4201,20.025,19.332,11.981,8.7177
2.5354,17.627,17.003,10.511,7.6615
2.6561,15.516,14.955,9.2212,6.7333
2.7826,13.658,13.153,8.0897,5.9174
2.9151,11.987,11.544,7.083,5.1908
3.0539,10.509,10.124,6.1969,4.5501
3.1993,9.2127,8.8785,5.4217,3.9885
3.3516,8.0764,7.7861,4.7434,3.4962
3.5112,7.0801,6.8281,4.15,3.0646
3.6784,6.2141,5.9853,3.6228,2.6805
3.8535,5.4559,5.2459,3.1605,2.3431
4.037,4.7902,4.5977,2.7573,2.0482
4.2292,4.2056,4.0297,2.4055,1.7904
4.4306,3.6924,3.5318,2.0985,1.565
4.6416,3.2381,3.0911,1.8264,1.3648
4.8626,2.8389,2.7045,1.5889,1.1896
5.0941,2.489,2.3663,1.3822,1.0369
5.3367,2.1821,2.0704,1.2024,0.90384
5.5908,1.9131,1.8115,1.046,0.78782
5.857,1.6755,1.5828,0.90777,0.68504
6.1359,1.4672,1.3828,0.78757,0.59546
6.4281,1.2848,1.208,0.68329,0.5176
6.7342,1.1251,1.0553,0.59282,0.44991
7.0548,0.98517,0.92194,0.51433,0.39107
7.3907,0.86191,0.80439,0.44515,0.33903
7.7426,0.75402,0.70176,0.3852,0.29386
8.1113,0.65962,0.61222,0.33332,0.2547
8.4975,0.57704,0.53409,0.28843,0.22076
8.9022,0.50479,0.46594,0.24959,0.19134
9.326,0.44125,0.40603,0.21542,0.16536
9.7701,0.38569,0.35381,0.18592,0.1429
10.235,0.33713,0.3083,0.16046,0.12348
10.723,0.29468,0.26865,0.13848,0.10671
11.233,0.25757,0.23409,0.11951,0.092203
11.768,0.225,0.20381,0.10289,0.079448
12.328,0.19655,0.17746,0.088583,0.068457
12.915,0.1717,0.15451,0.076264,0.058987
13.53,0.14998,0.13452,0.065659,0.050827
14.175,0.13101,0.11712,0.056519,0.043786
14.85,0.1144,0.10193,0.048551,0.03763
15.557,0.099894,0.088702,0.041706,0.03234
16.298,0.087227,0.077194,0.035826,0.027793
17.074,0.076166,0.067178,0.030776,0.023885
17.886,0.066506,0.058461,0.02643,0.020521
18.738,0.058066,0.050869,0.022658,0.017596
19.63,0.050697,0.044262,0.019424,0.015088
20.565,0.044263,0.038513,0.016652,0.012937
21.544,0.038645,0.033511,0.014275,0.011093
22.57,0.033741,0.029159,0.012234,0.0095082
23.645,0.029461,0.025373,0.010469,0.0081369
24.771,0.025724,0.022079,0.0089585,0.0069634
25.95,0.022461,0.019212,0.007666,0.0059592
27.186,0.019611,0.016718,0.0065599,0.0050998
28.48,0.017124,0.014548,0.0056114,0.0043627
29.836,0.014954,0.012661,0.004794,0.0037273
31.257,0.013058,0.011019,0.0040956,0.0031845
32.745,0.011403,0.0095893,0.003499,0.0027208
34.305,0.009958,0.0083455,0.0029893,0.0023246
35.938,0.0086959,0.0072632,0.0025528,0.0019853
37.649,0.007594,0.0063219,0.0021777,0.0016938
39.442,0.0066318,0.0055026,0.0018577,0.0014451
41.32,0.0057914,0.0047895,0.0015848,0.0012329
43.288,0.0050575,0.0041688,0.0013519,0.0010519
45.349,0.0044163,0.0036284,0.0011527,0.00089705
47.508,0.0038559,0.0031578,0.00098201,0.00076439
49.77,0.0033666,0.0027482,0.00083656,0.00065135
52.14,0.0029394,0.0023918,0.00071266,0.00055503
54.623,0.0025664,0.0020816,0.00060711,0.00047295
57.224,0.0022403,0.0018113,0.00051695,0.00040284
59.948,0.0019552,0.0015756,0.00043983,0.00034289
62.803,0.0017064,0.0013706,0.00037421,0.00029187
65.793,0.0014892,0.0011923,0.00031839,0.00024843
68.926,0.0012997,0.0010372,0.00027089,0.00021146
72.208,0.0011342,0.00090206,0.00023037,0.00017992
75.646,0.00098972,0.00078435,0.00019578,0.00015299
79.248,0.00086365,0.000682,0.00016639,0.00013009
83.022,0.00075364,0.00059301,0.00014141,0.00011062
86.975,0.00065764,0.00051563,0.00012018,9.4065e-5
91.116,0.00057382,0.00044822,0.00010209,7.9951e-5
95.455,0.00050064,0.0003895,8.6688e-5,6.7922e-5
100.0,0.00043679,0.00033847,7.3607e-5,5.7703e-5
1.0,216.53,208.39,129.56,92.434
1.0476,191.32,184.35,114.81,81.925
1.0975,169.04,163.08,101.73,72.61
1.1498,149.29,144.13,90.03,64.284
1.2045,131.79,127.27,79.577,56.858
1.2619,116.34,112.38,70.337,50.289
1.3219,102.7,99.236,62.169,44.479
1.3849,90.664,87.627,54.95,39.34
1.4508,79.946,77.31,48.499,34.752
1.5199,70.437,68.165,42.759,30.673
1.5923,62.058,60.101,37.698,27.072
1.6681,54.676,52.991,33.237,23.894
1.7475,48.172,46.722,29.303,21.088
1.8307,42.476,41.183,25.792,18.586
1.9179,37.472,36.294,22.678,16.367
2.0092,33.058,31.985,19.941,14.413
2.1049,29.163,28.188,17.534,12.692
2.2051,25.728,24.841,15.418,11.177
2.3101,22.66,21.859,13.532,9.8261
2.4201,19.943,19.221,11.866,8.6318
2.5354,17.551,16.901,10.405,7.5826
2.6561,15.446,14.861,9.1242,6.6608
2.7826,13.594,13.068,8.001,5.8511
2.9151,11.928,11.466,7.0017,5.13
3.0539,10.454,10.052,6.1225,4.4944
3.1993,9.1622,8.812,5.3537,3.9375
3.3516,8.03,7.7253,4.6815,3.4496
3.5112,7.0377,6.7725,4.0936,3.0222
3.6784,6.1753,5.9346,3.5715,2.6419
3.8535,5.4205,5.1997,3.1138,2.3079
4.037,4.7579,4.5558,2.7149,2.0162
4.2292,4.1763,3.9916,2.367,1.7613
4.4306,3.6657,3.4972,2.0637,1.5386
4.6416,3.2139,3.0598,1.795,1.3409
4.8626,2.817,2.6762,1.5604,1.1681
5.0941,2.4691,2.3408,1.3565,1.0175
5.3367,2.1642,2.0473,1.1793,0.88626
5.5908,1.8969,1.7907,1.0252,0.77198
5.857,1.6609,1.5641,0.88912,0.6708
6.1359,1.4541,1.366,0.77084,0.58267
6.4281,1.273,1.1929,0.66831,0.50612
6.7342,1.1144,1.0418,0.57941,0.43963
7.0548,0.97562,0.9098,0.50234,0.38186
7.3907,0.85337,0.79354,0.43445,0.33082
7.7426,0.74637,0.69207,0.37567,0.28653
8.1113,0.65278,0.60357,0.32484,0.24817
8.4975,0.57093,0.52638,0.28089,0.21494
8.9022,0.49933,0.45907,0.24289,0.18617
9.326,0.43639,0.39992,0.20948,0.16077
9.7701,0.38137,0.34838,0.18066,0.13883
10.235,0.33329,0.30349,0.1558,0.11988
10.723,0.29126,0.26437,0.13436,0.10351
11.233,0.25453,0.2303,0.11587,0.089379
11.768,0.22231,0.20046,0.099682,0.076958
12.328,0.19417,0.17449,0.085756,0.066263
12.915,0.16959,0.15189,0.073775,0.057054
13.53,0.14812,0.13221,0.063469,0.049125
14.175,0.12936,0.11508,0.054593,0.042289
14.85,0.11294,0.10013,0.046863,0.036318
15.557,0.098609,0.087119,0.040226,0.031189
16.298,0.086094,0.075801,0.03453,0.026785
17.074,0.075167,0.065953,0.029641,0.023002
17.886,0.065626,0.057383,0.025437,0.019749
18.738,0.057292,0.049923,0.021791,0.016922
19.63,0.050017,0.043433,0.018668,0.0145
20.565,0.043665,0.037786,0.015993,0.012424
21.544,0.03812,0.032873,0.013701,0.010646
22.57,0.033279,0.0286,0.011734,0.0091188
23.645,0.029056,0.024884,0.010034,0.0077986
24.771,0.025369,0.021651,0.0085808,0.0066696
25.95,0.022149,0.018838,0.0073379,0.0057041
27.186,0.019338,0.016391,0.0062751,0.0048783
28.48,0.016884,0.014262,0.0053644,0.0041706
29.836,0.014744,0.012411,0.0045802,0.0035611
31.257,0.012874,0.0108,0.0039106,0.0030407
32.745,0.011242,0.0093988,0.003339,0.0025964
34.305,0.0098166,0.0081791,0.0028509,0.002217
35.938,0.008572,0.007118,0.0024332,0.0018923
37.649,0.0074854,0.0061952,0.0020746,0.0016136
39.442,0.0065366,0.0053921,0.0017688,0.001376
41.32,0.0057079,0.004693,0.0015081,0.0011733
43.288,0.0049844,0.0040846,0.0012858,0.0010005
45.349,0.0043522,0.003555,0.0010959,0.00085286
47.508,0.0037996,0.0030938,0.00093313,0.00072641
49.77,0.0033172,0.0026924,0.00079457,0.00061871
52.14,0.0028961,0.0023431,0.00067658,0.00052698
54.623,0.0025284,0.0020391,0.00057611,0.00044885
57.224,0.002207,0.0017742,0.00049035,0.00038216
59.948,0.0019259,0.0015433,0.00041704,0.00032517
62.803,0.0016806,0.0013424,0.0003547,0.00027668
65.793,0.0014666,0.0011676,0.00030168,0.00023543
68.926,0.0012798,0.0010156,0.00025658,0.00020032
72.208,0.0011167,0.00088327,0.00021813,0.00017038
75.646,0.00097435,0.00076795,0.00018533,0.00014484
79.248,0.00085013,0.00066768,0.00015746,0.00012313
83.022,0.00074175,0.00058051,0.00013379,0.00010468
86.975,0.00064719,0.00050471,0.00011367,8.8986e-5
91.116,0.00056463,0.00043869,9.6545e-5,7.5618e-5
95.455,0.00049256,0.00038118,8.1963e-5,6.4231e-5
100.0,0.00042969,0.00033121,6.9584e-5,5.4558e-5
1.0,216.14,207.87,129.01,92.023
1.0476,190.96,183.87,114.3,81.546
1.0975,168.71,162.64,101.27,72.262
1.1498,148.98,143.72,89.597,63.963
1.2045,131.51,126.89,79.175,56.56
1.2619,116.08,112.03,69.966,50.014
1.3219,102.46,98.911,61.827,44.225
1.3849,90.444,87.328,54.635,39.106
1.4508,79.743,77.034,48.208,34.537
1.5199,70.249,67.909,42.49,30.473
1.5923,61.884,59.865,37.45,26.888
1.6681,54.516,52.774,33.007,23.724
1.7475,48.024,46.522,29.092,20.932
1.8307,42.34,40.998,25.597,18.442
1.9179,37.346,36.123,22.499,16.235
2.0092,32.941,31.828,19.776,14.291
2.1049,29.056,28.043,17.383,12.58
2.2051,25.629,24.709,15.279,11.074
2.3101,22.569,21.737,13.404,9.7312
2.4201,19.858,19.108,11.749,8.5445
2.5354,17.473,16.798,10.298,7.5025
2.6561,15.375,14.766,9.0259,6.5875
2.7826,13.528,12.981,7.9112,5.7841
2.9151,11.867,11.386,6.9196,5.0686
3.0539,10.398,9.9784,6.0475,4.4382
3.1993,9.1112,8.745,5.2853,3.8862
3.3516,7.9833,7.664,4.6192,3.4029
3.5112,6.9949,6.7167,4.037,2.9796
3.6784,6.1363,5.8838,3.52,2.6031
3.8535,5.385,5.1535,3.0671,2.2727
4.037,4.7256,4.5138,2.6725,1.9842
4.2292,4.1469,3.9535,2.3287,1.7324
4.4306,3.6391,3.4627,2.0291,1.5124
4.6416,3.1898,3.0286,1.7637,1.3173
4.8626,2.7952,2.6481,1.5323,1.1467
5.0941,2.4494,2.3154,1.3312,0.99817
5.3367,2.1464,2.0244,1.1565,0.86889
5.5908,1.8809,1.7701,1.0047,0.75635
5.857,1.6465,1.5456,0.87074,0.65677
6.1359,1.4411,1.3494,0.75439,0.5701
6.4281,1.2613,1.1781,0.65359,0.49486
6.7342,1.104,1.0285,0.56626,0.42955
7.0548,0.96625,0.89788,0.4906,0.37286
7.3907,0.84499,0.78291,0.42401,0.32279
7.7426,0.73888,0.68259,0.36638,0.27938
8.1113,0.6461,0.59512,0.31658,0.24181
8.4975,0.56496,0.51886,0.27355,0.20929
8.9022,0.49401,0.45237,0.23637,0.18114
9.326,0.43166,0.39398,0.20372,0.15632
9.7701,0.37717,0.34311,0.17556,0.13489
10.235,0.32955,0.29881,0.1513,0.11639
10.723,0.28794,0.26023,0.13039,0.10043
11.233,0.25159,0.22662,0.11236,0.086657
11.768,0.21971,0.19722,0.096591,0.074561
12.328,0.19186,0.17163,0.083038,0.064154
12.915,0.16755,0.14936,0.071386,0.055199
13.53,0.14631,0.12998,0.061369,0.047494
14.175,0.12777,0.11311,0.052749,0.040856
14.85,0.11154,0.098398,0.045248,0.035063
15.557,0.097373,0.085599,0.038813,0.03009
16.298,0.085006,0.074464,0.033294,0.025823
17.074,0.074208,0.064778,0.028559,0.022161
17.886,0.064781,0.056351,0.024492,0.019013
18.738,0.056551,0.049018,0.020968,0.016281
19.63,0.049365,0.04264,0.017951,0.013941
20.565,0.043093,0.037091,0.015368,0.011938
21.544,0.037617,0.032265,0.013156,0.010222
22.57,0.032838,0.028067,0.01126,0.0087504
23.645,0.028669,0.024418,0.009623,0.007479
24.771,0.025029,0.021244,0.008224,0.0063923
25.95,0.021852,0.018482,0.0070285,0.0054635
27.186,0.019077,0.016079,0.0060067,0.0046697
28.48,0.016656,0.013989,0.0051318,0.0039898
29.836,0.014543,0.012173,0.0043791,0.0034049
31.257,0.012699,0.010593,0.0037368,0.0029057
32.745,0.011088,0.0092178,0.0031887,0.0024797
34.305,0.0096818,0.0080211,0.0027211,0.0021161
35.938,0.0084539,0.0069801,0.0023211,0.0018053
37.649,0.0073819,0.006075,0.001978,0.0015386
39.442,0.0064458,0.0052872,0.0016856,0.0013114
41.32,0.0056284,0.0046016,0.0014365,0.0011177
43.288,0.0049146,0.0040048,0.0012241,0.00095261
45.349,0.004291,0.0034854,0.0010428,0.00081162
47.508,0.003746,0.003033,0.00088755,0.000691
49.77,0.0032701,0.0026394,0.00075543,0.0005883
52.14,0.0028547,0.0022969,0.00064298,0.00050087
54.623,0.0024921,0.0019988,0.00054726,0.00042643
57.224,0.0021751,0.001739,0.00046561,0.00036293
59.948,0.0018979,0.0015125,0.00039587,0.00030871
62.803,0.001656,0.0013156,0.00033658,0.00026259
65.793,0.0014449,0.0011442,0.00028616,0.00022336
68.926,0.0012608,0.00099521,0.0002433,0.00018999
72.208,0.0011,0.00086543,0.00020678,0.00016155
75.646,0.00095964,0.00075237,0.00017565,0.0001373
79.248,0.0008372,0.00065408,0.0001492,0.00011669
83.022,0.00073038,0.00056863,0.00012674,9.9175e-5
86.975,0.00063719,0.00049434,0.00010765,8.4289e-5
91.116,0.00055583,0.00042963,9.1414e-5,7.1613e-5
95.455,0.00048482,0.00037327,7.7597e-5,6.082e-5
100.0,0.00042288,0.0003243,6.5868e-5,5.1654e-5
1.0,215.74,207.32,128.44,91.599
1.0476,190.59,183.37,113.77,81.155
1.0975,168.37,162.18,100.78,71.902
1.1498,148.67,143.29,89.15,63.631
1.2045,131.22,126.5,78.761,56.253
1.2619,115.81,111.67,69.583,49.73
1.3219,102.22,98.576,61.474,43.964
1.3849,90.217,87.019,54.31,38.866
1.4508,79.534,76.749,47.908,34.315
1.5199,70.055,67.645,42.212,30.268
1.5923,61.705,59.622,37.194,26.698
1.6681,54.351,52.549,32.772,23.55
1.7475,47.872,46.316,28.876,20.772
1.8307,42.2,40.808,25.398,18.295
1.9179,37.217,35.948,22.316,16.099
2.0092,32.822,31.667,19.607,14.166
2.1049,28.946,27.895,17.228,12.465
2.2051,25.528,24.573,15.137,10.968
2.3101,22.476,21.612,13.274,9.6345
2.4201,19.773,18.994,11.629,8.4558
2.5354,17.395,16.692,10.188,7.4212
2.6561,15.303,14.67,8.9261,6.5131
2.7826,13.462,12.892,7.8202,5.7162
2.9151,11.806,11.305,6.8366,5.0065
3.0539,10.342,9.9043,5.9718,4.3816
3.1993,9.0598,8.6773,5.2164,3.8346
3.3516,7.9363,7.6023,4.5565,3.3559
3.5112,6.952,6.6604,3.9802,2.9369
3.6784,6.0972,5.8326,3.4684,2.5644
3.8535,5.3494,5.1071,3.0204,2.2375
4.037,4.6933,4.4717,2.6303,1.9524
4.2292,4.1176,3.9154,2.2905,1.7035
4.4306,3.6125,3.4283,1.9946,1.4864
4.6416,3.1658,2.9975,1.7327,1.2937
4.8626,2.7735,2.6201,1.5043,1.1255
5.0941,2.4299,2.2902,1.306,0.97909
5.3367,2.1288,2.0018,1.1339,0.85174
5.5908,1.865,1.7497,0.98446,0.74095
5.857,1.6322,1.5274,0.85265,0.64297
6.1359,1.4283,1.333,0.73822,0.55775
6.4281,1.2499,1.1634,0.63915,0.48382
6.7342,1.0937,1.0154,0.55338,0.41969
7.0548,0.95705,0.88618,0.47912,0.36405
7.3907,0.83677,0.77249,0.4138,0.31495
7.7426,0.73156,0.67332,0.35731,0.27242
8.1113,0.63957,0.58687,0.30854,0.23562
8.4975,0.55914,0.51152,0.26642,0.2038
8.9022,0.48882,0.44584,0.23006,0.17627
9.326,0.42705,0.3882,0.19814,0.15201
9.7701,0.37308,0.33799,0.17063,0.13108
10.235,0.32593,0.29428,0.14695,0.11303
10.723,0.28473,0.25622,0.12655,0.097465
11.233,0.24874,0.22307,0.10898,0.084037
11.768,0.21719,0.19409,0.09362,0.072258
12.328,0.18964,0.16887,0.080428,0.06213
12.915,0.16558,0.14693,0.069095,0.053422
13.53,0.14458,0.12784,0.059359,0.045933
14.175,0.12623,0.11122,0.050986,0.039487
14.85,0.11019,0.096739,0.043706,0.033865
15.557,0.096186,0.084142,0.037466,0.029044
16.298,0.083961,0.073184,0.032117,0.024909
17.074,0.073288,0.063654,0.027531,0.021362
17.886,0.063972,0.055364,0.023595,0.018316
18.738,0.055841,0.048155,0.020187,0.015674
19.63,0.048742,0.041884,0.017271,0.013413
20.565,0.042546,0.036429,0.014776,0.011478
21.544,0.037137,0.031685,0.012642,0.0098225
22.57,0.032416,0.02756,0.010813,0.0084029
23.645,0.0283,0.023975,0.0092356,0.0071778
24.771,0.024706,0.020857,0.0078883,0.0061313
25.95,0.021568,0.018144,0.0067376,0.0052374
27.186,0.018829,0.015784,0.0057547,0.0044738
28.48,0.016438,0.013732,0.0049136,0.0038203
29.836,0.014352,0.011948,0.0041907,0.0032585
31.257,0.012532,0.010397,0.0035741,0.0027793
32.745,0.010942,0.0090465,0.0030483,0.0023706
34.305,0.0095535,0.0078716,0.0025998,0.002022
35.938,0.0083414,0.0068497,0.0022165,0.001724
37.649,0.0072833,0.0059612,0.001888,0.0014687
39.442,0.0063594,0.005188,0.0016082,0.0012512
41.32,0.0055527,0.004515,0.0013698,0.0010659
43.288,0.0048482,0.0039294,0.0011668,0.00090807
45.349,0.0042328,0.0034196,0.00099348,0.00077334
47.508,0.0036949,0.0029756,0.00084525,0.00065815
49.77,0.0032253,0.0025893,0.00071915,0.00056012
52.14,0.0028154,0.0022532,0.00061185,0.00047669
54.623,0.0024575,0.0019606,0.00052057,0.00040569
57.224,0.0021448,0.0017058,0.00044273,0.00034516
59.948,0.0018712,0.0014835,0.0003763,0.0002935
62.803,0.0016325,0.0012902,0.00031984,0.00024957
65.793,0.0014243,0.0011221,0.00027185,0.00021222
68.926,0.0012426,0.00097588,0.00023106,0.00018046
72.208,0.001084,0.00084854,0.00019632,0.00015341
75.646,0.0009456,0.00073762,0.00016673,0.00013035
79.248,0.00082484,0.00064119,0.00014159,0.00011076
83.022,0.0007195,0.00055737,0.00012025,9.4118e-5
86.975,0.00062762,0.00048451,0.00010212,7.9974e-5
91.116,0.00054742,0.00042104,8.6703e-5,6.7935e-5
95.455,0.00047742,0.00036577,7.3589e-5,5.769e-5
100.0,0.00041637,0.00031775,6.2459e-5,4.899e-5
1.0,215.33,206.76,127.85,91.161
1.0476,190.21,182.85,113.23,80.752
1.0975,168.02,161.7,100.28,71.531
1.1498,148.35,142.86,88.687,63.288
1.2045,130.92,126.09,78.333,55.936
1.2619,115.54,111.29,69.188,49.438
1.3219,101.96,98.23,61.11,43.694
1.3849,89.983,86.701,53.975,38.618
1.4508,79.318,76.455,47.599,34.086
1.5199,69.855,67.374,41.927,30.057
1.5923,61.521,59.371,36.931,26.504
1.6681,54.181,52.319,32.53,23.371
1.7475,47.717,46.105,28.654,20.608
1.8307,42.056,40.614,25.194,18.144
1.9179,37.084,35.769,22.128,15.959
2.0092,32.7,31.502,19.435,14.038
2.1049,28.834,27.744,17.069,12.348
2.2051,25.425,24.434,14.992,10.861
2.3101,22.381,21.485,13.141,9.5362
2.4201,19.686,18.877,11.508,8.3656
2.5354,17.315,16.585,10.078,7.3387
2.6561,15.229,14.572,8.825,6.4378
2.7826,13.395,12.803,7.7281,5.6475
2.9151,11.745,11.223,6.7526,4.9439
3.0539,10.286,9.8295,5.8954,4.3245
3.1993,9.008,8.609,5.1469,3.7827
3.3516,7.8889,7.5401,4.4935,3.3087
3.5112,6.9088,6.6038,3.9231,2.8941
3.6784,6.0579,5.7813,3.4167,2.5255
3.8535,5.3137,5.0606,2.9737,2.2024
4.037,4.661,4.4297,2.588,1.9206
4.2292,4.0884,3.8774,2.2524,1.6748
4.4306,3.5861,3.3939,1.9603,1.4605
4.6416,3.1419,2.9666,1.7018,1.2704
4.8626,2.752,2.5923,1.4766,1.1045
5.0941,2.4105,2.2652,1.2812,0.96023
5.3367,2.1113,1.9793,1.1116,0.83481
5.5908,1.8493,1.7295,0.96451,0.72576
5.857,1.6182,1.5093,0.83482,0.62939
6.1359,1.4157,1.3169,0.72232,0.54562
6.4281,1.2386,1.149,0.62499,0.473
6.7342,1.0836,1.0025,0.54076,0.41003
7.0548,0.94802,0.87471,0.46789,0.35545
7.3907,0.82872,0.76229,0.40384,0.30731
7.7426,0.72439,0.66425,0.34848,0.26563
8.1113,0.63319,0.57882,0.30072,0.22961
8.4975,0.55346,0.50437,0.2595,0.19846
8.9022,0.48377,0.43949,0.22393,0.17154
9.326,0.42257,0.38258,0.19273,0.14784
9.7701,0.36911,0.33302,0.16587,0.1274
10.235,0.32241,0.28989,0.14275,0.10979
10.723,0.28162,0.25234,0.12286,0.094607
11.233,0.24598,0.21964,0.10573,0.08152
11.768,0.21475,0.19107,0.090769,0.070049
12.328,0.18749,0.16621,0.077928,0.060192
12.915,0.16369,0.14459,0.066903,0.051722
13.53,0.14291,0.12578,0.057439,0.044443
14.175,0.12476,0.10941,0.049305,0.038181
14.85,0.1089,0.095149,0.042239,0.032725
15.557,0.095047,0.082747,0.036185,0.028049
16.298,0.082959,0.071961,0.030999,0.02404
17.074,0.072408,0.062581,0.026556,0.020605
17.886,0.063199,0.054423,0.022745,0.017655
18.738,0.055162,0.047332,0.019448,0.0151
19.63,0.048147,0.041164,0.016629,0.012914
20.565,0.042024,0.0358,0.014219,0.011045
21.544,0.036679,0.031135,0.012158,0.0094463
22.57,0.032015,0.027078,0.010393,0.0080765
23.645,0.027948,0.023555,0.008872,0.0068953
24.771,0.024398,0.02049,0.0075736,0.0058868
25.95,0.021298,0.017824,0.0064653,0.0050259
27.186,0.018592,0.015504,0.0055191,0.0042908
28.48,0.016231,0.013488,0.0047099,0.0036621
29.836,0.014171,0.011736,0.004015,0.003122
31.257,0.012373,0.010211,0.0034226,0.0026616
32.745,0.010803,0.0088847,0.0029176,0.0022691
34.305,0.0094317,0.0077306,0.0024871,0.0019345
35.938,0.0082348,0.0067267,0.0021195,0.0016487
37.649,0.0071898,0.005854,0.0018046,0.001404
39.442,0.0062774,0.0050945,0.0015364,0.0011955
41.32,0.0054808,0.0044335,0.0013082,0.0010181
43.288,0.0047853,0.0038583,0.0011138,0.00086694
45.349,0.0041776,0.0033576,0.00094797,0.00073802
47.508,0.0036464,0.0029215,0.00080625,0.00062788
49.77,0.0031827,0.0025421,0.00068572,0.00053417
52.14,0.002778,0.002212,0.00058321,0.00045445
54.623,0.0024247,0.0019247,0.00049602,0.00038663
57.224,0.0021159,0.0016744,0.00042172,0.00032883
59.948,0.0018458,0.0014561,0.00035835,0.00027954
62.803,0.0016102,0.0012663,0.0003045,0.00023765
65.793,0.0014046,0.0011012,0.00025874,0.00020203
68.926,0.0012253,0.00095764,0.00021986,0.00017175
72.208,0.0010688,0.00083261,0.00018676,0.00014596
75.646,0.00093221,0.0007237,0.00015858,0.00012401
79.248,0.00081306,0.00062903,0.00013465,0.00010535
83.022,0.00070914,0.00054674,0.00011433,8.9505e-5
86.975,0.0006185,0.00047522,9.7079e-5,7.6041e-5
91.116,0.00053939,0.00041293,8.2411e-5,6.4586e-5
95.455,0.00047035,0.00035868,6.9941e-5,5.4841e-5
100.0,0.00041015,0.00031155,5.9358e-5,4.6567e-5
1.0,214.9,206.19,127.24,90.709
1.0476,189.82,182.32,112.67,80.336
1.0975,167.66,161.21,99.764,71.148
1.1498,148.02,142.4,88.21,62.935
1.2045,130.61,125.67,77.892,55.61
1.2619,115.25,110.9,68.78,49.137
1.3219,101.7,97.873,60.735,43.417
1.3849,89.743,86.373,53.63,38.363
1.4508,79.095,76.152,47.28,33.851
1.5199,69.65,67.094,41.633,29.84
1.5923,61.332,59.114,36.66,26.305
1.6681,54.007,52.082,32.281,23.188
1.7475,47.557,45.887,28.426,20.44
1.8307,41.909,40.414,24.984,17.989
1.9179,36.948,35.585,21.935,15.817
2.0092,32.575,31.333,19.258,13.907
2.1049,28.719,27.589,16.908,12.228
2.2051,25.32,24.292,14.845,10.752
2.3101,22.285,21.355,13.006,9.4361
2.4201,19.597,18.758,11.385,8.274
2.5354,17.233,16.476,9.965,7.2551
2.6561,15.155,14.472,8.7224,6.3616
2.7826,13.327,12.712,7.6348,5.5781
2.9151,11.682,11.14,6.6678,4.8806
3.0539,10.229,9.7539,5.8183,4.2669
3.1993,8.9557,8.5402,5.077,3.7304
3.3516,7.8412,7.4774,4.4302,3.2613
3.5112,6.8653,6.5469,3.8658,2.8512
3.6784,6.0185,5.7297,3.3649,2.4866
3.8535,5.278,5.0139,2.9269,2.1672
4.037,4.6286,4.3875,2.5459,1.8888
4.2292,4.0591,3.8394,2.2144,1.6462
4.4306,3.5596,3.3597,1.9262,1.4347
4.6416,3.1181,2.9358,1.6711,1.2472
4.8626,2.7306,2.5646,1.4491,1.0837
5.0941,2.3912,2.2403,1.2566,0.94157
5.3367,2.094,1.9571,1.0896,0.81809
5.5908,1.8338,1.7096,0.94483,0.71079
5.857,1.6043,1.4915,0.81728,0.61603
6.1359,1.4033,1.301,0.7067,0.53371
6.4281,1.2275,1.1349,0.61109,0.46239
6.7342,1.0737,0.9899,0.52841,0.40059
7.0548,0.93916,0.86346,0.45692,0.34705
7.3907,0.82084,0.7523,0.39412,0.29986
7.7426,0.71738,0.65539,0.33989,0.25904
8.1113,0.62696,0.57096,0.29312,0.22376
8.4975,0.54793,0.4974,0.25278,0.19329
8.9022,0.47885,0.43332,0.218,0.16697
9.326,0.41822,0.37713,0.18751,0.14381
9.7701,0.36526,0.32821,0.16127,0.12385
10.235,0.31901,0.28564,0.13871,0.10666
10.723,0.2786,0.24859,0.1193,0.091861
11.233,0.24332,0.21634,0.10261,0.079105
11.768,0.21241,0.18816,0.088036,0.067933
12.328,0.18542,0.16366,0.075536,0.058339
12.915,0.16187,0.14234,0.064811,0.0501
13.53,0.1413,0.1238,0.055608,0.043024
14.175,0.12335,0.10767,0.047705,0.03694
14.85,0.10765,0.093628,0.040844,0.031643
15.557,0.093957,0.081415,0.03497,0.027106
16.298,0.082002,0.070794,0.029941,0.023219
17.074,0.071568,0.061559,0.025635,0.019889
17.886,0.062461,0.053528,0.021944,0.017033
18.738,0.054515,0.04655,0.018753,0.01456
19.63,0.04758,0.040481,0.016026,0.012446
20.565,0.041527,0.035203,0.013696,0.010639
21.544,0.036244,0.030613,0.011704,0.0090938
22.57,0.031634,0.026623,0.0099998,0.0077711
23.645,0.027615,0.023158,0.0085322,0.0066313
24.771,0.024106,0.020143,0.0072799,0.0056587
25.95,0.021043,0.017522,0.0062115,0.0048288
27.186,0.018369,0.015241,0.0052999,0.0041206
28.48,0.016035,0.013258,0.0045207,0.0035151
29.836,0.014,0.011535,0.003852,0.0029955
31.257,0.012223,0.010037,0.0032822,0.0025527
32.745,0.010671,0.0087326,0.0027967,0.0021753
34.305,0.0093165,0.007598,0.002383,0.0018537
35.938,0.0081338,0.0066111,0.0020299,0.0015792
37.649,0.0071013,0.0057532,0.0017277,0.0013443
39.442,0.0061998,0.0050066,0.0014704,0.0011443
41.32,0.0054128,0.0043569,0.0012515,0.0009741
43.288,0.0047257,0.0037915,0.0010651,0.0008292
45.349,0.0041253,0.0032994,0.00090626,0.00070565
47.508,0.0036004,0.0028708,0.00077054,0.00060016
49.77,0.0031424,0.0024978,0.00065515,0.00051044
52.14,0.0027426,0.0021733,0.00055704,0.00043414
54.623,0.0023936,0.001891,0.00047362,0.00036924
57.224,0.0020886,0.001645,0.00040257,0.00031396
59.948,0.0018218,0.0014304,0.000342,0.00026685
62.803,0.001589,0.0012438,0.00029054,0.0002268
65.793,0.001386,0.0010816,0.00024683,0.00019277
68.926,0.0012089,0.00094049,0.00020969,0.00016384
72.208,0.0010544,0.00081763,0.00017809,0.00013922
75.646,0.00091949,0.0007106,0.0001512,0.00011826
79.248,0.00080186,0.00061758,0.00012837,0.00010046
83.022,0.00069927,0.00053674,0.00010898,8.5336e-5
86.975,0.00060981,0.00046648,9.2524e-5,7.249e-5
91.116,0.00053174,0.00040528,7.8537e-5,6.1564e-5
95.455,0.00046362,0.00035199,6.6651e-5,5.2273e-5
100.0,0.00040422,0.00030571,5.6564e-5,4.4384e-5
1.0,214.46,205.59,126.62,90.248
1.0476,189.42,181.77,112.09,79.91
1.0975,167.29,160.71,99.236,70.757
1.1498,147.67,141.94,87.723,62.574
1.2045,130.3,125.24,77.441,55.276
1.2619,114.96,110.51,68.365,48.83
1.3219,101.43,97.509,60.352,43.134
1.3849,89.497,86.038,53.278,38.104
1.4508,78.869,75.844,46.956,33.612
1.5199,69.441,66.81,41.335,29.62
1.5923,61.139,58.852,36.386,26.102
1.6681,53.83,51.842,32.029,23.002
1.7475,47.394,45.667,28.195,20.269
1.8307,41.76,40.211,24.772,17.833
1.9179,36.811,35.399,21.741,15.674
2.0092,32.449,31.162,19.08,13.776
2.1049,28.604,27.433,16.745,12.108
2.2051,25.214,24.149,14.696,10.642
2.3101,22.187,21.224,12.871,9.3355
2.4201,19.508,18.638,11.261,8.1821
2.5354,17.151,16.367,9.8521,7.1712
2.6561,15.08,14.372,8.6197,6.2852
2.7826,13.258,12.621,7.5415,5.5086
2.9151,11.62,11.057,6.583,4.8175
3.0539,10.171,9.6783,5.7414,4.2096
3.1993,8.9036,8.4714,5.0074,3.6784
3.3516,7.7937,7.415,4.3672,3.2141
3.5112,6.8221,6.4902,3.8088,2.8085
3.6784,5.9793,5.6785,3.3135,2.4481
3.8535,5.2426,4.9677,2.8806,2.1324
4.037,4.5966,4.3458,2.5042,1.8575
4.2292,4.0302,3.8018,2.1769,1.6179
4.4306,3.5335,3.3258,1.8925,1.4093
4.6416,3.0946,2.9054,1.641,1.2244
4.8626,2.7095,2.5373,1.4221,1.0632
5.0941,2.3723,2.2159,1.2324,0.92325
5.3367,2.077,1.9352,1.068,0.8017
5.5908,1.8185,1.69,0.92555,0.69615
5.857,1.5906,1.4741,0.80012,0.60298
6.1359,1.3911,1.2855,0.69145,0.52209
6.4281,1.2166,1.121,0.59754,0.45204
6.7342,1.064,0.97757,0.51638,0.39139
7.0548,0.93051,0.85248,0.44624,0.33888
7.3907,0.81316,0.74257,0.38468,0.29263
7.7426,0.71056,0.64677,0.33155,0.25264
8.1113,0.6209,0.56332,0.28575,0.21811
8.4975,0.54255,0.49064,0.24628,0.1883
8.9022,0.47408,0.42733,0.21226,0.16256
9.326,0.41401,0.37184,0.18247,0.13993
9.7701,0.36153,0.32355,0.15685,0.12044
10.235,0.31571,0.28153,0.13482,0.10366
10.723,0.27569,0.24497,0.11589,0.089221
11.233,0.24074,0.21315,0.099608,0.076786
11.768,0.21014,0.18536,0.085415,0.065905
12.328,0.18343,0.16119,0.073245,0.056565
12.915,0.16011,0.14018,0.062808,0.048548
13.53,0.13976,0.1219,0.053859,0.041667
14.175,0.12199,0.10601,0.046177,0.035755
14.85,0.10646,0.092169,0.039515,0.030611
15.557,0.09291,0.080138,0.033813,0.026208
16.298,0.081083,0.069676,0.028934,0.022437
17.074,0.070761,0.06058,0.02476,0.019209
17.886,0.061753,0.052672,0.021182,0.016442
18.738,0.053896,0.045802,0.018093,0.014047
19.63,0.047038,0.039828,0.015454,0.012002
20.565,0.041052,0.034633,0.0132,0.010254
21.544,0.035828,0.030116,0.011275,0.0087605
22.57,0.031269,0.026189,0.0096283,0.0074825
23.645,0.027295,0.022779,0.0082114,0.0063822
24.771,0.023826,0.019813,0.007003,0.0054437
25.95,0.020798,0.017234,0.0059724,0.0046432
27.186,0.018155,0.01499,0.0050935,0.0039604
28.48,0.015848,0.013039,0.0043427,0.003377
29.836,0.013836,0.011345,0.0036988,0.0028766
31.257,0.012079,0.0098706,0.0031504,0.0024504
32.745,0.010545,0.0085879,0.0026833,0.0020873
34.305,0.0092064,0.0074719,0.0022855,0.001778
35.938,0.0080374,0.0065013,0.001946,0.0015141
37.649,0.0070167,0.0056575,0.0016557,0.0012885
39.442,0.0061257,0.0049232,0.0014087,0.0010964
41.32,0.0053478,0.0042842,0.0011985,0.00093302
43.288,0.0046686,0.0037281,0.0010197,0.00079396
45.349,0.0040753,0.003244,0.00086733,0.00067546
47.508,0.0035565,0.0028225,0.00073724,0.00057433
49.77,0.0031038,0.0024557,0.00062667,0.00048834
52.14,0.0027086,0.0021366,0.00053267,0.00041523
54.623,0.0023638,0.0018589,0.00045278,0.00035306
57.224,0.0020624,0.001617,0.00038476,0.00030014
59.948,0.0017987,0.0014059,0.00032681,0.00025505
62.803,0.0015687,0.0012224,0.00027758,0.00021673
65.793,0.0013681,0.0010629,0.00023577,0.00018417
68.926,0.0011932,0.00092417,0.00020026,0.00015651
72.208,0.0010405,0.00080336,0.00017005,0.00013297
75.646,0.00090729,0.00069813,0.00014436,0.00011294
79.248,0.00079111,0.00060667,0.00012254,9.5927e-5
83.022,0.0006898,0.0005272,0.00010403,8.1477e-5
86.975,0.00060147,0.00045814,8.831e-5,6.9205e-5
91.116,0.0005244,0.000398,7.4955e-5,5.877e-5
95.455,0.00045715,0.00034562,6.361e-5,4.99e-5
100.0,0.00039852,0.00030014,5.3982e-5,4.2368e-5
1.0,214.02,204.99,125.98,89.777
1.0476,189.01,181.21,111.51,79.476
1.0975,166.92,160.2,98.697,70.358
1.1498,147.33,141.47,87.226,62.207
1.2045,129.98,124.8,76.982,54.938
1.2619,114.67,110.11,67.942,48.517
1.3219,101.16,97.138,59.963,42.848
1.3849,89.247,85.698,52.921,37.84
1.4508,78.639,75.53,46.628,33.37
1.5199,69.229,66.521,41.032,29.397
1.5923,60.944,58.587,36.108,25.897
1.6681,53.651,51.599,31.774,22.814
1.7475,47.231,45.444,27.961,20.097
1.8307,41.609,40.007,24.558,17.675
1.9179,36.673,35.211,21.545,15.529
2.0092,32.322,30.99,18.901,13.643
2.1049,28.487,27.275,16.581,11.987
2.2051,25.108,24.006,14.547,10.531
2.3101,22.09,21.092,12.734,9.2347
2.4201,19.418,18.518,11.137,8.0902
2.5354,17.07,16.257,9.7392,7.0875
2.6561,15.005,14.273,8.5172,6.209
2.7826,13.19,12.53,7.4485,5.4394
2.9151,11.558,10.974,6.4987,4.7547
3.0539,10.115,9.6031,5.665,4.1526
3.1993,8.8518,8.403,4.9382,3.6267
3.3516,7.7465,7.3529,4.3047,3.1675
3.5112,6.7792,6.434,3.7525,2.7663
3.6784,5.9405,5.6277,3.2627,2.41
3.8535,5.2075,4.9219,2.8348,2.0981
4.037,4.5649,4.3046,2.4631,1.8266
4.2292,4.0016,3.7647,2.14,1.5901
4.4306,3.5078,3.2924,1.8594,1.3843
4.6416,3.0715,2.8755,1.6113,1.202
4.8626,2.6887,2.5105,1.3956,1.0432
5.0941,2.3537,2.1919,1.2087,0.90534
5.3367,2.0604,1.9137,1.0469,0.78569
5.5908,1.8036,1.6708,0.90672,0.68185
5.857,1.5773,1.457,0.78339,0.59025
6.1359,1.3792,1.2703,0.67659,0.51077
6.4281,1.206,1.1075,0.58435,0.44199
6.7342,1.0545,0.96555,0.50469,0.38247
7.0548,0.9221,0.84179,0.43589,0.33095
7.3907,0.80569,0.73311,0.37553,0.28562
7.7426,0.70393,0.63839,0.32347,0.24645
8.1113,0.61502,0.55591,0.27863,0.21264
8.4975,0.53734,0.48408,0.24,0.18347
8.9022,0.46946,0.42153,0.20673,0.1583
9.326,0.40992,0.36673,0.17761,0.13618
9.7701,0.35793,0.31905,0.15258,0.11715
10.235,0.31253,0.27757,0.13108,0.10077
10.723,0.27288,0.24147,0.11261,0.086686
11.233,0.23826,0.21007,0.096733,0.074563
11.768,0.20796,0.18266,0.082903,0.063961
12.328,0.18151,0.15883,0.071051,0.054866
12.915,0.15842,0.1381,0.060893,0.047064
13.53,0.13827,0.12008,0.052187,0.040371
14.175,0.12068,0.10441,0.044719,0.034624
14.85,0.10531,0.09077,0.038246,0.029627
15.557,0.091904,0.078914,0.032711,0.025352
16.298,0.080201,0.068606,0.027976,0.021694
17.074,0.069987,0.059644,0.023927,0.018563
17.886,0.061074,0.051853,0.020459,0.01588
18.738,0.053301,0.045088,0.017467,0.013561
19.63,0.046517,0.039205,0.014912,0.01158
20.565,0.040596,0.034089,0.012731,0.0098892
21.544,0.035429,0.029641,0.010869,0.0084449
22.57,0.03092,0.025774,0.0092767,0.0072095
23.645,0.02699,0.022418,0.007908,0.0061467
24.771,0.023559,0.019499,0.0067412,0.0052405
25.95,0.020564,0.016959,0.0057466,0.0044679
27.186,0.01795,0.014751,0.0048988,0.0038092
28.48,0.015668,0.012831,0.0041748,0.0032467
29.836,0.013679,0.011163,0.0035545,0.0027646
31.257,0.011941,0.0097123,0.0030263,0.0023541
32.745,0.010425,0.00845,0.0025766,0.0020045
34.305,0.0091009,0.0073518,0.0021937,0.0017068
35.938,0.007945,0.0063966,0.0018672,0.001453
37.649,0.0069357,0.0055662,0.0015881,0.001236
39.442,0.0060546,0.0048436,0.0013508,0.0010515
41.32,0.0052855,0.0042148,0.0011489,0.00089449
43.288,0.004614,0.0036677,0.00097715,0.00076094
45.349,0.0040273,0.0031913,0.00083086,0.00064717
47.508,0.0035144,0.0027765,0.00070606,0.00055014
49.77,0.0030667,0.0024155,0.00060001,0.00046766
52.14,0.0026761,0.0021015,0.00050988,0.00039754
54.623,0.0023352,0.0018284,0.00043329,0.00033794
57.224,0.0020372,0.0015903,0.00036812,0.00028722
59.948,0.0017765,0.0013826,0.00031261,0.00024403
62.803,0.0015492,0.001202,0.00026548,0.00020733
65.793,0.0013509,0.0010451,0.00022545,0.00017615
68.926,0.0011781,0.00090858,0.00019146,0.00014967
72.208,0.0010272,0.00078973,0.00016256,0.00012714
75.646,0.00089554,0.0006862,0.00013798,0.00010798
79.248,0.00078075,0.00059625,0.00011712,9.1705e-5
83.022,0.00068068,0.00051808,9.9416e-5,7.7884e-5
86.975,0.00059344,0.00045017,8.4386e-5,6.6146e-5
91.116,0.00051732,0.00039102,7.1622e-5,5.617e-5
95.455,0.00045092,0.00033952,6.0781e-5,4.7692e-5
100.0,0.00039304,0.0002948,5.1581e-5,4.0493e-5
1.0,213.56,204.37,125.33,89.296
1.0476,188.59,180.65,110.91,79.035
1.0975,166.53,159.67,98.148,69.952
1.1498,146.97,140.98,86.72,61.833
1.2045,129.65,124.36,76.515,54.593
1.2619,114.37,109.7,67.512,48.2
1.3219,100.89,96.762,59.567,42.556
1.3849,88.994,85.352,52.558,37.573
1.4508,78.406,75.212,46.294,33.125
1.5199,69.014,66.229,40.725,29.171
1.5923,60.747,58.318,35.826,25.69
1.6681,53.47,51.352,31.517,22.624
1.7475,47.065,45.218,27.725,19.924
1.8307,41.457,39.8,24.342,17.516
1.9179,36.533,35.022,21.347,15.383
2.0092,32.194,30.817,18.72,13.51
2.1049,28.37,27.117,16.417,11.865
2.2051,25.001,23.861,14.397,10.421
2.3101,21.992,20.961,12.598,9.1338
2.4201,19.329,18.397,11.012,7.9983
2.5354,16.988,16.148,9.6264,7.0039
2.6561,14.931,14.173,8.4148,6.1331
2.7826,13.122,12.44,7.3557,5.3705
2.9151,11.496,10.892,6.4147,4.6922
3.0539,10.058,9.5282,5.589,4.096
3.1993,8.8002,8.3351,4.8696,3.5756
3.3516,7.6997,7.2913,4.2428,3.1212
3.5112,6.7367,6.3783,3.6967,2.7246
3.6784,5.9021,5.5775,3.2125,2.3724
3.8535,5.1728,4.8767,2.7897,2.0643
4.037,4.5337,4.2639,2.4225,1.7961
4.2292,3.9735,3.7281,2.1037,1.5628
4.4306,3.4825,3.2596,1.8268,1.3598
4.6416,3.0487,2.846,1.5822,1.1801
4.8626,2.6684,2.4842,1.3696,1.0236
5.0941,2.3354,2.1684,1.1856,0.88782
5.3367,2.044,1.8927,1.0263,0.77005
5.5908,1.789,1.6521,0.88835,0.6679
5.857,1.5643,1.4403,0.76708,0.57786
6.1359,1.3676,1.2554,0.66213,0.49976
6.4281,1.1957,1.0943,0.57154,0.43222
6.7342,1.0453,0.95384,0.49334,0.3738
7.0548,0.9139,0.8314,0.42584,0.32328
7.3907,0.79843,0.72392,0.36667,0.27884
7.7426,0.6975,0.63027,0.31567,0.24046
8.1113,0.60932,0.54873,0.27175,0.20736
8.4975,0.53228,0.47773,0.23395,0.17882
8.9022,0.46498,0.41592,0.2014,0.1542
9.326,0.40597,0.3618,0.17294,0.13259
9.7701,0.35444,0.31471,0.14848,0.11399
10.235,0.30945,0.27374,0.12749,0.098003
10.723,0.27017,0.23811,0.10946,0.084257
11.233,0.23587,0.20711,0.093979,0.072434
11.768,0.20586,0.18007,0.0805,0.062102
12.328,0.17966,0.15655,0.068954,0.053243
12.915,0.1568,0.13611,0.059064,0.045648
13.53,0.13684,0.11833,0.050593,0.039136
14.175,0.11943,0.10288,0.04333,0.033547
14.85,0.10421,0.089431,0.037039,0.028692
15.557,0.090939,0.077743,0.031662,0.024539
16.298,0.079355,0.067582,0.027066,0.020987
17.074,0.069245,0.058749,0.023137,0.01795
17.886,0.060424,0.051071,0.019773,0.015348
18.738,0.052732,0.044406,0.016874,0.0131
19.63,0.046019,0.038609,0.014399,0.011182
20.565,0.04016,0.03357,0.012287,0.0095447
21.544,0.035047,0.029188,0.010485,0.008147
22.57,0.030586,0.025379,0.008945,0.0069521
23.645,0.026697,0.022074,0.0076221,0.0059247
24.771,0.023303,0.019199,0.0064948,0.0050492
25.95,0.02034,0.016698,0.0055342,0.0043031
27.186,0.017754,0.014523,0.0047157,0.0036672
28.48,0.015497,0.012632,0.0040172,0.0031244
29.836,0.013528,0.01099,0.003419,0.0026595
31.257,0.01181,0.0095618,0.0029099,0.0022638
32.745,0.01031,0.0083189,0.0024766,0.0019269
34.305,0.0090001,0.0072375,0.0021078,0.0016402
35.938,0.0078566,0.006297,0.0017935,0.0013958
37.649,0.0068582,0.0054794,0.0015249,0.001187
39.442,0.0059866,0.0047679,0.0012966,0.0010095
41.32,0.0052258,0.0041489,0.0011025,0.00085852
43.288,0.0045617,0.0036101,0.00093741,0.00073012
45.349,0.0039814,0.0031412,0.00079685,0.00062079
47.508,0.003474,0.0027327,0.000677,0.0005276
49.77,0.0030312,0.0023773,0.00057517,0.00044839
52.14,0.0026449,0.0020682,0.00048866,0.00038108
54.623,0.0023078,0.0017992,0.00041516,0.00032387
57.224,0.0020131,0.0015648,0.00035264,0.0002752
59.948,0.0017553,0.0013603,0.00029942,0.00023378
62.803,0.0015305,0.0011826,0.00025424,0.0001986
65.793,0.0013344,0.0010281,0.00021587,0.00016871
68.926,0.0011635,0.00089371,0.00018329,0.00014332
72.208,0.0010144,0.00077673,0.0001556,0.00012173
75.646,0.00088425,0.00067483,0.00013207,0.00010338
79.248,0.00077081,0.0005863,0.0001121,8.7792e-5
83.022,0.00067192,0.00050938,9.5144e-5,7.4556e-5
86.975,0.00058571,0.00044256,8.0754e-5,6.3315e-5
91.116,0.00051052,0.00038437,6.8537e-5,5.3764e-5
95.455,0.00044493,0.0003337,5.8164e-5,4.5649e-5
100.0,0.00038776,0.00028971,4.9361e-5,3.8759e-5
1.0,213.1,203.74,124.67,88.807
1.0476,188.16,180.07,110.3,78.585
1.0975,166.14,159.14,97.588,69.539
1.1498,146.61,140.49,86.204,61.453
1.2045,129.32,123.91,76.04,54.243
1.2619,114.06,109.28,67.074,47.878
1.3219,100.61,96.379,59.166,42.261
1.3849,88.737,85.0,52.19,37.302
1.4508,78.17,74.89,45.956,32.876
1.5199,68.797,65.932,40.415,28.943
1.5923,60.548,58.046,35.542,25.48
1.6681,53.287,51.103,31.256,22.432
1.7475,46.897,44.99,27.487,19.748
1.8307,41.304,39.591,24.125,17.356
1.9179,36.393,34.831,21.148,15.237
2.0092,32.066,30.642,18.539,13.377
2.1049,28.253,26.958,16.252,11.743
2.2051,24.893,23.716,14.246,10.31
2.3101,21.894,20.828,12.461,9.0327
2.4201,19.239,18.277,10.888,7.9063
2.5354,16.906,16.038,9.5136,6.9204
2.6561,14.856,14.073,8.3126,6.0574
2.7826,13.054,12.349,7.2633,5.3019
2.9151,11.434,10.81,6.3311,4.6301
3.0539,10.002,9.4536,5.5135,4.0398
3.1993,8.7491,8.2675,4.8015,3.5248
3.3516,7.6532,7.2302,4.1814,3.0754
3.5112,6.6945,6.323,3.6414,2.6833
3.6784,5.864,5.5277,3.1629,2.3353
3.8535,5.1386,4.8319,2.7452,2.0309
4.037,4.5028,4.2237,2.3826,1.7662
4.2292,3.9457,3.692,2.068,1.5359
4.4306,3.4575,3.2272,1.7949,1.3357
4.6416,3.0264,2.8171,1.5537,1.1586
4.8626,2.6484,2.4584,1.3442,1.0044
5.0941,2.3175,2.1453,1.1629,0.87069
5.3367,2.028,1.8721,1.0061,0.75479
5.5908,1.7747,1.6337,0.87043,0.65431
5.857,1.5515,1.424,0.75119,0.56579
6.1359,1.3563,1.241,0.64806,0.48906
6.4281,1.1856,1.0815,0.55909,0.42274
6.7342,1.0364,0.94245,0.48233,0.36541
7.0548,0.90594,0.8213,0.41611,0.31584
7.3907,0.79137,0.71499,0.35811,0.27229
7.7426,0.69125,0.62239,0.30812,0.23469
8.1113,0.60379,0.54177,0.26512,0.20227
8.4975,0.52739,0.4716,0.22811,0.17434
8.9022,0.46066,0.4105,0.19627,0.15026
9.326,0.40216,0.35703,0.16845,0.12913
9.7701,0.35108,0.31052,0.14455,0.11096
10.235,0.30649,0.27006,0.12405,0.095349
10.723,0.26756,0.23488,0.10645,0.081933
11.233,0.23357,0.20427,0.091346,0.070399
11.768,0.20384,0.17758,0.078205,0.060328
12.328,0.17789,0.15437,0.066955,0.051696
12.915,0.15524,0.1342,0.057323,0.0443
13.53,0.13547,0.11666,0.049076,0.037961
14.175,0.11822,0.10141,0.04201,0.032523
14.85,0.10316,0.08815,0.035894,0.027804
15.557,0.090015,0.076624,0.030669,0.023769
16.298,0.078545,0.066605,0.026204,0.020319
17.074,0.068536,0.057896,0.022389,0.01737
17.886,0.059803,0.050326,0.019126,0.014845
18.738,0.052188,0.043756,0.016314,0.012666
19.63,0.045543,0.038043,0.013915,0.010807
20.565,0.039744,0.033076,0.011869,0.0092203
21.544,0.034683,0.028758,0.010124,0.0078668
22.57,0.030267,0.025004,0.0086333,0.0067101
23.645,0.026418,0.021747,0.0073536,0.0057164
24.771,0.023059,0.018914,0.0062636,0.0048698
25.95,0.020127,0.01645,0.0053352,0.0041486
27.186,0.017567,0.014307,0.0045443,0.0035342
28.48,0.015333,0.012444,0.0038697,0.00301
29.836,0.013385,0.010827,0.0032924,0.0025613
31.257,0.011685,0.0094191,0.0028012,0.0021795
32.745,0.0102,0.0081946,0.0023833,0.0018546
34.305,0.0089038,0.0071292,0.0020277,0.0015781
35.938,0.0077723,0.0062027,0.0017248,0.0013425
37.649,0.0067842,0.0053971,0.0014661,0.0011414
39.442,0.0059217,0.0046962,0.0012463,0.00097046
41.32,0.0051688,0.0040863,0.0010594,0.0008251
43.288,0.0045117,0.0035556,0.00090051,0.00070151
45.349,0.0039375,0.0030936,0.00076529,0.00059632
47.508,0.0034354,0.0026911,0.00065005,0.0005067
49.77,0.0029973,0.0023411,0.00055216,0.00043055
52.14,0.002615,0.0020365,0.00046901,0.00036584
54.623,0.0022816,0.0017716,0.00039839,0.00031086
57.224,0.00199,0.0015407,0.00033833,0.0002641
59.948,0.0017349,0.0013392,0.00028723,0.00022432
62.803,0.0015125,0.0011641,0.00024385,0.00019054
65.793,0.0013186,0.0010119,0.00020703,0.00016184
68.926,0.0011496,0.00087958,0.00017576,0.00013746
72.208,0.0010021,0.00076437,0.0001492,0.00011675
75.646,0.00087343,0.00066401,0.00012663,9.9142e-5
79.248,0.00076126,0.00057683,0.00010747,8.419e-5
83.022,0.00066351,0.0005011,9.1211e-5,7.1493e-5
86.975,0.0005783,0.00043531,7.7412e-5,6.0711e-5
91.116,0.00050399,0.00037802,6.57e-5,5.1552e-5
95.455,0.00043918,0.00032815,5.5759e-5,4.3772e-5
100.0,0.0003827,0.00028486,4.7322e-5,3.7167e-5
1.0,212.63,203.1,124.0,88.309
1.0476,187.73,179.48,109.68,78.127
1.0975,165.74,158.6,97.017,69.118
1.1498,146.25,139.99,85.679,61.066
1.2045,128.98,123.45,75.556,53.887
1.2619,113.75,108.86,66.63,47.551
1.3219,100.32,95.989,58.758,41.961
1.3849,88.476,84.644,51.816,37.027
1.4508,77.93,74.562,45.613,32.624
1.5199,68.577,65.632,40.1,28.712
1.5923,60.346,57.77,35.254,25.269
1.6681,53.102,50.851,30.993,22.238
1.7475,46.728,44.76,27.247,19.572
1.8307,41.149,39.38,23.905,17.194
1.9179,36.251,34.638,20.948,15.089
2.0092,31.936,30.467,18.356,13.242
2.1049,28.135,26.798,16.085,11.621
2.2051,24.786,23.57,14.095,10.198
2.3101,21.796,20.695,12.324,8.9315
2.4201,19.149,18.156,10.764,7.8144
2.5354,16.824,15.928,9.4009,6.837
2.6561,14.782,13.973,8.2106,5.9818
2.7826,12.987,12.259,7.1711,5.2336
2.9151,11.372,10.728,6.2479,4.5683
3.0539,9.9458,9.3793,5.4384,3.984
3.1993,8.6982,8.2003,4.7339,3.4745
3.3516,7.607,7.1695,4.1206,3.0301
3.5112,6.6527,6.2682,3.5868,2.6425
3.6784,5.8264,5.4784,3.1139,2.2986
3.8535,5.1047,4.7877,2.7013,1.998
4.037,4.4724,4.184,2.3433,1.7367
4.2292,3.9184,3.6564,2.0328,1.5095
4.4306,3.433,3.1953,1.7634,1.3121
4.6416,3.0044,2.7886,1.5257,1.1375
4.8626,2.6287,2.433,1.3193,0.98559
5.0941,2.3,2.1227,1.1408,0.85396
5.3367,2.0124,1.852,0.98642,0.7399
5.5908,1.7607,1.6158,0.85296,0.64107
5.857,1.5391,1.4081,0.73573,0.55405
6.1359,1.3452,1.2269,0.63439,0.47867
6.4281,1.1758,1.069,0.54701,0.41354
6.7342,1.0277,0.93138,0.47167,0.35727
7.0548,0.8982,0.8115,0.4067,0.30866
7.3907,0.78453,0.70634,0.34983,0.26596
7.7426,0.6852,0.61476,0.30085,0.22912
8.1113,0.59844,0.53505,0.25873,0.19738
8.4975,0.52266,0.46567,0.2225,0.17003
8.9022,0.45648,0.40528,0.19135,0.14647
9.326,0.39848,0.35244,0.16414,0.12581
9.7701,0.34784,0.30649,0.14079,0.10806
10.235,0.30364,0.26652,0.12076,0.092812
10.723,0.26505,0.23177,0.10358,0.079714
11.233,0.23136,0.20154,0.088835,0.068459
11.768,0.20189,0.17519,0.076019,0.058638
12.328,0.17618,0.15228,0.065053,0.050226
12.915,0.15374,0.13237,0.055668,0.04302
13.53,0.13416,0.11506,0.047637,0.036847
14.175,0.11707,0.10001,0.040759,0.031554
14.85,0.10215,0.086929,0.03481,0.026964
15.557,0.089132,0.075559,0.02973,0.023041
16.298,0.077772,0.065675,0.025391,0.019688
17.074,0.067859,0.057084,0.021685,0.016823
17.886,0.05921,0.049618,0.018516,0.014372
18.738,0.05167,0.043139,0.015787,0.012258
19.63,0.04509,0.037506,0.013461,0.010454
20.565,0.039347,0.032608,0.011477,0.0089161
21.544,0.034336,0.02835,0.0097856,0.0076042
22.57,0.029964,0.024649,0.0083415,0.0064837
23.645,0.026153,0.021438,0.0071026,0.0055216
24.771,0.022827,0.018645,0.0060477,0.0047023
25.95,0.019923,0.016216,0.0051494,0.0040045
27.186,0.017389,0.014103,0.0043846,0.0034103
28.48,0.015178,0.012267,0.0037324,0.0029035
29.836,0.013249,0.010672,0.0031747,0.00247
31.257,0.011565,0.0092841,0.0027002,0.0021011
32.745,0.010095,0.008077,0.0022967,0.0017874
34.305,0.0088122,0.0070268,0.0019535,0.0015205
35.938,0.007692,0.0061134,0.0016611,0.0012932
37.649,0.0067137,0.0053193,0.0014117,0.0010992
39.442,0.0058598,0.0046284,0.0011997,0.00093437
41.32,0.0051145,0.0040271,0.0010196,0.00079423
43.288,0.004464,0.003504,0.00086646,0.00067511
45.349,0.0038956,0.0030486,0.00073618,0.00057376
47.508,0.0033986,0.0026518,0.00062522,0.00048745
49.77,0.0029649,0.0023067,0.00053097,0.00041412
52.14,0.0025866,0.0020065,0.00045094,0.00035182
54.623,0.0022565,0.0017454,0.00038296,0.00029889
57.224,0.001968,0.0015178,0.00032518,0.0002539
59.948,0.0017155,0.0013192,0.00027604,0.00021564
62.803,0.0014954,0.0011466,0.00023433,0.00018314
65.793,0.0013035,0.00099657,0.00019892,0.00015554
68.926,0.0011363,0.00086617,0.00016886,0.0001321
72.208,0.00099036,0.00075264,0.00014333,0.00011219
75.646,0.00086306,0.00065374,0.00012164,9.5267e-5
79.248,0.00075213,0.00056785,0.00010324,8.0898e-5
83.022,0.00065545,0.00049323,8.7619e-5,6.8696e-5
86.975,0.0005712,0.00042843,7.4362e-5,5.8334e-5
91.116,0.00049773,0.000372,6.3112e-5,4.9534e-5
95.455,0.00043366,0.00032288,5.3565e-5,4.2061e-5
100.0,0.00037784,0.00028024,4.5463e-5,3.5715e-5
1.0,212.15,202.45,123.31,87.804
1.0476,187.29,178.88,109.05,77.663
1.0975,165.34,158.05,96.44,68.693
1.1498,145.88,139.49,85.148,60.675
1.2045,128.64,122.98,75.068,53.527
1.2619,113.44,108.43,66.181,47.221
1.3219,100.03,95.596,58.346,41.658
1.3849,88.212,84.284,51.439,36.75
1.4508,77.688,74.232,45.268,32.37
1.5199,68.355,65.329,39.784,28.479
1.5923,60.143,57.493,34.964,25.056
1.6681,52.917,50.597,30.728,22.044
1.7475,46.559,44.528,27.006,19.394
1.8307,40.994,39.169,23.685,17.032
1.9179,36.109,34.445,20.747,14.942
2.0092,31.807,30.291,18.174,13.108
2.1049,28.016,26.637,15.92,11.499
2.2051,24.678,23.425,13.945,10.087
2.3101,21.697,20.563,12.188,8.8308
2.4201,19.06,18.036,10.64,7.7231
2.5354,16.743,15.819,9.2889,6.7542
2.6561,14.708,13.874,8.1094,5.9069
2.7826,12.92,12.169,7.0797,5.1659
2.9151,11.311,10.647,6.1655,4.5072
3.0539,9.8903,9.3058,5.3642,3.9289
3.1993,8.6479,8.1338,4.6671,3.4248
3.3516,7.5615,7.1095,4.0606,2.9854
3.5112,6.6115,6.2141,3.5329,2.6024
3.6784,5.7892,5.4298,3.0656,2.2626
3.8535,5.0713,4.7441,2.6581,1.9657
4.037,4.4424,4.1449,2.3047,1.7078
4.2292,3.8915,3.6214,1.9983,1.4837
4.4306,3.4089,3.164,1.7327,1.289
4.6416,2.9829,2.7607,1.4983,1.1169
4.8626,2.6095,2.4082,1.2949,0.96724
5.0941,2.2828,2.1006,1.1192,0.83764
5.3367,1.997,1.8323,0.96724,0.72539
5.5908,1.747,1.5983,0.83594,0.62818
5.857,1.527,1.3925,0.72069,0.54264
6.1359,1.3345,1.2131,0.62111,0.46858
6.4281,1.1662,1.0568,0.53529,0.40462
6.7342,1.0192,0.92061,0.46133,0.34939
7.0548,0.89068,0.80197,0.39758,0.3017
7.3907,0.77788,0.69794,0.34182,0.25984
7.7426,0.67932,0.60736,0.29382,0.22373
8.1113,0.59325,0.52853,0.25255,0.19265
8.4975,0.51808,0.45992,0.21709,0.16588
8.9022,0.45243,0.40022,0.1866,0.14282
9.326,0.39491,0.34801,0.15999,0.12262
9.7701,0.3447,0.3026,0.13716,0.10527
10.235,0.30088,0.26311,0.11759,0.090374
10.723,0.26262,0.22877,0.10081,0.077584
11.233,0.22922,0.19891,0.086425,0.066599
11.768,0.20002,0.17289,0.073924,0.057019
12.328,0.17454,0.15027,0.063231,0.048817
12.915,0.1523,0.13061,0.054085,0.041795
13.53,0.1329,0.11352,0.046262,0.035782
14.175,0.11596,0.098666,0.039564,0.030629
14.85,0.10118,0.085757,0.033776,0.026162
15.557,0.088282,0.074536,0.028834,0.022346
16.298,0.077028,0.064783,0.024615,0.019087
17.074,0.067208,0.056305,0.021014,0.016303
17.886,0.05864,0.048939,0.017936,0.013922
18.738,0.051171,0.042547,0.015287,0.011869
19.63,0.044654,0.03699,0.013029,0.010119
20.565,0.038966,0.032159,0.011105,0.0086272
21.544,0.034002,0.027959,0.0094646,0.0073552
22.57,0.029672,0.024308,0.0080649,0.0062691
23.645,0.025898,0.021141,0.0068647,0.0053371
24.771,0.022603,0.018387,0.0058432,0.0045437
25.95,0.019728,0.015991,0.0049737,0.0038682
27.186,0.017218,0.013908,0.0042335,0.0032931
28.48,0.015028,0.012096,0.0036027,0.0028029
29.836,0.013118,0.010523,0.0030634,0.0023837
31.257,0.01145,0.009155,0.0026049,0.0020272
32.745,0.0099947,0.0079645,0.002215,0.0017241
34.305,0.0087241,0.0069288,0.0018834,0.0014662
35.938,0.0076147,0.006028,0.0016012,0.0012467
37.649,0.0066459,0.0052448,0.0013604,0.0010595
39.442,0.0058003,0.0045634,0.0011559,0.0009004
41.32,0.0050622,0.0039705,0.00098209,0.00076519
43.288,0.0044181,0.0034546,0.00083443,0.00065029
45.349,0.0038553,0.0030055,0.00070883,0.00055256
47.508,0.0033631,0.0026142,0.00060189,0.00046936
49.77,0.0029336,0.0022738,0.00051108,0.00039869
52.14,0.0025591,0.0019778,0.00043397,0.00033866
54.623,0.0022323,0.0017203,0.0003685,0.00028767
57.224,0.0019467,0.0014958,0.00031286,0.00024434
59.948,0.0016967,0.0013,0.00026556,0.0002075
62.803,0.0014788,0.0011298,0.00022541,0.00017622
65.793,0.0012889,0.00098185,0.00019133,0.00014965
68.926,0.0011234,0.0008533,0.0001624,0.00012709
72.208,0.00097899,0.00074137,0.00013784,0.00010792
75.646,0.00085304,0.00064388,0.00011698,9.1642e-5
79.248,0.00074329,0.00055921,9.9283e-5,7.7819e-5
83.022,0.00064766,0.00048567,8.426e-5,6.608e-5
86.975,0.00056433,0.00042181,7.1511e-5,5.6112e-5
91.116,0.00049168,0.00036621,6.0694e-5,4.7648e-5
95.455,0.00042833,0.00031781,5.1517e-5,4.0462e-5
100.0,0.00037315,0.00027581,4.3727e-5,3.4359e-5
1.0,211.67,201.79,122.62,87.294
1.0476,186.84,178.27,108.42,77.194
1.0975,164.93,157.49,95.856,68.263
1.1498,145.5,138.98,84.611,60.281
1.2045,128.3,122.51,74.574,53.165
1.2619,113.12,108.0,65.728,46.889
1.3219,99.744,95.2,57.931,41.354
1.3849,87.947,83.921,51.059,36.472
1.4508,77.446,73.9,44.92,32.115
1.5199,68.132,65.024,39.466,28.246
1.5923,59.939,57.215,34.674,24.843
1.6681,52.73,50.343,30.463,21.85
1.7475,46.389,44.296,26.764,19.217
1.8307,40.839,38.958,23.465,16.871
1.9179,35.967,34.252,20.547,14.795
2.0092,31.677,30.115,17.992,12.974
2.1049,27.899,26.478,15.754,11.377
2.2051,24.571,23.279,13.795,9.977
2.3101,21.6,20.431,12.052,8.7307
2.4201,18.971,17.916,10.517,7.6324
2.5354,16.662,15.71,9.1779,6.6722
2.6561,14.634,13.776,8.0092,5.8328
2.7826,12.853,12.08,6.9893,5.0989
2.9151,11.251,10.566,6.084,4.4468
3.0539,9.8355,9.233,5.291,3.8745
3.1993,8.5982,8.0682,4.6013,3.3759
3.3516,7.5165,7.0502,4.0015,2.9414
3.5112,6.5708,6.1607,3.4799,2.5628
3.6784,5.7527,5.3819,3.0182,2.2272
3.8535,5.0385,4.7012,2.6157,1.934
4.037,4.413,4.1066,2.2669,1.6794
4.2292,3.8651,3.5871,1.9646,1.4583
4.4306,3.3852,3.1333,1.7026,1.2664
4.6416,2.9617,2.7334,1.4716,1.0968
4.8626,2.5906,2.3838,1.2712,0.94934
5.0941,2.266,2.079,1.0981,0.82172
5.3367,1.9821,1.8131,0.94854,0.71126
5.5908,1.7337,1.5812,0.81938,0.61564
5.857,1.5151,1.3774,0.70606,0.53155
6.1359,1.324,1.1997,0.60821,0.45878
6.4281,1.1569,1.045,0.52391,0.39597
6.7342,1.0109,0.91014,0.4513,0.34175
7.0548,0.88336,0.79271,0.38875,0.29496
7.3907,0.77141,0.68979,0.33406,0.25391
7.7426,0.67362,0.60018,0.28702,0.21853
8.1113,0.58821,0.52221,0.24659,0.18808
8.4975,0.51363,0.45436,0.21186,0.16187
8.9022,0.44851,0.39533,0.18202,0.13931
9.326,0.39146,0.34372,0.15599,0.11955
9.7701,0.34167,0.29883,0.13367,0.10259
10.235,0.29821,0.25981,0.11455,0.08803
10.723,0.26027,0.22588,0.098161,0.075538
11.233,0.22716,0.19638,0.084112,0.064813
11.768,0.19821,0.17067,0.071914,0.055467
12.328,0.17295,0.14833,0.061485,0.047468
12.915,0.15091,0.12892,0.052569,0.040622
13.53,0.13168,0.11204,0.044945,0.034763
14.175,0.11489,0.097373,0.038421,0.029744
14.85,0.10024,0.084629,0.032787,0.025396
15.557,0.087463,0.073552,0.027979,0.021684
16.298,0.076311,0.063925,0.023875,0.018514
17.074,0.06658,0.055557,0.020374,0.015807
17.886,0.058091,0.048287,0.017383,0.013493
18.738,0.050691,0.04198,0.01481,0.0115
19.63,0.044234,0.036496,0.012618,0.0098006
20.565,0.038599,0.031728,0.010751,0.0083526
21.544,0.033681,0.027584,0.0091595,0.0071185
22.57,0.029391,0.023982,0.0078021,0.0060653
23.645,0.025652,0.020857,0.006639,0.005162
24.771,0.022388,0.018139,0.0056492,0.0043932
25.95,0.01954,0.015776,0.004807,0.003739
27.186,0.017054,0.01372,0.0040904,0.0031821
28.48,0.014884,0.011933,0.0034798,0.0027076
29.836,0.012992,0.010381,0.0029582,0.0023021
31.257,0.01134,0.009031,0.0025147,0.0019573
32.745,0.0098977,0.0078565,0.0021377,0.0016642
34.305,0.008639,0.0068348,0.0018173,0.0014149
35.938,0.0075401,0.0059461,0.0015445,0.0012028
37.649,0.0065804,0.0051733,0.001312,0.001022
39.442,0.0057427,0.004501,0.0011145,0.00086834
41.32,0.0050117,0.0039161,0.00094675,0.0007378
43.288,0.0043738,0.0034072,0.00080423,0.00062689
45.349,0.0038163,0.0029641,0.00068305,0.00053257
47.508,0.0033287,0.002578,0.00057991,0.00045232
49.77,0.0029034,0.0022422,0.00049234,0.00038417
52.14,0.0025325,0.0019502,0.000418,0.00032628
54.623,0.0022089,0.0016961,0.00035488,0.00027712
57.224,0.001926,0.0014747,0.00030126,0.00023534
59.948,0.0016785,0.0012815,0.0002557,0.00019985
62.803,0.0014628,0.0011136,0.00021702,0.0001697
65.793,0.0012747,0.0009677,0.0001842,0.00014411
68.926,0.0011109,0.00084091,0.00015633,0.00012237
72.208,0.00096799,0.00073052,0.00013268,0.00010391
75.646,0.00084333,0.00063438,0.00011261,8.8239e-5
79.248,0.00073473,0.0005509,9.557e-5,7.4928e-5
83.022,0.00064011,0.00047839,8.1109e-5,6.3626e-5
86.975,0.00055768,0.00041544,6.8836e-5,5.4028e-5
91.116,0.00048581,0.00036063,5.8426e-5,4.588e-5
95.455,0.00042317,0.00031293,4.9595e-5,3.8963e-5
100.0,0.0003686,0.00027154,4.2099e-5,3.3088e-5
1.0,211.18,201.12,121.92,86.778
1.0476,186.39,177.66,107.77,76.721
1.0975,164.52,156.93,95.265,67.829
1.1498,145.12,138.46,84.069,59.883
1.2045,127.95,122.03,74.077,52.8
1.2619,112.8,107.56,65.272,46.554
1.3219,99.452,94.801,57.514,41.047
1.3849,87.681,83.555,50.677,36.192
1.4508,77.202,73.565,44.571,31.859
1.5199,67.909,64.718,39.146,28.012
1.5923,59.734,56.935,34.382,24.629
1.6681,52.544,50.088,30.198,21.655
1.7475,46.219,44.064,26.522,19.04
1.8307,40.683,38.746,23.245,16.709
1.9179,35.826,34.059,20.347,14.648
2.0092,31.548,29.94,17.81,12.841
2.1049,27.781,26.318,15.59,11.256
2.2051,24.464,23.135,13.646,9.8673
2.3101,21.503,20.3,11.917,8.6313
2.4201,18.883,17.797,10.395,7.5424
2.5354,16.582,15.602,9.0677,6.5909
2.6561,14.562,13.678,7.9098,5.7594
2.7826,12.787,11.992,6.8998,5.0327
2.9151,11.191,10.486,6.0035,4.3871
3.0539,9.7813,9.1611,5.2187,3.8209
3.1993,8.5491,8.0033,4.5364,3.3277
3.3516,7.4721,6.9918,3.9433,2.8981
3.5112,6.5308,6.1081,3.4278,2.524
3.6784,5.7167,5.3348,2.9716,2.1924
3.8535,5.0062,4.659,2.5741,1.9029
4.037,4.3841,4.0689,2.2298,1.6517
4.2292,3.8392,3.5534,1.9315,1.4336
4.4306,3.362,3.1032,1.6731,1.2443
4.6416,2.9411,2.7066,1.4454,1.0771
4.8626,2.5722,2.36,1.248,0.93187
5.0941,2.2496,2.0578,1.0775,0.80622
5.3367,1.9675,1.7943,0.93034,0.69751
5.5908,1.7207,1.5645,0.80326,0.60344
5.857,1.5036,1.3627,0.69185,0.52078
6.1359,1.3137,1.1867,0.59568,0.44927
6.4281,1.1479,1.0334,0.51288,0.38758
6.7342,1.0029,0.89996,0.44159,0.33436
7.0548,0.87625,0.78372,0.3802,0.28844
7.3907,0.76514,0.68188,0.32657,0.24819
7.7426,0.66808,0.59323,0.28045,0.21351
8.1113,0.58333,0.51609,0.24084,0.18368
8.4975,0.50933,0.44898,0.20683,0.15801
8.9022,0.44471,0.3906,0.17762,0.13593
9.326,0.38813,0.33957,0.15215,0.1166
9.7701,0.33874,0.2952,0.13032,0.10001
10.235,0.29563,0.25663,0.11163,0.085781
10.723,0.25801,0.22309,0.095616,0.073576
11.233,0.22517,0.19393,0.081895,0.063102
11.768,0.19647,0.16854,0.06999,0.053981
12.328,0.17142,0.14647,0.059815,0.046177
12.915,0.14957,0.12729,0.051119,0.039501
13.53,0.1305,0.11062,0.043688,0.03379
14.175,0.11386,0.096131,0.037331,0.0289
14.85,0.099343,0.083546,0.031844,0.024666
15.557,0.086674,0.072608,0.027164,0.021052
16.298,0.075621,0.063102,0.023171,0.017968
17.074,0.065976,0.05484,0.019766,0.015335
17.886,0.057563,0.047662,0.016857,0.013086
18.738,0.050229,0.041435,0.014357,0.011149
19.63,0.04383,0.036022,0.012228,0.0094983
20.565,0.038245,0.031316,0.010415,0.0080922
21.544,0.033372,0.027225,0.0088703,0.0068942
22.57,0.029121,0.023669,0.0075532,0.0058723
23.645,0.025416,0.020585,0.0064253,0.0049963
24.771,0.022181,0.017902,0.0054658,0.004251
25.95,0.019359,0.015569,0.0046495,0.0036168
27.186,0.016895,0.01354,0.0039552,0.0030773
28.48,0.014745,0.011777,0.0033638,0.0026177
29.836,0.01287,0.010245,0.0028589,0.0022251
31.257,0.011233,0.0089124,0.0024297,0.0018914
32.745,0.0098042,0.0077532,0.0020649,0.0016077
34.305,0.0085571,0.0067447,0.0017549,0.0013666
35.938,0.0074683,0.0058676,0.0014912,0.0011615
37.649,0.0065173,0.0051049,0.0012665,0.00098668
39.442,0.0056873,0.0044413,0.0010756,0.0008382
41.32,0.004963,0.003864,0.00091353,0.00071206
43.288,0.004331,0.0033617,0.00077586,0.0006049
45.349,0.0037787,0.0029244,0.00065883,0.00051381
47.508,0.0032956,0.0025433,0.00055928,0.00043633
49.77,0.0028743,0.0022119,0.00047476,0.00037054
52.14,0.0025068,0.0019236,0.00040302,0.00031467
54.623,0.0021863,0.001673,0.00034212,0.00026722
57.224,0.0019061,0.0014545,0.0002904,0.00022692
59.948,0.0016609,0.0012638,0.00024646,0.00019268
62.803,0.0014472,0.0010981,0.00020917,0.00016361
65.793,0.0012611,0.0009541,0.00017752,0.00013892
68.926,0.0010988,0.000829,0.00015066,0.00011796
72.208,0.00095735,0.0007201,0.00012786,0.00010017
75.646,0.00083395,0.00062525,0.00010852,8.5057e-5
79.248,0.00072645,0.0005429,9.2099e-5,7.2227e-5
83.022,0.00063281,0.00047139,7.8164e-5,6.1332e-5
86.975,0.00055124,0.0004093,6.6338e-5,5.2081e-5
91.116,0.00048014,0.00035526,5.6308e-5,4.4228e-5
95.455,0.00041817,0.00030823,4.7802e-5,3.7563e-5
100.0,0.0003642,0.00026743,4.0581e-5,3.1902e-5
1.0,210.68,200.45,121.21,86.256
1.0476,185.94,177.03,107.12,76.243
1.0975,164.1,156.36,94.669,67.391
1.1498,144.74,137.94,83.522,59.481
1.2045,127.6,121.55,73.574,52.432
1.2619,112.48,107.12,64.812,46.217
1.3219,99.159,94.398,57.093,40.739
1.3849,87.412,83.187,50.293,35.911
1.4508,76.956,73.229,44.22,31.602
1.5199,67.684,64.411,38.826,27.777
1.5923,59.529,56.654,34.09,24.415
1.6681,52.357,49.832,29.931,21.46
1.7475,46.048,43.831,26.28,18.863
1.8307,40.528,38.534,23.025,16.548
1.9179,35.684,33.866,20.147,14.501
2.0092,31.42,29.764,17.629,12.708
2.1049,27.664,26.159,15.425,11.136
2.2051,24.358,22.991,13.497,9.7581
2.3101,21.406,20.169,11.783,8.5326
2.4201,18.795,17.678,10.274,7.4532
2.5354,16.503,15.495,8.9585,6.5103
2.6561,14.489,13.582,7.8114,5.6867
2.7826,12.722,11.904,6.8112,4.9672
2.9151,11.132,10.408,5.924,4.3283
3.0539,9.7277,9.09,5.1473,3.768
3.1993,8.5007,7.9393,4.4724,3.2802
3.3516,7.4284,6.9342,3.886,2.8555
3.5112,6.4913,6.0563,3.3765,2.4858
3.6784,5.6812,5.2884,2.9259,2.1583
3.8535,4.9745,4.6176,2.5333,1.8725
4.037,4.3557,4.0318,2.1934,1.6245
4.2292,3.8138,3.5204,1.8991,1.4093
4.4306,3.3393,3.0738,1.6443,1.2227
4.6416,2.9208,2.6804,1.4199,1.0579
4.8626,2.5542,2.3368,1.2254,0.91486
5.0941,2.2336,2.0372,1.0575,0.79113
5.3367,1.9532,1.776,0.91263,0.68413
5.5908,1.708,1.5482,0.78761,0.5916
5.857,1.4924,1.3483,0.67806,0.51033
6.1359,1.3038,1.174,0.58354,0.44006
6.4281,1.139,1.0222,0.5022,0.37946
6.7342,0.99511,0.89009,0.43219,0.32721
7.0548,0.86935,0.77501,0.37195,0.28215
7.3907,0.75906,0.67422,0.31934,0.24267
7.7426,0.66272,0.58649,0.27412,0.20867
8.1113,0.57861,0.51018,0.2353,0.17944
8.4975,0.50516,0.44379,0.20198,0.1543
8.9022,0.44104,0.38603,0.17338,0.13267
9.326,0.3849,0.33557,0.14846,0.11376
9.7701,0.3359,0.2917,0.12711,0.097538
10.235,0.29314,0.25356,0.10883,0.083626
10.723,0.25582,0.22041,0.09318,0.071698
11.233,0.22325,0.19159,0.079775,0.061467
11.768,0.19478,0.16649,0.068151,0.052561
12.328,0.16995,0.14468,0.058221,0.044946
12.915,0.14828,0.12572,0.049737,0.038433
13.53,0.12937,0.10925,0.04249,0.032864
14.175,0.11287,0.09494,0.036293,0.028097
14.85,0.098476,0.082508,0.030948,0.023972
15.557,0.085916,0.071704,0.02639,0.020453
16.298,0.074958,0.062314,0.022503,0.01745
17.074,0.065396,0.054154,0.019188,0.014888
17.886,0.057055,0.047064,0.016359,0.012699
18.738,0.049785,0.040915,0.013929,0.010816
19.63,0.043442,0.035569,0.011859,0.0092122
20.565,0.037906,0.030922,0.010097,0.007846
21.544,0.033076,0.026881,0.0085971,0.0066824
22.57,0.028862,0.02337,0.0073183,0.0056901
23.645,0.025188,0.020325,0.0062237,0.00484
24.771,0.021983,0.017676,0.0052928,0.0041169
25.95,0.019185,0.015372,0.0045012,0.0035018
27.186,0.016743,0.013369,0.0038279,0.0029786
28.48,0.014612,0.011627,0.0032547,0.0025331
29.836,0.012753,0.010115,0.0027655,0.0021527
31.257,0.011131,0.008799,0.0023498,0.0018295
32.745,0.0097144,0.0076544,0.0019966,0.0015548
34.305,0.0084783,0.0066586,0.0016964,0.0013213
35.938,0.0073992,0.0057925,0.0014412,0.0011227
37.649,0.0064565,0.0050394,0.0012238,0.00095361
39.442,0.0056339,0.0043841,0.0010392,0.00080996
41.32,0.0049161,0.0038141,0.00088243,0.00068796
43.288,0.0042898,0.0033182,0.00074931,0.00058433
45.349,0.0037425,0.0028864,0.00063619,0.00049626
47.508,0.0032637,0.0025101,0.00053999,0.00042139
49.77,0.0028462,0.0021828,0.00045834,0.00035781
52.14,0.002482,0.0018982,0.00038904,0.00030382
54.623,0.0021645,0.0016508,0.00033021,0.00025798
57.224,0.0018869,0.001435,0.00028026,0.00021905
59.948,0.001644,0.0012468,0.00023784,0.000186
62.803,0.0014323,0.0010832,0.00020185,0.00015793
65.793,0.0012479,0.00094105,0.0001713,0.00013409
68.926,0.0010872,0.00081758,0.00014537,0.00011386
72.208,0.00094706,0.0007101,0.00012337,9.6677e-5
75.646,0.00082487,0.00061649,0.00010471,8.2096e-5
79.248,0.00071844,0.00053522,8.8871e-5,6.9714e-5
83.022,0.00062575,0.00046467,7.5426e-5,5.9199e-5
86.975,0.00054501,0.00040342,6.4016e-5,5.0271e-5
91.116,0.00047465,0.00035011,5.4341e-5,4.2693e-5
95.455,0.00041334,0.00030372,4.6136e-5,3.6262e-5
100.0,0.00035994,0.00026348,3.917e-5,3.08e-5
1.0,210.18,199.76,120.5,85.729
1.0476,185.48,176.41,106.46,75.759
1.0975,163.68,155.78,94.066,66.949
1.1498,144.36,137.41,82.969,59.076
1.2045,127.24,121.07,73.068,52.061
1.2619,112.16,106.68,64.348,45.878
1.3219,98.863,93.992,56.669,40.429
1.3849,87.142,82.817,49.906,35.628
1.4508,76.709,72.89,43.867,31.344
1.5199,67.459,64.102,38.504,27.542
1.5923,59.324,56.373,33.796,24.201
1.6681,52.169,49.575,29.665,21.265
1.7475,45.878,43.598,26.038,18.685
1.8307,40.373,38.321,22.805,16.387
1.9179,35.543,33.674,19.948,14.355
2.0092,31.291,29.589,17.448,12.575
2.1049,27.548,26.0,15.262,11.016
2.2051,24.252,22.847,13.35,9.6495
2.3101,21.31,20.039,11.649,8.4345
2.4201,18.708,17.561,10.154,7.3646
2.5354,16.424,15.389,8.8501,6.4305
2.6561,14.418,13.486,7.7139,5.6148
2.7826,12.657,11.818,6.7236,4.9025
2.9151,11.073,10.33,5.8454,4.2701
3.0539,9.6748,9.0198,5.0768,3.7158
3.1993,8.4529,7.876,4.4094,3.2334
3.3516,7.3853,6.8773,3.8296,2.8136
3.5112,6.4524,6.0052,3.3261,2.4483
3.6784,5.6464,5.2428,2.8809,2.1248
3.8535,4.9433,4.5768,2.4933,1.8426
4.037,4.3278,3.9955,2.1578,1.5979
4.2292,3.7889,3.488,1.8675,1.3856
4.4306,3.317,3.0449,1.6162,1.2016
4.6416,2.901,2.6548,1.395,1.0392
4.8626,2.5366,2.314,1.2033,0.89828
5.0941,2.2179,2.017,1.038,0.77645
5.3367,1.9393,1.7581,0.89542,0.67114
5.5908,1.6956,1.5324,0.7724,0.58011
5.857,1.4814,1.3343,0.66468,0.5002
6.1359,1.2941,1.1617,0.57178,0.43114
6.4281,1.1305,1.0114,0.49186,0.37162
6.7342,0.98754,0.88051,0.42311,0.3203
7.0548,0.86266,0.76657,0.36397,0.27607
7.3907,0.75316,0.6668,0.31237,0.23735
7.7426,0.65753,0.57998,0.26802,0.20402
8.1113,0.57404,0.50446,0.22998,0.17536
8.4975,0.50114,0.43877,0.19733,0.15073
8.9022,0.4375,0.38163,0.16932,0.12956
9.326,0.38179,0.33172,0.14492,0.11105
9.7701,0.33317,0.28833,0.12403,0.095172
10.235,0.29074,0.25061,0.10615,0.081566
10.723,0.25372,0.21783,0.090852,0.069905
11.233,0.2214,0.18933,0.077752,0.059907
11.768,0.19317,0.16452,0.066398,0.051209
12.328,0.16853,0.14296,0.056703,0.043773
12.915,0.14704,0.12423,0.048422,0.037417
13.53,0.12828,0.10795,0.041351,0.031983
14.175,0.11192,0.0938,0.035308,0.027334
14.85,0.097645,0.081515,0.030098,0.023314
15.557,0.085189,0.070839,0.025656,0.019885
16.298,0.074322,0.061561,0.02187,0.01696
17.074,0.06484,0.053498,0.018642,0.014465
17.886,0.056569,0.046493,0.015888,0.012335
18.738,0.04936,0.040418,0.013524,0.010502
19.63,0.04307,0.035136,0.011511,0.0089424
20.565,0.037581,0.030545,0.009798,0.007614
21.544,0.032791,0.026554,0.0083398,0.006483
22.57,0.028613,0.023085,0.0070972,0.0055187
23.645,0.024971,0.020077,0.0060342,0.0046931
24.771,0.021792,0.01746,0.0051304,0.0039909
25.95,0.019018,0.015184,0.0043619,0.0033939
27.186,0.016597,0.013205,0.0037085,0.0028861
28.48,0.014484,0.011485,0.0031524,0.0024538
29.836,0.012641,0.0099907,0.002678,0.002085
31.257,0.011032,0.0086909,0.002275,0.0017715
32.745,0.0096281,0.0075602,0.0019327,0.0015052
34.305,0.0084027,0.0065765,0.0016418,0.001279
35.938,0.0073328,0.005721,0.0013945,0.0010865
37.649,0.0063981,0.0049769,0.001184,0.00092275
39.442,0.0055826,0.0043296,0.0010052,0.00078364
41.32,0.004871,0.0037665,0.00085345,0.00066551
43.288,0.0042501,0.0032766,0.00072459,0.00056518
45.349,0.0037076,0.0028501,0.00061512,0.00047994
47.508,0.003233,0.0024783,0.00052206,0.00040749
49.77,0.0028191,0.0021551,0.00044308,0.00034598
52.14,0.0024582,0.001874,0.00037604,0.00029375
54.623,0.0021435,0.0016295,0.00031915,0.00024941
57.224,0.0018684,0.0014165,0.00027085,0.00021176
59.948,0.0016276,0.0012305,0.00022986,0.0001798
62.803,0.0014178,0.0010689,0.00019506,0.00015266
65.793,0.0012351,0.00092856,0.00016553,0.00012962
68.926,0.0010759,0.00080664,0.00014048,0.00011005
72.208,0.00093714,0.00070051,0.00011922,9.3448e-5
75.646,0.00081611,0.00060809,0.00010119,7.9356e-5
79.248,0.00071072,0.00052787,8.5885e-5,6.739e-5
83.022,0.00061893,0.00045823,7.2895e-5,5.7228e-5
86.975,0.000539,0.00039777,6.187e-5,4.8598e-5
91.116,0.00046935,0.00034517,5.2523e-5,4.1276e-5
95.455,0.00040867,0.00029939,4.4598e-5,3.5061e-5
100.0,0.00035583,0.00025969,3.7868e-5,2.9783e-5
1.0,209.67,199.07,119.77,85.199
1.0476,185.02,175.77,105.8,75.273
1.0975,163.26,155.2,93.459,66.504
1.1498,143.97,136.88,82.413,58.67
1.2045,126.89,120.58,72.559,51.688
1.2619,111.83,106.23,63.883,45.537
1.3219,98.566,93.585,56.244,40.119
1.3849,86.872,82.445,49.519,35.344
1.4508,76.462,72.551,43.513,31.086
1.5199,67.233,63.792,38.182,27.307
1.5923,59.118,56.091,33.503,23.987
1.6681,51.982,49.319,29.398,21.07
1.7475,45.708,43.365,25.796,18.509
1.8307,40.218,38.11,22.586,16.227
1.9179,35.402,33.482,19.749,14.21
2.0092,31.163,29.415,17.268,12.443
2.1049,27.432,25.843,15.099,10.896
2.2051,24.147,22.704,13.203,9.5419
2.3101,21.215,19.91,11.517,8.3373
2.4201,18.622,17.444,10.034,7.277
2.5354,16.345,15.284,8.7429,6.3516
2.6561,14.347,13.391,7.6176,5.5438
2.7826,12.593,11.732,6.6371,4.8387
2.9151,11.016,10.252,5.7678,4.2128
3.0539,9.6227,8.9504,5.0075,3.6644
3.1993,8.4058,7.8137,4.3473,3.1874
3.3516,7.3428,6.8213,3.7742,2.7725
3.5112,6.4141,5.955,3.2766,2.4115
3.6784,5.6121,5.1979,2.8368,2.092
3.8535,4.9127,4.5368,2.4541,1.8134
4.037,4.3004,3.9598,2.123,1.5718
4.2292,3.7644,3.4562,1.8365,1.3625
4.4306,3.2952,3.0166,1.5887,1.181
4.6416,2.8816,2.6297,1.3707,1.021
4.8626,2.5193,2.2918,1.1818,0.88212
5.0941,2.2026,1.9973,1.019,0.76215
5.3367,1.9257,1.7407,0.87865,0.6585
5.5908,1.6836,1.517,0.75761,0.56893
5.857,1.4707,1.3207,0.65167,0.49036
6.1359,1.2847,1.1497,0.56035,0.42248
6.4281,1.1222,1.0008,0.48183,0.364
6.7342,0.98017,0.87119,0.41431,0.31361
7.0548,0.85615,0.75836,0.35625,0.27019
7.3907,0.74743,0.6596,0.30562,0.2322
7.7426,0.65249,0.57366,0.26213,0.19951
8.1113,0.56959,0.49892,0.22483,0.17142
8.4975,0.49723,0.4339,0.19283,0.14729
8.9022,0.43406,0.37736,0.16539,0.12655
9.326,0.37877,0.32799,0.14151,0.10843
9.7701,0.33053,0.28507,0.12107,0.092892
10.235,0.28842,0.24776,0.10358,0.079583
10.723,0.25168,0.21533,0.088612,0.06818
11.233,0.21961,0.18715,0.075806,0.058406
11.768,0.1916,0.16262,0.064714,0.049909
12.328,0.16716,0.1413,0.055244,0.042647
12.915,0.14584,0.12278,0.04716,0.036442
13.53,0.12723,0.10668,0.040259,0.031139
14.175,0.111,0.092699,0.034363,0.026603
14.85,0.09684,0.080557,0.029283,0.022683
15.557,0.084485,0.070005,0.024953,0.019341
16.298,0.073706,0.060835,0.021264,0.016491
17.074,0.064302,0.052865,0.01812,0.014061
17.886,0.056098,0.045942,0.015438,0.011986
18.738,0.048949,0.039939,0.013137,0.010203
19.63,0.04271,0.03472,0.011179,0.0086848
20.565,0.037266,0.030183,0.0095125,0.0073927
21.544,0.032516,0.026238,0.0080945,0.0062928
22.57,0.028372,0.022811,0.0068866,0.0053554
23.645,0.02476,0.019838,0.0058537,0.0045531
24.771,0.021608,0.017252,0.0049757,0.003871
25.95,0.018857,0.015003,0.0042294,0.0032911
27.186,0.016456,0.013048,0.003595,0.0027981
28.48,0.014361,0.011348,0.0030552,0.0023785
29.836,0.012532,0.0098711,0.0025949,0.0020206
31.257,0.010937,0.0085866,0.002204,0.0017165
32.745,0.0095445,0.0074693,0.001872,0.0014582
34.305,0.0083293,0.0064973,0.0015899,0.0012388
35.938,0.0072684,0.0056519,0.0013502,0.0010522
37.649,0.0063415,0.0049166,0.0011462,0.00089348
39.442,0.0055328,0.004277,0.000973,0.00075869
41.32,0.0048272,0.0037205,0.00082598,0.00064423
43.288,0.0042116,0.0032365,0.00070117,0.00054703
45.349,0.0036737,0.002815,0.00059517,0.00046448
47.508,0.0032031,0.0024477,0.00050508,0.00039433
49.77,0.0027928,0.0021282,0.00042863,0.00033478
52.14,0.002435,0.0018505,0.00036375,0.00028422
54.623,0.0021231,0.001609,0.00030869,0.0002413
57.224,0.0018504,0.0013985,0.00026196,0.00020486
59.948,0.0016117,0.0012147,0.0002223,0.00017394
62.803,0.0014038,0.0010551,0.00018865,0.00014768
65.793,0.0012227,0.00091648,0.00016009,0.00012539
68.926,0.001065,0.00079605,0.00013585,0.00010646
72.208,0.00092748,0.00069124,0.0001153,9.0398e-5
75.646,0.00080759,0.00059997,9.7864e-5,7.677e-5
79.248,0.0007032,0.00052075,8.3067e-5,6.5196e-5
83.022,0.0006123,0.00045199,7.0507e-5,5.5367e-5
86.975,0.00053315,0.00039231,5.9846e-5,4.702e-5
91.116,0.0004642,0.00034038,5.0809e-5,3.9938e-5
95.455,0.00040413,0.00029521,4.3147e-5,3.3929e-5
100.0,0.00035184,0.00025603,3.6641e-5,2.8823e-5
1.0,209.17,198.37,119.04,84.665
1.0476,184.55,175.13,105.13,74.785
1.0975,162.83,154.62,92.848,66.058
1.1498,143.58,136.34,81.855,58.261
1.2045,126.53,120.09,72.048,51.315
1.2619,111.51,105.78,63.416,45.197
1.3219,98.269,93.177,55.818,39.808
1.3849,86.601,82.073,49.131,35.061
1.4508,76.215,72.212,43.16,30.828
1.5199,67.008,63.483,37.86,27.072
1.5923,58.913,55.809,33.211,23.773
1.6681,51.796,49.063,29.133,20.876
1.7475,45.538,43.132,25.555,18.333
1.8307,40.064,37.899,22.368,16.067
1.9179,35.263,33.29,19.551,14.065
2.0092,31.036,29.242,17.09,12.313
2.1049,27.317,25.686,14.938,10.778
2.2051,24.043,22.562,13.057,9.4353
2.3101,21.121,19.782,11.386,8.2412
2.4201,18.536,17.329,9.9167,7.1904
2.5354,16.268,15.18,8.637,6.2737
2.6561,14.278,13.297,7.5225,5.4737
2.7826,12.53,11.648,6.5518,4.7758
2.9151,10.959,10.176,5.6915,4.1564
3.0539,9.5712,8.8821,4.9391,3.6139
3.1993,8.3594,7.7523,4.2863,3.1422
3.3516,7.301,6.7662,3.7197,2.7321
3.5112,6.3765,5.9055,3.228,2.3754
3.6784,5.5784,5.1538,2.7936,2.0598
3.8535,4.8826,4.4975,2.4156,1.7847
4.037,4.2736,3.9249,2.0888,1.5464
4.2292,3.7405,3.4251,1.8062,1.3398
4.4306,3.2738,2.9889,1.5619,1.1608
4.6416,2.8626,2.6051,1.3469,1.0031
4.8626,2.5025,2.2701,1.1609,0.86636
5.0941,2.1876,1.9781,1.0005,0.74822
5.3367,1.9124,1.7236,0.86232,0.64619
5.5908,1.6718,1.5019,0.74321,0.55806
5.857,1.4603,1.3074,0.63903,0.48079
6.1359,1.2755,1.138,0.54925,0.41407
6.4281,1.114,0.99051,0.47209,0.35661
6.7342,0.973,0.86213,0.40577,0.30712
7.0548,0.84982,0.75038,0.34877,0.26449
7.3907,0.74186,0.6526,0.29908,0.22722
7.7426,0.64758,0.56752,0.25642,0.19516
8.1113,0.56528,0.49353,0.21985,0.16762
8.4975,0.49343,0.42919,0.18849,0.14396
8.9022,0.43072,0.37323,0.16161,0.12364
9.326,0.37584,0.32437,0.13822,0.1059
9.7701,0.32796,0.28191,0.11821,0.090695
10.235,0.28617,0.245,0.10109,0.077672
10.723,0.2497,0.21292,0.086455,0.066519
11.233,0.21788,0.18504,0.073934,0.056963
11.768,0.19008,0.16078,0.063094,0.048659
12.328,0.16583,0.1397,0.053843,0.041565
12.915,0.14467,0.12138,0.045948,0.035505
13.53,0.12622,0.10547,0.039211,0.030329
14.175,0.11011,0.091637,0.033457,0.025902
14.85,0.096061,0.079632,0.028502,0.022079
15.557,0.083804,0.0692,0.02428,0.01882
16.298,0.07311,0.060134,0.020684,0.016042
17.074,0.063781,0.052255,0.017621,0.013674
17.886,0.055643,0.045411,0.015008,0.011653
18.738,0.04855,0.039476,0.012767,0.0099164
19.63,0.042362,0.034318,0.010861,0.0084388
20.565,0.036962,0.029833,0.0092398,0.0071814
21.544,0.03225,0.025934,0.0078603,0.0061113
22.57,0.028139,0.022546,0.0066856,0.0051996
23.645,0.024556,0.019607,0.0056815,0.0044197
24.771,0.021429,0.017051,0.0048282,0.0037568
25.95,0.0187,0.014829,0.0041031,0.0031933
27.186,0.016319,0.012896,0.0034868,0.0027143
28.48,0.01424,0.011215,0.0029627,0.0023068
29.836,0.012427,0.0097557,0.0025159,0.0019593
31.257,0.010844,0.008486,0.0021365,0.0016642
32.745,0.0094634,0.0073816,0.0018143,0.0014135
34.305,0.0082581,0.0064209,0.0015406,0.0012006
35.938,0.0072059,0.0055852,0.0013081,0.0010196
37.649,0.0062865,0.0048584,0.0011103,0.00086569
39.442,0.0054844,0.0042261,0.00094243,0.000735
41.32,0.0047847,0.0036761,0.00079992,0.00062404
43.288,0.0041742,0.0031977,0.00067896,0.00052982
45.349,0.0036408,0.0027811,0.00057624,0.00044982
47.508,0.0031741,0.002418,0.00048898,0.00038186
49.77,0.0027672,0.0021023,0.00041494,0.00032417
52.14,0.0024125,0.0018278,0.0003521,0.00027519
54.623,0.0021032,0.0015892,0.00029878,0.00023362
57.224,0.0018329,0.0013811,0.00025354,0.00019833
59.948,0.0015962,0.0011995,0.00021515,0.00016839
62.803,0.0013901,0.0010418,0.00018258,0.00014297
65.793,0.0012106,0.00090478,0.00015494,0.00012139
68.926,0.0010543,0.0007858,0.00013148,0.00010306
72.208,0.00091808,0.00068225,0.00011159,8.7514e-5
75.646,0.0007993,0.00059209,9.472e-5,7.4324e-5
79.248,0.00069588,0.00051385,8.0403e-5,6.3122e-5
83.022,0.00060585,0.00044594,6.825e-5,5.3609e-5
86.975,0.00052746,0.00038701,5.7933e-5,4.5529e-5
91.116,0.00045918,0.00033574,4.9189e-5,3.8674e-5
95.455,0.00039972,0.00029115,4.1777e-5,3.2858e-5
100.0,0.00034795,0.00025247,3.5481e-5,2.7917e-5
1.0,208.65,197.67,118.31,84.128
1.0476,184.08,174.49,104.46,74.294
1.0975,162.41,154.03,92.235,65.609
1.1498,143.19,135.8,81.294,57.851
1.2045,126.18,119.6,71.535,50.941
1.2619,111.18,105.33,62.948,44.855
1.3219,97.972,92.767,55.391,39.497
1.3849,86.33,81.7,48.742,34.778
1.4508,75.968,71.872,42.806,30.57
1.5199,66.783,63.174,37.539,26.837
1.5923,58.708,55.528,32.919,23.56
1.6681,51.61,48.808,28.868,20.683
1.7475,45.369,42.901,25.315,18.158
1.8307,39.911,37.689,22.15,15.909
1.9179,35.124,33.1,19.355,13.922
2.0092,30.91,29.07,16.913,12.183
2.1049,27.203,25.53,14.778,10.661
2.2051,23.939,22.422,12.913,9.3297
2.3101,21.027,19.655,11.256,8.146
2.4201,18.452,17.214,9.8001,7.1049
2.5354,16.192,15.077,8.5324,6.1967
2.6561,14.209,13.204,7.4287,5.4046
2.7826,12.468,11.564,6.4677,4.7138
2.9151,10.902,10.101,5.6162,4.1009
3.0539,9.5205,8.8147,4.8719,3.5642
3.1993,8.3137,7.6918,4.2263,3.0978
3.3516,7.2598,6.712,3.6662,2.6924
3.5112,6.3395,5.8569,3.1803,2.34
3.6784,5.5453,5.1105,2.7512,2.0283
3.8535,4.8531,4.459,2.378,1.7567
4.037,4.2472,3.8906,2.0554,1.5214
4.2292,3.717,3.3946,1.7766,1.3177
4.4306,3.2529,2.9618,1.5356,1.1412
4.6416,2.844,2.5811,1.3237,0.98576
4.8626,2.486,2.2488,1.1404,0.851
5.0941,2.173,1.9593,0.9825,0.73466
5.3367,1.8994,1.707,0.84644,0.63421
5.5908,1.6603,1.4872,0.72922,0.5475
5.857,1.4502,1.2945,0.62674,0.47151
6.1359,1.2665,1.1266,0.53848,0.40592
6.4281,1.1061,0.9805,0.46265,0.34945
6.7342,0.96602,0.85332,0.3975,0.30084
7.0548,0.84366,0.74263,0.34152,0.25898
7.3907,0.73644,0.64581,0.29276,0.2224
7.7426,0.64281,0.56157,0.25091,0.19095
8.1113,0.56109,0.48832,0.21504,0.16394
8.4975,0.48975,0.42462,0.1843,0.14075
8.9022,0.42748,0.36922,0.15795,0.12084
9.326,0.373,0.32087,0.13505,0.10347
9.7701,0.32546,0.27885,0.11545,0.08858
10.235,0.28398,0.24233,0.098703,0.075835
10.723,0.24779,0.21059,0.084382,0.064923
11.233,0.2162,0.183,0.072136,0.055577
11.768,0.18861,0.159,0.061539,0.04746
12.328,0.16455,0.13815,0.052499,0.040528
12.915,0.14355,0.12003,0.044787,0.034608
13.53,0.12523,0.10429,0.038207,0.029553
14.175,0.10925,0.090613,0.03259,0.025232
14.85,0.095308,0.07874,0.027755,0.021501
15.557,0.083145,0.068424,0.023637,0.018322
16.298,0.072534,0.059458,0.02013,0.015613
17.074,0.063277,0.051667,0.017143,0.013304
17.886,0.055202,0.044899,0.014597,0.011334
18.738,0.048165,0.039031,0.012415,0.0096432
19.63,0.042025,0.03393,0.010559,0.0082043
20.565,0.036667,0.029496,0.00898,0.0069801
21.544,0.031992,0.025641,0.0076374,0.0059385
22.57,0.027914,0.022291,0.0064943,0.0050513
23.645,0.024359,0.019385,0.0055178,0.0042928
24.771,0.021256,0.016858,0.004688,0.0036481
25.95,0.018549,0.01466,0.0039831,0.0031003
27.186,0.016186,0.012749,0.0033841,0.0026347
28.48,0.014124,0.011088,0.0028748,0.0022387
29.836,0.012325,0.0096444,0.0024408,0.0019012
31.257,0.010755,0.008389,0.0020724,0.0016145
32.745,0.0093847,0.007297,0.0017595,0.0013711
34.305,0.0081891,0.0063471,0.0014939,0.0011644
35.938,0.0071452,0.0055209,0.0012683,0.00098875
37.649,0.0062331,0.0048022,0.0010764,0.00083938
39.442,0.0054375,0.004177,0.00091348,0.00071258
41.32,0.0047434,0.0036332,0.00077526,0.00060493
43.288,0.0041379,0.0031603,0.00065795,0.00051355
45.349,0.0036088,0.0027484,0.00055835,0.00043596
47.508,0.0031459,0.0023894,0.00047377,0.00037007
49.77,0.0027423,0.0020772,0.000402,0.00031414
52.14,0.0023905,0.0018059,0.0003411,0.00026667
54.623,0.0020839,0.00157,0.00028943,0.00022636
57.224,0.0018158,0.0013643,0.00024559,0.00019217
59.948,0.0015812,0.0011848,0.00020841,0.00016316
62.803,0.0013768,0.0010289,0.00017686,0.00013853
65.793,0.0011989,0.00089346,0.00015008,0.00011761
68.926,0.001044,0.00077588,0.00012736,9.9857e-5
72.208,0.00090893,0.00067356,0.00010809,8.4795e-5
75.646,0.00079122,0.00058447,9.1758e-5,7.2019e-5
79.248,0.00068876,0.00050717,7.7893e-5,6.1168e-5
83.022,0.00059956,0.00044009,6.6123e-5,5.1952e-5
86.975,0.00052192,0.00038189,5.6132e-5,4.4124e-5
91.116,0.0004543,0.00033126,4.7664e-5,3.7484e-5
95.455,0.00039542,0.00028722,4.0487e-5,3.185e-5
100.0,0.00034417,0.00024904,3.439e-5,2.7064e-5
1.0,208.14,196.97,117.57,83.588
1.0476,183.61,173.85,103.79,73.8
1.0975,161.98,153.44,91.618,65.159
1.1498,142.8,135.26,80.73,57.44
1.2045,125.82,119.11,71.02,50.565
1.2619,110.86,104.88,62.478,44.513
1.3219,97.674,92.357,54.964,39.185
1.3849,86.059,81.326,48.353,34.495
1.4508,75.721,71.532,42.453,30.313
1.5199,66.558,62.864,37.217,26.604
1.5923,58.504,55.247,32.628,23.348
1.6681,51.424,48.553,28.604,20.491
1.7475,45.201,42.67,25.076,17.983
1.8307,39.758,37.48,21.934,15.751
1.9179,34.985,32.911,19.16,13.779
2.0092,30.785,28.899,16.737,12.054
2.1049,27.089,25.376,14.62,10.545
2.2051,23.837,22.282,12.77,9.2251
2.3101,20.934,19.529,11.128,8.0519
2.4201,18.368,17.101,9.6848,7.0203
2.5354,16.116,14.975,8.429,6.1208
2.6561,14.14,13.112,7.336,5.3365
2.7826,12.407,11.482,6.3847,4.6527
2.9151,10.847,10.027,5.5421,4.0462
3.0539,9.4706,8.7483,4.8058,3.5154
3.1993,8.2687,7.6323,4.1673,3.0542
3.3516,7.2194,6.6587,3.6137,2.6535
3.5112,6.3031,5.8092,3.1336,2.3053
3.6784,5.5128,5.0679,2.7096,1.9974
3.8535,4.8241,4.4212,2.3412,1.7293
4.037,4.2214,3.8569,2.0228,1.4971
4.2292,3.694,3.3647,1.7477,1.2961
4.4306,3.2324,2.9352,1.51,1.1221
4.6416,2.8258,2.5577,1.3011,0.96883
4.8626,2.4699,2.2281,1.1205,0.83606
5.0941,2.1587,1.941,0.96496,0.72147
5.3367,1.8868,1.6908,0.83099,0.62258
5.5908,1.6491,1.4729,0.71563,0.53724
5.857,1.4403,1.2819,0.61482,0.4625
6.1359,1.2578,1.1156,0.52804,0.39801
6.4281,1.0984,0.97077,0.45351,0.34252
6.7342,0.95923,0.84476,0.38949,0.29476
7.0548,0.83767,0.73511,0.33452,0.25365
7.3907,0.73118,0.63922,0.28665,0.21775
7.7426,0.63819,0.5558,0.24559,0.18689
8.1113,0.55702,0.48326,0.2104,0.1604
8.4975,0.48618,0.42019,0.18026,0.13767
8.9022,0.42434,0.36535,0.15444,0.11815
9.326,0.37025,0.31749,0.132,0.10113
9.7701,0.32305,0.2759,0.11281,0.086549
10.235,0.28187,0.23975,0.096408,0.074071
10.723,0.24593,0.20834,0.082393,0.063392
11.233,0.21458,0.18104,0.070411,0.054248
11.768,0.18719,0.15729,0.060049,0.046311
12.328,0.1633,0.13666,0.051212,0.039535
12.915,0.14246,0.11873,0.043675,0.03375
13.53,0.12428,0.10316,0.037247,0.028811
14.175,0.10842,0.089626,0.031761,0.024591
14.85,0.09458,0.077882,0.027042,0.020949
15.557,0.082509,0.067676,0.023023,0.017847
16.298,0.071978,0.058808,0.019602,0.015204
17.074,0.06279,0.051101,0.016689,0.012952
17.886,0.054777,0.044407,0.014206,0.011032
18.738,0.047793,0.038603,0.012079,0.0093833
19.63,0.041699,0.033557,0.010271,0.0079813
20.565,0.036382,0.029171,0.0087331,0.0067888
21.544,0.031743,0.025359,0.0074256,0.0057744
22.57,0.027696,0.022046,0.0063127,0.0049106
23.645,0.024168,0.019171,0.0053624,0.0041724
24.771,0.021089,0.016672,0.0045551,0.0035451
25.95,0.018402,0.014498,0.0038694,0.0030122
27.186,0.016058,0.012608,0.0032869,0.0025593
28.48,0.014012,0.010965,0.0027916,0.0021742
29.836,0.012226,0.0095373,0.0023699,0.0018462
31.257,0.010668,0.0082956,0.0020118,0.0015676
32.745,0.0093084,0.0072155,0.0017078,0.0013311
34.305,0.0081221,0.0062761,0.0014498,0.0011302
35.938,0.0070864,0.0054589,0.0012306,0.00095959
37.649,0.0061814,0.004748,0.0010443,0.00081455
39.442,0.0053919,0.0041297,0.00088618,0.00069143
41.32,0.0047033,0.0035919,0.000752,0.00058692
43.288,0.0041026,0.0031241,0.00063814,0.00049821
45.349,0.0035777,0.0027168,0.00054149,0.0004229
47.508,0.0031185,0.0023617,0.00045944,0.00035897
49.77,0.0027182,0.002053,0.00038982,0.0003047
52.14,0.0023692,0.0017847,0.00033075,0.00025864
54.623,0.0020651,0.0015514,0.00028063,0.00021954
57.224,0.0017992,0.0013481,0.00023812,0.00018637
59.948,0.0015665,0.0011705,0.00020207,0.00015824
62.803,0.0013639,0.0010164,0.00017147,0.00013435
65.793,0.0011875,0.00088252,0.00014551,0.00011407
68.926,0.0010339,0.00076629,0.00012348,9.6847e-5
72.208,0.00090003,0.00066515,0.00010481,8.2241e-5
75.646,0.00078337,0.00057711,8.8976e-5,6.9854e-5
79.248,0.00068183,0.00050071,7.5537e-5,5.9333e-5
83.022,0.00059346,0.00043444,6.4128e-5,5.0397e-5
86.975,0.00051653,0.00037693,5.4442e-5,4.2806e-5
91.116,0.00044955,0.00032691,4.6234e-5,3.6367e-5
95.455,0.00039124,0.00028342,3.9277e-5,3.0905e-5
100.0,0.00034049,0.00024571,3.3367e-5,2.6263e-5
1.0,207.62,196.26,116.83,83.045
1.0476,183.14,173.2,103.11,73.305
1.0975,161.55,152.85,90.998,64.707
1.1498,142.4,134.72,80.164,57.028
1.2045,125.46,118.61,70.504,50.189
1.2619,110.53,104.43,62.008,44.17
1.3219,97.375,91.945,54.536,38.873
1.3849,85.787,80.952,47.964,34.211
1.4508,75.474,71.191,42.099,30.056
1.5199,66.334,62.555,36.897,26.37
1.5923,58.3,54.967,32.337,23.136
1.6681,51.239,48.298,28.341,20.299
1.7475,45.033,42.439,24.838,17.81
1.8307,39.606,37.271,21.719,15.594
1.9179,34.848,32.723,18.966,13.638
2.0092,30.661,28.729,16.562,11.927
2.1049,26.977,25.222,14.462,10.43
2.2051,23.736,22.144,12.629,9.1215
2.3101,20.843,19.405,11.001,7.9588
2.4201,18.285,16.989,9.5708,6.9367
2.5354,16.042,14.874,8.3268,6.0458
2.6561,14.073,13.022,7.2446,5.2693
2.7826,12.346,11.401,6.3029,4.5925
2.9151,10.792,9.9544,5.4691,3.9924
3.0539,9.4214,8.6829,4.7407,3.4674
3.1993,8.2245,7.5737,4.1094,3.0113
3.3516,7.1796,6.6062,3.5621,2.6153
3.5112,6.2674,5.7622,3.0877,2.2713
3.6784,5.4809,5.0261,2.6689,1.9672
3.8535,4.7957,4.3841,2.3051,1.7024
4.037,4.1961,3.824,1.9909,1.4733
4.2292,3.6714,3.3354,1.7195,1.275
4.4306,3.2124,2.9093,1.4851,1.1034
4.6416,2.8081,2.5347,1.2791,0.95234
4.8626,2.4541,2.2078,1.1011,0.82151
5.0941,2.1448,1.9231,0.9479,0.70865
5.3367,1.8745,1.675,0.81599,0.61128
5.5908,1.6382,1.459,0.70243,0.52729
5.857,1.4307,1.2697,0.60327,0.45377
6.1359,1.2493,1.1048,0.51793,0.39036
6.4281,1.0909,0.96131,0.44466,0.33581
6.7342,0.95264,0.83646,0.38176,0.28888
7.0548,0.83186,0.72781,0.32775,0.24851
7.3907,0.72607,0.63283,0.28075,0.21326
7.7426,0.63371,0.55021,0.24045,0.18298
8.1113,0.55309,0.47837,0.20594,0.15699
8.4975,0.48272,0.41591,0.17638,0.13469
8.9022,0.4213,0.3616,0.15106,0.11556
9.326,0.36759,0.31422,0.12907,0.09888
9.7701,0.32072,0.27304,0.11027,0.0846
10.235,0.27983,0.23726,0.094208,0.072381
10.723,0.24414,0.20617,0.080487,0.061926
11.233,0.21301,0.17914,0.068761,0.052977
11.768,0.18582,0.15564,0.058624,0.045213
12.328,0.1621,0.13522,0.049982,0.038586
12.915,0.14141,0.11748,0.042614,0.032931
13.53,0.12336,0.10207,0.036331,0.028103
14.175,0.10761,0.088677,0.030971,0.02398
14.85,0.093877,0.077056,0.026362,0.020424
15.557,0.081894,0.066958,0.022439,0.017395
16.298,0.071441,0.058183,0.019099,0.014815
17.074,0.062321,0.050558,0.016257,0.012617
17.886,0.054366,0.043934,0.013835,0.010744
18.738,0.047434,0.038191,0.011761,0.0091367
19.63,0.041385,0.0332,0.0099979,0.0077699
20.565,0.036107,0.02886,0.0084991,0.0066075
21.544,0.031502,0.025088,0.007225,0.005619
22.57,0.027485,0.02181,0.0061408,0.0047775
23.645,0.023983,0.018966,0.0052154,0.0040585
24.771,0.020927,0.016493,0.0044295,0.0034478
25.95,0.01826,0.014343,0.003762,0.0029289
27.186,0.015933,0.012473,0.003195,0.0024882
28.48,0.013903,0.010847,0.0027132,0.0021134
29.836,0.01213,0.0094343,0.0023029,0.0017943
31.257,0.010584,0.0082058,0.0019547,0.0015234
32.745,0.0092347,0.0071372,0.0016591,0.0012933
34.305,0.0080573,0.0062078,0.0014082,0.001098
35.938,0.0070295,0.0053993,0.0011952,0.00093215
37.649,0.0061313,0.0046959,0.0010141,0.00079119
39.442,0.0053478,0.0040842,0.00086051,0.00067155
41.32,0.0046644,0.0035521,0.00073015,0.00056999
43.288,0.0040684,0.0030894,0.00061954,0.0004838
45.349,0.0035476,0.0026864,0.00052567,0.00041064
47.508,0.0030919,0.0023351,0.00044599,0.00034855
49.77,0.0026947,0.0020297,0.00037839,0.00029585
52.14,0.0023486,0.0017643,0.00032104,0.00025112
54.623,0.0020469,0.0015336,0.00027238,0.00021315
57.224,0.0017832,0.0013324,0.00023111,0.00018094
59.948,0.0015523,0.0011568,0.00019613,0.00015363
62.803,0.0013513,0.0010043,0.00016644,0.00013044
65.793,0.0011764,0.00087196,0.00014124,0.00011075
68.926,0.0010241,0.00075703,0.00011986,9.4031e-5
72.208,0.00089139,0.00065703,0.00010173,7.9853e-5
75.646,0.00077575,0.00056999,8.6376e-5,6.7831e-5
79.248,0.00067511,0.00049448,7.3336e-5,5.7618e-5
83.022,0.00058752,0.00042897,6.2264e-5,4.8943e-5
86.975,0.0005113,0.00037214,5.2864e-5,4.1575e-5
91.116,0.00044494,0.00032272,4.4898e-5,3.5324e-5
95.455,0.00038718,0.00027975,3.8147e-5,3.0022e-5
100.0,0.00033692,0.0002425,3.2412e-5,2.5516e-5
1.0,207.1,195.54,116.08,82.501
1.0476,182.67,172.54,102.43,72.808
1.0975,161.11,152.25,90.376,64.254
1.1498,142.01,134.18,79.597,56.615
1.2045,125.1,118.12,69.987,49.813
1.2619,110.2,103.98,61.538,43.828
1.3219,97.077,91.534,54.108,38.562
1.3849,85.516,80.578,47.575,33.929
1.4508,75.228,70.852,41.747,29.799
1.5199,66.11,62.247,36.577,26.138
1.5923,58.097,54.687,32.047,22.926
1.6681,51.055,48.045,28.079,20.109
1.7475,44.867,42.21,24.602,17.638
1.8307,39.456,37.064,21.506,15.439
1.9179,34.711,32.536,18.774,13.498
2.0092,30.538,28.56,16.388,11.8
2.1049,26.866,25.07,14.306,10.316
2.2051,23.635,22.007,12.489,9.0192
2.3101,20.752,19.281,10.875,7.8669
2.4201,18.203,16.878,9.4582,6.8542
2.5354,15.968,14.774,8.2261,5.9719
2.6561,14.007,12.932,7.1544,5.2031
2.7826,12.286,11.32,6.2224,4.5332
2.9151,10.739,9.8825,5.3972,3.9395
3.0539,9.373,8.6184,4.6767,3.4202
3.1993,8.1809,7.516,4.0524,2.9693
3.3516,7.1404,6.5546,3.5114,2.5778
3.5112,6.2322,5.7161,3.0427,2.2379
3.6784,5.4496,4.9851,2.6291,1.9376
3.8535,4.7678,4.3477,2.2698,1.6762
4.037,4.1713,3.7917,1.9596,1.45
4.2292,3.6494,3.3068,1.6918,1.2544
4.4306,3.1927,2.8839,1.4606,1.0851
4.6416,2.7907,2.5123,1.2576,0.93625
4.8626,2.4387,2.188,1.0822,0.80733
5.0941,2.1312,1.9056,0.93126,0.69616
5.3367,1.8624,1.6596,0.80137,0.60028
5.5908,1.6275,1.4454,0.68959,0.51761
5.857,1.4213,1.2577,0.59202,0.44528
6.1359,1.241,1.0943,0.50809,0.38292
6.4281,1.0836,0.9521,0.43606,0.3293
6.7342,0.94621,0.82837,0.37424,0.28318
7.0548,0.8262,0.72071,0.32118,0.24352
7.3907,0.72109,0.62662,0.27504,0.20891
7.7426,0.62934,0.54478,0.23548,0.17919
8.1113,0.54925,0.47362,0.20161,0.15369
8.4975,0.47935,0.41175,0.17262,0.13182
8.9022,0.41834,0.35796,0.14779,0.11306
9.326,0.365,0.31105,0.12623,0.096709
9.7701,0.31845,0.27028,0.10781,0.082716
10.235,0.27784,0.23485,0.092084,0.070748
10.723,0.2424,0.20406,0.078647,0.060511
11.233,0.21148,0.17731,0.067168,0.051751
11.768,0.18449,0.15404,0.05725,0.044154
12.328,0.16094,0.13383,0.048797,0.037672
12.915,0.14039,0.11627,0.041591,0.032141
13.53,0.12247,0.10101,0.03545,0.027423
14.175,0.10683,0.087757,0.030211,0.023393
14.85,0.093194,0.076256,0.025709,0.019919
15.557,0.081297,0.066262,0.021877,0.01696
16.298,0.070919,0.057577,0.018616,0.014441
17.074,0.061864,0.050031,0.015842,0.012296
17.886,0.053967,0.043475,0.013479,0.010468
18.738,0.047084,0.037793,0.011456,0.0089001
19.63,0.041079,0.032853,0.0097361,0.0075671
20.565,0.03584,0.028558,0.0082748,0.0064337
21.544,0.031268,0.024825,0.0070327,0.0054701
22.57,0.02728,0.021581,0.0059762,0.0046499
23.645,0.023804,0.018767,0.0050747,0.0039495
24.771,0.02077,0.01632,0.0043092,0.0033546
25.95,0.018122,0.014192,0.0036592,0.0028493
27.186,0.015813,0.012341,0.0031072,0.0024201
28.48,0.013797,0.010732,0.0026381,0.0020553
29.836,0.012037,0.0093345,0.0022389,0.0017447
31.257,0.010502,0.0081187,0.0019001,0.0014811
32.745,0.0091628,0.0070612,0.0016126,0.0012573
34.305,0.0079942,0.0061415,0.0013686,0.0010673
35.938,0.0069739,0.0053414,0.0011614,0.00090596
37.649,0.0060823,0.0046453,0.00098535,0.0007689
39.442,0.0053047,0.0040399,0.00083601,0.00065257
41.32,0.0046265,0.0035134,0.0007093,0.00055385
43.288,0.004035,0.0030556,0.0006018,0.00047006
45.349,0.0035182,0.0026568,0.00051058,0.00039895
47.508,0.003066,0.0023092,0.00043318,0.00033862
49.77,0.0026719,0.002007,0.00036751,0.00028741
52.14,0.0023284,0.0017444,0.00031179,0.00024395
54.623,0.0020291,0.0015162,0.00026452,0.00020705
57.224,0.0017674,0.0013172,0.00022444,0.00017577
59.948,0.0015384,0.0011434,0.00019047,0.00014924
62.803,0.0013391,0.00099262,0.00016164,0.00012671
65.793,0.0011656,0.00086168,0.00013717,0.00010759
68.926,0.0010145,0.00074802,0.00011641,9.1351e-5
72.208,0.00088294,0.00064914,9.8813e-5,7.7581e-5
75.646,0.0007683,0.00056307,8.3903e-5,6.5905e-5
79.248,0.00066853,0.00048841,7.1242e-5,5.5987e-5
83.022,0.00058172,0.00042365,6.0491e-5,4.7561e-5
86.975,0.00050619,0.00036748,5.1363e-5,4.0404e-5
91.116,0.00044044,0.00031864,4.3628e-5,3.4333e-5
95.455,0.00038322,0.00027618,3.7074e-5,2.9183e-5
100.0,0.00033343,0.00023938,3.1504e-5,2.4805e-5
1.0,206.58,194.82,115.34,81.956
1.0476,182.19,171.89,101.74,72.311
1.0975,160.68,151.65,89.754,63.801
1.1498,141.62,133.63,79.03,56.203
1.2045,124.74,117.62,69.471,49.438
1.2619,109.87,103.53,61.068,43.487
1.3219,96.78,91.123,53.681,38.252
1.3849,85.246,80.205,47.188,33.648
1.4508,74.983,70.513,41.395,29.544
1.5199,65.888,61.94,36.259,25.906
1.5923,57.895,54.409,31.76,22.717
1.6681,50.873,47.794,27.819,19.92
1.7475,44.701,41.982,24.367,17.467
1.8307,39.306,36.859,21.294,15.285
1.9179,34.576,32.35,18.583,13.359
2.0092,30.416,28.393,16.217,11.675
2.1049,26.755,24.92,14.152,10.204
2.2051,23.536,21.871,12.35,8.918
2.3101,20.662,19.16,10.751,7.7761
2.4201,18.123,16.769,9.3471,6.7729
2.5354,15.895,14.676,8.1267,5.899
2.6561,13.941,12.844,7.0656,5.1379
2.7826,12.227,11.241,6.1431,4.4749
2.9151,10.686,9.8116,5.3266,3.8875
3.0539,9.3253,8.555,4.6139,3.3738
3.1993,8.1381,7.4593,3.9965,2.928
3.3516,7.102,6.5039,3.4617,2.5411
3.5112,6.1977,5.6708,2.9985,2.2053
3.6784,5.4188,4.9449,2.59,1.9086
3.8535,4.7404,4.312,2.2352,1.6505
4.037,4.1469,3.76,1.9291,1.4273
4.2292,3.6277,3.2787,1.6648,1.2343
4.4306,3.1735,2.859,1.4368,1.0673
4.6416,2.7736,2.4903,1.2366,0.92055
4.8626,2.4237,2.1686,1.0638,0.7935
5.0941,2.1179,1.8885,0.91505,0.68398
5.3367,1.8506,1.6446,0.78713,0.58957
5.5908,1.6171,1.4321,0.67708,0.50819
5.857,1.4121,1.2461,0.58109,0.43702
6.1359,1.2329,1.0841,0.49853,0.3757
6.4281,1.0765,0.94312,0.42771,0.32297
6.7342,0.93994,0.82049,0.36694,0.27764
7.0548,0.82067,0.7138,0.31481,0.23868
7.3907,0.71625,0.62057,0.2695,0.20469
7.7426,0.62508,0.53949,0.23066,0.17551
8.1113,0.54551,0.469,0.19743,0.15049
8.4975,0.47607,0.40771,0.16898,0.12904
8.9022,0.41547,0.35443,0.14463,0.11064
9.326,0.36248,0.30797,0.12349,0.09461
9.7701,0.31624,0.26759,0.10544,0.080898
10.235,0.27591,0.2325,0.090032,0.069172
10.723,0.24071,0.20202,0.076872,0.059145
11.233,0.21,0.17552,0.065632,0.050568
11.768,0.18319,0.15249,0.055926,0.043134
12.328,0.1598,0.13248,0.047655,0.036792
12.915,0.1394,0.11509,0.040607,0.031382
13.53,0.1216,0.099988,0.034601,0.026767
14.175,0.10607,0.086866,0.02948,0.022828
14.85,0.092531,0.075481,0.02508,0.019433
15.557,0.080717,0.065588,0.021337,0.016543
16.298,0.070411,0.056991,0.018153,0.014082
17.074,0.06142,0.049521,0.015443,0.011988
17.886,0.053579,0.043031,0.013136,0.010203
18.738,0.046745,0.037407,0.011162,0.0086731
19.63,0.040782,0.032517,0.009485,0.0073726
20.565,0.035579,0.028266,0.0080597,0.0062671
21.544,0.031041,0.024571,0.0068485,0.0053274
22.57,0.027081,0.02136,0.0058185,0.0045277
23.645,0.023629,0.018575,0.00494,0.0038451
24.771,0.020616,0.016152,0.0041941,0.0032654
25.95,0.017988,0.014046,0.0035608,0.0027731
27.186,0.015695,0.012214,0.0030231,0.002355
28.48,0.013693,0.010621,0.0025664,0.0019997
29.836,0.011946,0.0092376,0.0021777,0.0016974
31.257,0.010422,0.0080341,0.001848,0.0014407
32.745,0.0090926,0.0069874,0.0015681,0.0012229
34.305,0.0079325,0.0060771,0.0013307,0.0010379
35.938,0.0069197,0.0052852,0.0011291,0.00088096
37.649,0.0060346,0.0045962,0.00095788,0.00074763
39.442,0.0052627,0.003997,0.00081264,0.00063447
41.32,0.0045895,0.0034759,0.00068942,0.00053845
43.288,0.0040024,0.0030227,0.00058488,0.00045695
45.349,0.0034895,0.0026281,0.0004962,0.00038781
47.508,0.0030406,0.002284,0.00042096,0.00032915
49.77,0.0026495,0.001985,0.00035713,0.00027937
52.14,0.0023087,0.0017251,0.00030298,0.00023712
54.623,0.0020117,0.0014993,0.00025704,0.00020125
57.224,0.0017521,0.0013024,0.00021809,0.00017084
59.948,0.0015249,0.0011305,0.00018509,0.00014506
62.803,0.0013271,0.00098122,0.00015708,0.00012317
65.793,0.001155,0.00085169,0.0001333,0.00010458
68.926,0.0010052,0.00073926,0.00011313,8.8801e-5
72.208,0.00087469,0.00064145,9.6034e-5,7.5419e-5
75.646,0.00076101,0.00055633,8.155e-5,6.4074e-5
79.248,0.00066211,0.00048251,6.925e-5,5.4435e-5
83.022,0.00057606,0.00041848,5.8805e-5,4.6247e-5
86.975,0.00050119,0.00036295,4.9936e-5,3.929e-5
91.116,0.00043604,0.00031467,4.2421e-5,3.339e-5
95.455,0.00037935,0.00027271,3.6053e-5,2.8385e-5
100.0,0.00033003,0.00023634,3.0641e-5,2.413e-5
1.0,206.06,194.11,114.59,81.41
1.0476,181.72,171.23,101.06,71.814
1.0975,160.25,151.06,89.131,63.348
1.1498,141.22,133.09,78.463,55.79
1.2045,124.38,117.13,68.955,49.063
1.2619,109.55,103.08,60.599,43.146
1.3219,96.483,90.713,53.255,37.943
1.3849,84.977,79.832,46.802,33.367
1.4508,74.739,70.175,41.045,29.29
1.5199,65.666,61.634,35.942,25.677
1.5923,57.695,54.132,31.473,22.509
1.6681,50.691,47.543,27.56,19.732
1.7475,44.537,41.756,24.133,17.297
1.8307,39.158,36.655,21.084,15.132
1.9179,34.442,32.166,18.394,13.221
2.0092,30.295,28.227,16.047,11.551
2.1049,26.646,24.771,14.0,10.093
2.2051,23.437,21.737,12.213,8.8181
2.3101,20.574,19.039,10.628,7.6865
2.4201,18.043,16.66,9.2374,6.6926
2.5354,15.823,14.579,8.0287,5.8272
2.6561,13.877,12.757,6.9781,5.0737
2.7826,12.169,11.163,6.065,4.4176
2.9151,10.633,9.7418,5.2571,3.8363
3.0539,9.2784,8.4926,4.552,3.3283
3.1993,8.0959,7.4035,3.9416,2.8875
3.3516,7.0641,6.454,3.413,2.505
3.5112,6.1638,5.6263,2.9553,2.1732
3.6784,5.3886,4.9054,2.5517,1.8802
3.8535,4.7136,4.2769,2.2014,1.6254
4.037,4.1231,3.729,1.8992,1.4051
4.2292,3.6065,3.2512,1.6384,1.2146
4.4306,3.1547,2.8346,1.4135,1.0499
4.6416,2.757,2.4688,1.2162,0.90523
4.8626,2.409,2.1497,1.0458,0.78002
5.0941,2.1048,1.8718,0.89926,0.67213
5.3367,1.8391,1.6299,0.77326,0.57915
5.5908,1.6069,1.4192,0.66492,0.49902
5.857,1.4031,1.2347,0.57045,0.429
6.1359,1.2251,1.0741,0.48925,0.36868
6.4281,1.0696,0.93438,0.4196,0.31684
6.7342,0.93382,0.81282,0.35987,0.27228
7.0548,0.81529,0.70707,0.30864,0.23398
7.3907,0.71153,0.61469,0.26413,0.20061
7.7426,0.62094,0.53435,0.226,0.17196
8.1113,0.54188,0.4645,0.19337,0.1474
8.4975,0.47288,0.40379,0.16546,0.12635
8.9022,0.41267,0.351,0.14157,0.1083
9.326,0.36003,0.30498,0.12085,0.092584
9.7701,0.3141,0.26498,0.10316,0.079143
10.235,0.27403,0.23023,0.088053,0.067653
10.723,0.23906,0.20003,0.075161,0.05783
11.233,0.20856,0.1738,0.064153,0.04943
11.768,0.18193,0.15099,0.054651,0.042151
12.328,0.1587,0.13117,0.046556,0.035945
12.915,0.13844,0.11395,0.03966,0.030651
13.53,0.12076,0.098997,0.033786,0.026137
14.175,0.10534,0.086003,0.028778,0.022285
14.85,0.091886,0.07473,0.024477,0.018966
15.557,0.080153,0.064935,0.020819,0.016142
16.298,0.069918,0.056423,0.017708,0.013738
17.074,0.060989,0.049026,0.015061,0.011692
17.886,0.053201,0.042602,0.012808,0.0099491
18.738,0.046414,0.037033,0.010882,0.0084557
19.63,0.040493,0.032191,0.0092446,0.0071865
20.565,0.035326,0.027983,0.0078538,0.0061077
21.544,0.030819,0.024325,0.0066723,0.0051909
22.57,0.026887,0.021146,0.0056677,0.0044109
23.645,0.023459,0.018388,0.0048112,0.0037454
24.771,0.020467,0.01599,0.0040841,0.0031802
25.95,0.017857,0.013904,0.0034669,0.0027004
27.186,0.01558,0.01209,0.0029429,0.0022929
28.48,0.013593,0.010514,0.0024979,0.0019467
29.836,0.011858,0.0091437,0.0021194,0.0016522
31.257,0.010345,0.0079522,0.0017982,0.0014022
32.745,0.0090243,0.0069159,0.0015258,0.00119
34.305,0.0078724,0.0060147,0.0012946,0.00101
35.938,0.0068669,0.0052307,0.0010983,0.00085714
37.649,0.0059881,0.0045485,0.00093173,0.00072737
39.442,0.0052217,0.0039553,0.00079039,0.00061724
41.32,0.0045534,0.0034394,0.0006705,0.00052379
43.288,0.0039706,0.0029909,0.00056879,0.00044449
45.349,0.0034615,0.0026002,0.00048252,0.00037721
47.508,0.0030159,0.0022596,0.00040935,0.00032015
49.77,0.0026277,0.0019636,0.00034727,0.00027173
52.14,0.0022894,0.0017064,0.00029461,0.00023063
54.623,0.0019947,0.0014829,0.00024993,0.00019574
57.224,0.0017371,0.001288,0.00021206,0.00016616
59.948,0.0015116,0.0011178,0.00017998,0.00014109
62.803,0.0013154,0.00097014,0.00015274,0.0001198
65.793,0.0011446,0.00084198,0.00012963,0.00010173
68.926,0.00099604,0.00073074,0.00011002,8.6381e-5
72.208,0.00086663,0.00063398,9.3397e-5,7.3367e-5
75.646,0.0007539,0.00054979,7.9318e-5,6.2336e-5
79.248,0.00065584,0.00047677,6.7361e-5,5.2963e-5
83.022,0.00057053,0.00041345,5.7207e-5,4.5e-5
86.975,0.00049631,0.00035854,4.8583e-5,3.8234e-5
91.116,0.00043175,0.00031081,4.1277e-5,3.2495e-5
95.455,0.00037557,0.00026933,3.5085e-5,2.7628e-5
100.0,0.0003267,0.00023338,2.9823e-5,2.3489e-5
1.0,205.54,193.39,113.84,80.864
1.0476,181.24,170.58,100.38,71.316
1.0975,159.81,150.46,88.507,62.895
1.1498,140.83,132.54,77.895,55.378
1.2045,124.02,116.63,68.438,48.688
1.2619,109.22,102.63,60.13,42.806
1.3219,96.187,90.304,52.83,37.635
1.3849,84.708,79.461,46.416,33.088
1.4508,74.495,69.839,40.697,29.037
1.5199,65.446,61.329,35.627,25.448
1.5923,57.495,53.857,31.188,22.302
1.6681,50.51,47.294,27.303,19.545
1.7475,44.374,41.531,23.902,17.129
1.8307,39.01,36.452,20.875,14.98
1.9179,34.309,31.984,18.206,13.085
2.0092,30.175,28.063,15.879,11.429
2.1049,26.538,24.623,13.849,9.9826
2.2051,23.34,21.604,12.078,8.7193
2.3101,20.486,18.92,10.507,7.5981
2.4201,17.964,16.553,9.1292,6.6135
2.5354,15.753,14.483,7.9321,5.7565
2.6561,13.813,12.671,6.8919,5.0105
2.7826,12.112,11.086,5.9881,4.3611
2.9151,10.582,9.6731,5.1887,3.7861
3.0539,9.2322,8.4312,4.4913,3.2836
3.1993,8.0545,7.3486,3.8877,2.8477
3.3516,7.027,6.4051,3.3652,2.4697
3.5112,6.1305,5.5826,2.9129,2.1419
3.6784,5.359,4.8666,2.5142,1.8524
3.8535,4.6872,4.2426,2.1683,1.6008
4.037,4.0997,3.6986,1.87,1.3833
4.2292,3.5858,3.2243,1.6127,1.1954
4.4306,3.1362,2.8108,1.3908,1.033
4.6416,2.7407,2.4478,1.1962,0.89031
4.8626,2.3945,2.1312,1.0283,0.7669
5.0941,2.0921,1.8556,0.88388,0.66059
5.3367,1.8279,1.6155,0.75978,0.56901
5.5908,1.597,1.4065,0.6531,0.49012
5.857,1.3944,1.2236,0.56013,0.42121
6.1359,1.2174,1.0644,0.48024,0.36187
6.4281,1.0628,0.92587,0.41174,0.31089
6.7342,0.92787,0.80536,0.35301,0.26708
7.0548,0.81006,0.70053,0.30266,0.22944
7.3907,0.70693,0.60898,0.25893,0.19666
7.7426,0.61691,0.52936,0.22149,0.16852
8.1113,0.53834,0.46014,0.18946,0.14441
8.4975,0.46978,0.39998,0.16206,0.12375
8.9022,0.40995,0.34767,0.13862,0.10604
9.326,0.35765,0.30208,0.1183,0.090631
9.7701,0.31201,0.26245,0.10095,0.077452
10.235,0.2722,0.22803,0.086148,0.06619
10.723,0.23747,0.19812,0.073514,0.056564
11.233,0.20716,0.17212,0.06273,0.048335
11.768,0.18071,0.14953,0.053425,0.041207
12.328,0.15763,0.1299,0.045501,0.035131
12.915,0.1375,0.11285,0.038751,0.02995
13.53,0.11994,0.098037,0.033003,0.025533
14.175,0.10462,0.085169,0.028104,0.021764
14.85,0.09126,0.074004,0.023899,0.018519
15.557,0.079605,0.064303,0.020323,0.015758
16.298,0.069439,0.055874,0.017282,0.013409
17.074,0.06057,0.048549,0.014696,0.011409
17.886,0.052835,0.042186,0.012495,0.0097064
18.738,0.046094,0.036671,0.010613,0.008248
19.63,0.040212,0.031877,0.0090149,0.0070087
20.565,0.035081,0.027709,0.0076573,0.0059555
21.544,0.030604,0.024086,0.0065041,0.0050606
22.57,0.026699,0.020939,0.0055238,0.0042995
23.645,0.023293,0.018207,0.0046884,0.0036503
24.771,0.020322,0.015832,0.0039792,0.003099
25.95,0.01773,0.013767,0.0033774,0.002631
27.186,0.015468,0.011971,0.0028665,0.0022337
28.48,0.013495,0.01041,0.0024327,0.0018962
29.836,0.011772,0.0090528,0.0020639,0.0016092
31.257,0.010269,0.0078728,0.0017509,0.0013656
32.745,0.0089577,0.0068466,0.0014855,0.0011588
34.305,0.0078139,0.0059542,0.0012602,0.00098341
35.938,0.0068154,0.0051779,0.0010691,0.00083452
37.649,0.0059427,0.0045023,0.00090689,0.00070813
39.442,0.0051817,0.0039149,0.00076927,0.00060089
41.32,0.0045182,0.0034041,0.00065254,0.00050988
43.288,0.0039396,0.0029599,0.00055352,0.00043266
45.349,0.0034341,0.0025732,0.00046954,0.00036716
47.508,0.0029917,0.0022359,0.00039833,0.00031162
49.77,0.0026064,0.0019428,0.00033792,0.00026448
52.14,0.0022706,0.0016882,0.00028667,0.00022447
54.623,0.0019781,0.0014669,0.0002432,0.00019052
57.224,0.0017225,0.001274,0.00020635,0.00016173
59.948,0.0014987,0.0011056,0.00017513,0.00013733
62.803,0.001304,0.00095939,0.00014864,0.00011662
65.793,0.0011345,0.00083254,0.00012616,9.9028e-5
68.926,0.00098712,0.00072246,0.00010707,8.4091e-5
72.208,0.00085876,0.00062673,9.0902e-5,7.1426e-5
75.646,0.00074696,0.00054342,7.7206e-5,6.0692e-5
79.248,0.00064971,0.00047119,6.5574e-5,5.1571e-5
83.022,0.00056513,0.00040856,5.5695e-5,4.382e-5
86.975,0.00049155,0.00035426,4.7304e-5,3.7235e-5
91.116,0.00042755,0.00030706,4.0195e-5,3.165e-5
95.455,0.00037188,0.00026605,3.4171e-5,2.6912e-5
100.0,0.00032346,0.00023051,2.9049e-5,2.2884e-5
1.0,205.01,192.66,113.08,80.316
1.0476,180.76,169.92,99.69,70.817
1.0975,159.38,149.86,87.883,62.442
1.1498,140.43,132.0,77.327,54.967
1.2045,123.66,116.13,67.923,48.314
1.2619,108.9,102.17,59.662,42.467
1.3219,95.892,89.894,52.406,37.327
1.3849,84.44,79.09,46.032,32.81
1.4508,74.253,69.503,40.349,28.786
1.5199,65.226,61.026,35.313,25.22
1.5923,57.297,53.582,30.905,22.097
1.6681,50.331,47.047,27.048,19.36
1.7475,44.212,41.308,23.672,16.962
1.8307,38.864,36.251,20.668,14.83
1.9179,34.178,31.803,18.021,12.95
2.0092,30.056,27.9,15.712,11.308
2.1049,26.432,24.477,13.699,9.8739
2.2051,23.244,21.473,11.944,8.6218
2.3101,20.4,18.802,10.387,7.5108
2.4201,17.887,16.448,9.0224,6.5355
2.5354,15.683,14.388,7.8368,5.6868
2.6561,13.75,12.587,6.807,4.9483
2.7826,12.056,11.011,5.9125,4.3057
2.9151,10.532,9.6055,5.1215,3.7367
3.0539,9.1868,8.3708,4.4317,3.2397
3.1993,8.0138,7.2947,3.8348,2.8087
3.3516,6.9905,6.357,3.3183,2.4351
3.5112,6.0978,5.5397,2.8714,2.1112
3.6784,5.3299,4.8286,2.4775,1.8252
3.8535,4.6614,4.2089,2.1359,1.5768
4.037,4.0768,3.6688,1.8414,1.3621
4.2292,3.5654,3.198,1.5875,1.1767
4.4306,3.1182,2.7875,1.3686,1.0165
4.6416,2.7247,2.4273,1.1768,0.87578
4.8626,2.3805,2.1132,1.0112,0.75413
5.0941,2.0797,1.8397,0.86892,0.64938
5.3367,1.8169,1.6015,0.74667,0.55917
5.5908,1.5873,1.3942,0.64161,0.48148
5.857,1.3859,1.2129,0.55011,0.41366
6.1359,1.2099,1.0549,0.4715,0.35527
6.4281,1.0562,0.91759,0.40412,0.30512
6.7342,0.92208,0.79811,0.34637,0.26205
7.0548,0.80497,0.69418,0.29687,0.22505
7.3907,0.70246,0.60343,0.25391,0.19284
7.7426,0.61299,0.52452,0.21713,0.16521
8.1113,0.53491,0.45592,0.18568,0.14153
8.4975,0.46677,0.39628,0.15878,0.12125
8.9022,0.40731,0.34445,0.13578,0.10387
9.326,0.35534,0.29927,0.11585,0.088751
9.7701,0.30999,0.26001,0.098831,0.075826
10.235,0.27043,0.2259,0.084316,0.064783
10.723,0.23592,0.19626,0.071932,0.055348
11.233,0.20581,0.17051,0.061364,0.047283
11.768,0.17952,0.14813,0.052249,0.040302
12.328,0.15659,0.12868,0.044488,0.034351
12.915,0.13659,0.11179,0.03788,0.029278
13.53,0.11915,0.097111,0.032253,0.024955
14.175,0.10393,0.084362,0.027459,0.021266
14.85,0.090653,0.073303,0.023346,0.018092
15.557,0.079075,0.063693,0.019848,0.015391
16.298,0.068975,0.055343,0.016875,0.013094
17.074,0.060164,0.048087,0.014347,0.011139
17.886,0.05248,0.041785,0.012196,0.0094747
18.738,0.045782,0.036322,0.010357,0.0080498
19.63,0.039939,0.031573,0.0087959,0.0068391
20.565,0.034842,0.027445,0.00747,0.0058105
21.544,0.030395,0.023856,0.0063439,0.0049366
22.57,0.026516,0.020738,0.0053869,0.0041935
23.645,0.023133,0.018033,0.0045715,0.0035598
24.771,0.020181,0.01568,0.0038795,0.0030218
25.95,0.017606,0.013634,0.0032923,0.0025652
27.186,0.01536,0.011856,0.0027939,0.0021775
28.48,0.0134,0.010309,0.0023708,0.0018483
29.836,0.011688,0.0089649,0.0020112,0.0015684
31.257,0.010195,0.0077961,0.0017061,0.0013308
32.745,0.0088929,0.0067796,0.0014473,0.0011293
34.305,0.0077569,0.0058957,0.0012277,0.00095822
35.938,0.0067652,0.0051267,0.0010414,0.00081308
37.649,0.0058985,0.0044576,0.00088336,0.00068991
39.442,0.0051427,0.0038757,0.00074927,0.0005854
41.32,0.0044838,0.0033698,0.00063554,0.00049672
43.288,0.0039093,0.00293,0.00053907,0.00042147
45.349,0.0034074,0.0025469,0.00045727,0.00035765
47.508,0.0029682,0.0022129,0.00038792,0.00030355
49.77,0.0025856,0.0019227,0.00032909,0.00025763
52.14,0.0022523,0.0016705,0.00027918,0.00021866
54.623,0.0019619,0.0014514,0.00023684,0.00018559
57.224,0.0017082,0.0012604,0.00020095,0.00015754
59.948,0.001486,0.0010937,0.00017056,0.00013379
62.803,0.0012928,0.00094895,0.00014477,0.00011361
65.793,0.0011247,0.00082338,0.00012288,9.6479e-5
68.926,0.00097842,0.00071443,0.00010429,8.193e-5
72.208,0.00085108,0.00061968,8.8549e-5,6.9595e-5
75.646,0.00074018,0.00053725,7.5216e-5,5.9141e-5
79.248,0.00064374,0.00046578,6.389e-5,5.0258e-5
83.022,0.00055986,0.00040382,5.427e-5,4.2709e-5
86.975,0.00048691,0.0003501,4.6098e-5,3.6293e-5
91.116,0.00042347,0.00030342,3.9175e-5,3.0853e-5
95.455,0.00036829,0.00026287,3.3309e-5,2.6238e-5
100.0,0.0003203,0.00022773,2.8321e-5,2.2313e-5
1.0,204.49,191.94,112.33,79.77
1.0476,180.29,169.26,99.004,70.32
1.0975,158.95,149.26,87.259,61.99
1.1498,140.04,131.45,76.761,54.556
1.2045,123.31,115.64,67.409,47.942
1.2619,108.57,101.73,59.196,42.13
1.3219,95.598,89.487,51.984,37.022
1.3849,84.174,78.721,45.65,32.533
1.4508,74.012,69.169,40.004,28.536
1.5199,65.008,60.724,35.001,24.995
1.5923,57.1,53.31,30.624,21.893
1.6681,50.153,46.801,26.794,19.177
1.7475,44.052,41.086,23.444,16.797
1.8307,38.72,36.051,20.463,14.682
1.9179,34.047,31.623,17.837,12.816
2.0092,29.939,27.739,15.547,11.188
2.1049,26.326,24.332,13.552,9.7665
2.2051,23.149,21.343,11.812,8.5256
2.3101,20.315,18.686,10.269,7.4248
2.4201,17.81,16.344,8.9172,6.4587
2.5354,15.614,14.295,7.743,5.6182
2.6561,13.689,12.504,6.7235,4.8871
2.7826,12.001,10.936,5.8381,4.2511
2.9151,10.482,9.5389,5.0555,3.6882
3.0539,9.1422,8.3114,4.3731,3.1966
3.1993,7.9738,7.2417,3.7829,2.7705
3.3516,6.9546,6.3097,3.2723,2.4012
3.5112,6.0657,5.4976,2.8307,2.0811
3.6784,5.3013,4.7912,2.4416,1.7986
3.8535,4.6361,4.1759,2.1042,1.5533
4.037,4.0543,3.6396,1.8135,1.3414
4.2292,3.5455,3.1722,1.5629,1.1584
4.4306,3.1005,2.7647,1.347,1.0003
4.6416,2.7091,2.4072,1.1578,0.86158
4.8626,2.3667,2.0955,0.99454,0.74167
5.0941,2.0675,1.8241,0.85433,0.63844
5.3367,1.8062,1.5879,0.73389,0.54957
5.5908,1.5778,1.3822,0.63042,0.47306
5.857,1.3775,1.2023,0.54035,0.4063
6.1359,1.2026,1.0457,0.46299,0.34885
6.4281,1.0498,0.90952,0.39671,0.29952
6.7342,0.91642,0.79104,0.33992,0.25716
7.0548,0.79999,0.68799,0.29125,0.22079
7.3907,0.6981,0.59803,0.24904,0.18914
7.7426,0.60917,0.5198,0.2129,0.16199
8.1113,0.53156,0.4518,0.18201,0.13874
8.4975,0.46383,0.39269,0.1556,0.11882
8.9022,0.40473,0.34131,0.13302,0.10176
9.326,0.35308,0.29653,0.11347,0.086929
9.7701,0.30802,0.25763,0.096777,0.074251
10.235,0.2687,0.22382,0.082542,0.063422
10.723,0.23441,0.19445,0.0704,0.054171
11.233,0.20448,0.16893,0.060042,0.046266
11.768,0.17837,0.14676,0.051112,0.039426
12.328,0.15558,0.12749,0.04351,0.033597
12.915,0.13571,0.11075,0.037038,0.028629
13.53,0.11837,0.096209,0.031529,0.024396
14.175,0.10325,0.083578,0.026837,0.020785
14.85,0.090061,0.072621,0.022812,0.017679
15.557,0.078557,0.0631,0.01939,0.015038
16.298,0.068522,0.054827,0.016482,0.01279
17.074,0.059768,0.047639,0.01401,0.010879
17.886,0.052133,0.041395,0.011907,0.0092515
18.738,0.045479,0.035982,0.010111,0.0078589
19.63,0.039673,0.031277,0.0085851,0.0066759
20.565,0.034609,0.027188,0.0072897,0.0056709
21.544,0.030191,0.023632,0.0061898,0.0048172
22.57,0.026337,0.020543,0.0052552,0.0040915
23.645,0.022976,0.017863,0.0044591,0.0034728
24.771,0.020044,0.015532,0.0037837,0.0029476
25.95,0.017486,0.013505,0.0032105,0.0025019
27.186,0.015254,0.011743,0.0027242,0.0021235
28.48,0.013306,0.010211,0.0023114,0.0018022
29.836,0.011606,0.0088793,0.0019606,0.0015292
31.257,0.010123,0.0077213,0.001663,0.0012975
32.745,0.0088295,0.0067143,0.0014106,0.0011009
34.305,0.0077011,0.0058386,0.0011965,0.00093405
35.938,0.0067161,0.0050769,0.0010149,0.00079252
37.649,0.0058552,0.004414,0.00086079,0.00067243
39.442,0.0051046,0.0038376,0.0007301,0.00057055
41.32,0.0044502,0.0033364,0.00061925,0.0004841
43.288,0.0038797,0.0029008,0.00052523,0.00041075
45.349,0.0033813,0.0025214,0.00044551,0.00034854
47.508,0.0029452,0.0021905,0.00037794,0.00029582
49.77,0.0025652,0.001903,0.00032062,0.00025107
52.14,0.0022343,0.0016533,0.000272,0.0002131
54.623,0.0019461,0.0014364,0.00023074,0.00018086
57.224,0.0016942,0.0012472,0.00019579,0.00015354
59.948,0.0014737,0.0010821,0.00016619,0.00013039
62.803,0.0012819,0.00093876,0.00014106,0.00011073
65.793,0.001115,0.00081444,0.00011974,9.4039e-5
68.926,0.0009699,0.00070659,0.00010163,7.9862e-5
72.208,0.00084356,0.00061281,8.6298e-5,6.7843e-5
75.646,0.00073355,0.00053122,7.3311e-5,5.7658e-5
79.248,0.00063789,0.0004605,6.2279e-5,4.9002e-5
83.022,0.00055471,0.00039919,5.2907e-5,4.1645e-5
86.975,0.00048237,0.00034605,4.4945e-5,3.5393e-5
91.116,0.00041947,0.00029987,3.82e-5,3.009e-5
95.455,0.00036477,0.00025976,3.2485e-5,2.5593e-5
100.0,0.00031721,0.00022501,2.7625e-5,2.1767e-5
1.0,203.97,191.22,111.58,79.224
1.0476,179.81,168.6,98.32,69.825
1.0975,158.52,148.66,86.638,61.54
1.1498,139.65,130.91,76.196,54.148
1.2045,122.95,115.14,66.897,47.572
1.2619,108.25,101.28,58.732,41.794
1.3219,95.306,89.082,51.564,36.718
1.3849,83.91,78.354,45.27,32.259
1.4508,73.772,68.837,39.661,28.288
1.5199,64.792,60.425,34.692,24.771
1.5923,56.905,53.04,30.345,21.692
1.6681,49.977,46.557,26.544,18.995
1.7475,43.893,40.867,23.218,16.633
1.8307,38.577,35.854,20.261,14.535
1.9179,33.919,31.446,17.655,12.684
2.0092,29.823,27.58,15.384,11.07
2.1049,26.222,24.189,13.406,9.6606
2.2051,23.056,21.215,11.682,8.4308
2.3101,20.23,18.571,10.153,7.34
2.4201,17.734,16.241,8.8135,6.383
2.5354,15.546,14.203,7.6507,5.5507
2.6561,13.628,12.421,6.6412,4.827
2.7826,11.946,10.863,5.765,4.1975
2.9151,10.433,9.4734,4.9906,3.6406
3.0539,9.0983,8.2529,4.3156,3.1543
3.1993,7.9344,7.1896,3.732,2.733
3.3516,6.9194,6.2633,3.2272,2.3679
3.5112,6.0341,5.4562,2.7908,2.0516
3.6784,5.2733,4.7546,2.4064,1.7726
3.8535,4.6112,4.1436,2.0732,1.5303
4.037,4.0323,3.611,1.7862,1.3211
4.2292,3.526,3.1469,1.5389,1.1405
4.4306,3.0832,2.7424,1.3258,0.98455
4.6416,2.6938,2.3876,1.1392,0.84773
4.8626,2.3532,2.0782,0.97829,0.72951
5.0941,2.0556,1.8089,0.8401,0.62777
5.3367,1.7957,1.5745,0.72143,0.54022
5.5908,1.5686,1.3705,0.61952,0.46487
5.857,1.3694,1.192,0.53084,0.39915
6.1359,1.1954,1.0367,0.45472,0.3426
6.4281,1.0435,0.90164,0.3895,0.29407
6.7342,0.9109,0.78414,0.33364,0.25241
7.0548,0.79514,0.68195,0.28579,0.21664
7.3907,0.69385,0.59276,0.2443,0.18554
7.7426,0.60544,0.5152,0.2088,0.15887
8.1113,0.52829,0.44778,0.17846,0.13603
8.4975,0.46097,0.38919,0.15252,0.11647
8.9022,0.40222,0.33826,0.13036,0.099722
9.326,0.35088,0.29387,0.11116,0.085165
9.7701,0.3061,0.25531,0.094787,0.072727
10.235,0.26702,0.2218,0.080825,0.062105
10.723,0.23293,0.1927,0.068919,0.053033
11.233,0.20319,0.1674,0.058764,0.045284
11.768,0.17724,0.14543,0.050013,0.03858
12.328,0.1546,0.12633,0.042565,0.032869
12.915,0.13485,0.10974,0.036226,0.028003
13.53,0.11762,0.095333,0.030831,0.023857
14.175,0.10259,0.082816,0.026236,0.020322
14.85,0.089484,0.071958,0.022297,0.017282
15.557,0.078052,0.062524,0.018949,0.014697
16.298,0.06808,0.054326,0.016104,0.012498
17.074,0.059381,0.047203,0.013686,0.010628
17.886,0.051795,0.041015,0.011629,0.0090367
18.738,0.045182,0.035652,0.0098732,0.0076752
19.63,0.039414,0.03099,0.0083822,0.0065189
20.565,0.034382,0.026937,0.0071163,0.0055367
21.544,0.029992,0.023415,0.0060416,0.0047025
22.57,0.026162,0.020354,0.0051285,0.0039934
23.645,0.022823,0.017698,0.0043512,0.0033892
24.771,0.019909,0.015388,0.0036916,0.0028763
25.95,0.017367,0.01338,0.003132,0.0024411
27.186,0.01515,0.011634,0.0026573,0.0020717
28.48,0.013215,0.010116,0.0022543,0.0017581
29.836,0.011526,0.0087959,0.001912,0.0014916
31.257,0.010053,0.0076485,0.0016217,0.0012655
32.745,0.0087674,0.0066507,0.0013754,0.0010736
34.305,0.0076466,0.0057831,0.0011666,0.00091088
35.938,0.0066681,0.0050284,0.00098941,0.0007728
37.649,0.0058129,0.0043715,0.00083916,0.00065569
39.442,0.0050673,0.0038004,0.00071172,0.00055632
41.32,0.0044173,0.0033039,0.00060364,0.00047201
43.288,0.0038507,0.0028723,0.00051197,0.00040048
45.349,0.0033558,0.0024964,0.00043425,0.00033982
47.508,0.0029226,0.0021686,0.00036839,0.00028842
49.77,0.0025453,0.0018839,0.00031252,0.0002448
52.14,0.0022168,0.0016365,0.00026513,0.00020777
54.623,0.0019306,0.0014216,0.00022492,0.00017634
57.224,0.0016805,0.0012343,0.00019085,0.0001497
59.948,0.0014616,0.0010707,0.000162,0.00012714
62.803,0.0012712,0.00092883,0.00013752,0.00010798
65.793,0.0011056,0.00080573,0.00011673,9.1706e-5
68.926,0.00096156,0.00069894,9.9091e-5,7.7884e-5
72.208,0.0008362,0.0006061,8.4146e-5,6.6168e-5
75.646,0.00072706,0.00052535,7.1491e-5,5.624e-5
79.248,0.00063217,0.00045535,6.074e-5,4.7801e-5
83.022,0.00054966,0.00039468,5.1605e-5,4.0628e-5
86.975,0.00047792,0.0003421,4.3844e-5,3.4532e-5
91.116,0.00041555,0.00029641,3.7269e-5,2.9362e-5
95.455,0.00036133,0.00025673,3.1698e-5,2.4976e-5
100.0,0.00031419,0.00022237,2.6959e-5,2.1246e-5
1.0,203.45,190.49,110.83,78.68
1.0476,179.34,167.94,97.638,69.33
1.0975,158.09,148.06,86.017,61.091
1.1498,139.26,130.37,75.633,53.741
1.2045,122.6,114.65,66.386,47.203
1.2619,107.93,100.83,58.27,41.46
1.3219,95.015,88.678,51.146,36.416
1.3849,83.647,77.989,44.893,31.986
1.4508,73.535,68.508,39.32,28.041
1.5199,64.577,60.127,34.385,24.549
1.5923,56.711,52.771,30.069,21.492
1.6681,49.803,46.316,26.295,18.815
1.7475,43.736,40.649,22.994,16.471
1.8307,38.435,35.658,20.06,14.389
1.9179,33.791,31.271,17.475,12.554
2.0092,29.708,27.423,15.224,10.953
2.1049,26.119,24.048,13.262,9.556
2.2051,22.963,21.089,11.553,8.3372
2.3101,20.147,18.458,10.038,7.2564
2.4201,17.66,16.14,8.7113,6.3085
2.5354,15.479,14.113,7.5597,5.4843
2.6561,13.568,12.341,6.5603,4.7678
2.7826,11.892,10.791,5.6931,4.1449
2.9151,10.385,9.409,4.9268,3.5938
3.0539,9.0551,8.1955,4.2591,3.1128
3.1993,7.8957,7.1384,3.682,2.6962
3.3516,6.8847,6.2177,3.183,2.3353
3.5112,6.0032,5.4156,2.7517,2.0227
3.6784,5.2458,4.7187,2.3719,1.7471
3.8535,4.5868,4.1118,2.0429,1.5078
4.037,4.0106,3.583,1.7595,1.3013
4.2292,3.5068,3.1221,1.5154,1.123
4.4306,3.0662,2.7205,1.3052,0.96916
4.6416,2.6789,2.3683,1.1211,0.83422
4.8626,2.34,2.0613,0.96244,0.71766
5.0941,2.044,1.7941,0.82623,0.61738
5.3367,1.7854,1.5615,0.7093,0.53111
5.5908,1.5595,1.359,0.60891,0.45689
5.857,1.3614,1.182,0.5216,0.39218
6.1359,1.1884,1.0279,0.44667,0.33653
6.4281,1.0374,0.89395,0.3825,0.28878
6.7342,0.9055,0.77742,0.32755,0.24779
7.0548,0.7904,0.67607,0.28049,0.21262
7.3907,0.68969,0.58762,0.23971,0.18205
7.7426,0.6018,0.51072,0.20482,0.15584
8.1113,0.5251,0.44388,0.17501,0.1334
8.4975,0.45817,0.38578,0.14954,0.11419
8.9022,0.39977,0.33528,0.12777,0.097747
9.326,0.34874,0.29129,0.10893,0.083459
9.7701,0.30422,0.25306,0.092864,0.071253
10.235,0.26538,0.21984,0.079166,0.060832
10.723,0.2315,0.19099,0.067488,0.051934
11.233,0.20194,0.16592,0.05753,0.044335
11.768,0.17614,0.14413,0.048952,0.037764
12.328,0.15364,0.12521,0.041653,0.032167
12.915,0.13401,0.10877,0.035442,0.027399
13.53,0.11688,0.094482,0.030157,0.023337
14.175,0.10195,0.082076,0.025657,0.019875
14.85,0.088921,0.071314,0.021801,0.016899
15.557,0.077559,0.061964,0.018524,0.014368
16.298,0.067649,0.053839,0.01574,0.012217
17.074,0.059004,0.046779,0.013374,0.010387
17.886,0.051465,0.040647,0.011362,0.0088301
18.738,0.044893,0.035331,0.009645,0.0074987
19.63,0.039161,0.030711,0.0081872,0.006368
20.565,0.03416,0.026694,0.0069497,0.0054078
21.544,0.029797,0.023203,0.0058993,0.0045923
22.57,0.025992,0.02017,0.005007,0.0038993
23.645,0.022673,0.017537,0.0042476,0.0033089
24.771,0.019778,0.015248,0.0036033,0.0028079
25.95,0.017252,0.013258,0.0030568,0.0023828
27.186,0.015049,0.011527,0.0025931,0.002022
28.48,0.013126,0.010023,0.0021996,0.0017157
29.836,0.011448,0.0087149,0.0018655,0.0014555
31.257,0.0099837,0.0075776,0.0015821,0.0012348
32.745,0.0087068,0.0065888,0.0013418,0.0010476
34.305,0.0075932,0.005729,0.0011379,0.0008887
35.938,0.0066211,0.0049811,0.00096506,0.00075395
37.649,0.0057714,0.0043301,0.00081848,0.00063967
39.442,0.0050308,0.0037642,0.00069415,0.00054271
41.32,0.0043851,0.0032722,0.00058872,0.00046045
43.288,0.0038224,0.0028446,0.00049929,0.00039066
45.349,0.0033308,0.0024721,0.00042349,0.00033149
47.508,0.0029005,0.0021473,0.00035927,0.00028135
49.77,0.0025258,0.0018652,0.00030479,0.0002388
52.14,0.0021996,0.0016202,0.00025856,0.00020268
54.623,0.0019154,0.0014073,0.00021935,0.00017203
57.224,0.0016671,0.0012217,0.00018613,0.00014604
59.948,0.0014498,0.0010597,0.00015801,0.00012404
62.803,0.0012607,0.00091915,0.00013414,0.00010535
65.793,0.0010964,0.00079724,0.00011387,8.9479e-5
68.926,0.0009534,0.00069149,9.6666e-5,7.5998e-5
72.208,0.000829,0.00059957,8.2094e-5,6.457e-5
75.646,0.00072071,0.00051962,6.9756e-5,5.4887e-5
79.248,0.00062657,0.00045033,5.9272e-5,4.6656e-5
83.022,0.00054473,0.00039028,5.0363e-5,3.9659e-5
86.975,0.00047358,0.00033824,4.2794e-5,3.3711e-5
91.116,0.00041173,0.00029304,3.6381e-5,2.8667e-5
95.455,0.00035797,0.00025379,3.0947e-5,2.4388e-5
100.0,0.00031123,0.00021979,2.6325e-5,2.0748e-5
1.0,202.93,189.77,110.08,78.137
1.0476,178.87,167.29,96.956,68.837
1.0975,157.66,147.47,85.399,60.644
1.1498,138.87,129.83,75.072,53.336
1.2045,122.24,114.16,65.878,46.836
1.2619,107.61,100.39,57.81,41.128
1.3219,94.726,88.277,50.73,36.116
1.3849,83.386,77.626,44.517,31.715
1.4508,73.299,68.18,38.982,27.797
1.5199,64.364,59.832,34.08,24.329
1.5923,56.519,52.505,29.795,21.293
1.6681,49.629,46.076,26.048,18.637
1.7475,43.58,40.434,22.773,16.311
1.8307,38.295,35.465,19.862,14.245
1.9179,33.665,31.097,17.298,12.425
2.0092,29.595,27.267,15.065,10.838
2.1049,26.017,23.908,13.12,9.4528
2.2051,22.872,20.964,11.426,8.2449
2.3101,20.066,18.346,9.9252,7.1741
2.4201,17.586,16.04,8.6107,6.2351
2.5354,15.413,14.024,7.4702,5.419
2.6561,13.509,12.261,6.4808,4.7096
2.7826,11.84,10.72,5.6224,4.0931
2.9151,10.337,9.3457,4.8642,3.5479
3.0539,9.0127,8.139,4.2037,3.0721
3.1993,7.8578,7.0881,3.633,2.6601
3.3516,6.8508,6.1729,3.1397,2.3034
3.5112,5.9728,5.3758,2.7134,1.9945
3.6784,5.2188,4.6835,2.3382,1.7222
3.8535,4.5629,4.0807,2.0132,1.4858
4.037,3.9895,3.5555,1.7334,1.2819
4.2292,3.4881,3.0979,1.4925,1.106
4.4306,3.0496,2.6991,1.285,0.95415
4.6416,2.6642,2.3495,1.1034,0.82105
4.8626,2.3271,2.0448,0.94699,0.70612
5.0941,2.0326,1.7796,0.81272,0.60727
5.3367,1.7754,1.5487,0.69749,0.52225
5.5908,1.5507,1.3478,0.59859,0.44913
5.857,1.3537,1.1722,0.51261,0.38542
6.1359,1.1816,1.0194,0.43885,0.33064
6.4281,1.0314,0.88647,0.3757,0.28364
6.7342,0.90024,0.77087,0.32164,0.24332
7.0548,0.78578,0.67034,0.27535,0.20873
7.3907,0.68565,0.58263,0.23525,0.17867
7.7426,0.59825,0.50637,0.20097,0.15291
8.1113,0.52199,0.44008,0.17167,0.13086
8.4975,0.45545,0.38247,0.14665,0.11199
8.9022,0.39739,0.3324,0.12527,0.095838
9.326,0.34666,0.28877,0.10678,0.08181
9.7701,0.3024,0.25087,0.091006,0.06983
10.235,0.26378,0.21794,0.077564,0.059603
10.723,0.2301,0.18933,0.066108,0.050874
11.233,0.20072,0.16447,0.05634,0.04342
11.768,0.17507,0.14288,0.04793,0.036977
12.328,0.1527,0.12411,0.040775,0.03149
12.915,0.13319,0.10782,0.034687,0.026817
13.53,0.11617,0.093656,0.029509,0.022837
14.175,0.10132,0.081357,0.025101,0.019445
14.85,0.088373,0.07069,0.021324,0.016531
15.557,0.07708,0.06142,0.018116,0.014053
16.298,0.067229,0.053366,0.01539,0.011946
17.074,0.058637,0.046368,0.013075,0.010155
17.886,0.051143,0.040289,0.011106,0.0086318
18.738,0.044612,0.03502,0.0094261,0.0073293
19.63,0.038914,0.03044,0.0080003,0.0062233
20.565,0.033943,0.026458,0.00679,0.0052842
21.544,0.029608,0.022998,0.0057629,0.0044868
22.57,0.025826,0.019991,0.0048906,0.0038092
23.645,0.022527,0.017381,0.0041484,0.0032321
24.771,0.01965,0.015112,0.0035188,0.0027425
25.95,0.01714,0.013139,0.0029847,0.002327
27.186,0.01495,0.011424,0.0025317,0.0019745
28.48,0.01304,0.0099325,0.0021474,0.0016753
29.836,0.011371,0.008636,0.001821,0.0014211
31.257,0.0099164,0.0075088,0.0015443,0.0012055
32.745,0.0086476,0.0065286,0.0013096,0.0010227
34.305,0.0075411,0.0056765,0.0011106,0.00086752
35.938,0.0065752,0.0049351,0.00094181,0.00073594
37.649,0.005731,0.0042899,0.00079873,0.00062438
39.442,0.0049951,0.003729,0.00067739,0.00052973
41.32,0.0043537,0.0032414,0.00057448,0.00044943
43.288,0.0037946,0.0028176,0.00048721,0.0003813
45.349,0.0033063,0.0024485,0.00041323,0.00032354
47.508,0.0028789,0.0021266,0.00035057,0.00027461
49.77,0.0025068,0.0018471,0.00029741,0.00023308
52.14,0.0021827,0.0016042,0.00025231,0.00019783
54.623,0.0019006,0.0013933,0.00021405,0.00016791
57.224,0.001654,0.0012095,0.00018164,0.00014256
59.948,0.0014382,0.001049,0.00015421,0.00012109
62.803,0.0012505,0.00090972,0.00013092,0.00010285
65.793,0.0010873,0.00078896,0.00011115,8.736e-5
68.926,0.00094542,0.00068424,9.4359e-5,7.4202e-5
72.208,0.00082195,0.00059321,8.0141e-5,6.305e-5
75.646,0.00071451,0.00051404,6.8104e-5,5.36e-5
79.248,0.0006211,0.00044545,5.7875e-5,4.5566e-5
83.022,0.00053991,0.000386,4.9182e-5,3.8736e-5
86.975,0.00046933,0.00033449,4.1795e-5,3.2931e-5
91.116,0.00040799,0.00028976,3.5537e-5,2.8006e-5
95.455,0.00035469,0.00025092,3.0234e-5,2.3829e-5
100.0,0.00030835,0.00021728,2.5722e-5,2.0275e-5
1.0,202.41,189.05,109.33,77.595
1.0476,178.39,166.63,96.276,68.346
1.0975,157.23,146.87,84.782,60.198
1.1498,138.48,129.29,74.513,52.932
1.2045,121.89,113.67,65.372,46.471
1.2619,107.29,99.947,57.353,40.798
1.3219,94.439,87.877,50.317,35.818
1.3849,83.126,77.265,44.144,31.446
1.4508,73.064,67.854,38.646,27.554
1.5199,64.153,59.538,33.778,24.111
1.5923,56.329,52.241,29.523,21.097
1.6681,49.458,45.838,25.804,18.46
1.7475,43.425,40.22,22.554,16.153
1.8307,38.156,35.273,19.665,14.103
1.9179,33.541,30.925,17.122,12.298
2.0092,29.483,27.113,14.908,10.724
2.1049,25.917,23.771,12.98,9.3511
2.2051,22.782,20.84,11.301,8.154
2.3101,19.985,18.236,9.8138,7.093
2.4201,17.514,15.941,8.5116,6.1629
2.5354,15.349,13.936,7.3821,5.3547
2.6561,13.451,12.183,6.4026,4.6525
2.7826,11.788,10.65,5.553,4.0423
2.9151,10.291,9.2834,4.8027,3.5028
3.0539,8.971,8.0836,4.1494,3.0322
3.1993,7.8205,7.0388,3.5849,2.6248
3.3516,6.8174,6.129,3.0973,2.2721
3.5112,5.9429,5.3368,2.6759,1.9668
3.6784,5.1923,4.6489,2.3052,1.6978
3.8535,4.5395,4.0503,1.9842,1.4644
4.037,3.9687,3.5286,1.7079,1.263
4.2292,3.4697,3.0742,1.4701,1.0893
4.4306,3.0334,2.6782,1.2654,0.93952
4.6416,2.6499,2.3312,1.0862,0.80822
4.8626,2.3145,2.0287,0.93195,0.69488
5.0941,2.0215,1.7654,0.79958,0.59743
5.3367,1.7656,1.5363,0.68601,0.51364
5.5908,1.5421,1.3369,0.58856,0.4416
5.857,1.3461,1.1627,0.50389,0.37885
6.1359,1.1749,1.0111,0.43126,0.32492
6.4281,1.0255,0.87918,0.3691,0.27866
6.7342,0.89512,0.7645,0.3159,0.23898
7.0548,0.78128,0.66477,0.27037,0.20495
7.3907,0.6817,0.57777,0.23095,0.17539
7.7426,0.5948,0.50213,0.19724,0.15007
8.1113,0.51897,0.43639,0.16845,0.1284
8.4975,0.4528,0.37925,0.14386,0.10986
8.9022,0.39507,0.32959,0.12286,0.093995
9.326,0.34463,0.28633,0.1047,0.080219
9.7701,0.30062,0.24874,0.089214,0.068457
10.235,0.26223,0.21609,0.07602,0.058419
10.723,0.22874,0.18772,0.064777,0.049852
11.233,0.19953,0.16307,0.055194,0.042539
11.768,0.17403,0.14166,0.046946,0.03622
12.328,0.15179,0.12306,0.03993,0.030839
12.915,0.13239,0.10689,0.033962,0.026258
13.53,0.11547,0.092856,0.028886,0.022357
14.175,0.10071,0.080661,0.024566,0.019032
14.85,0.08784,0.070084,0.020867,0.016177
15.557,0.076613,0.060893,0.017724,0.01375
16.298,0.066821,0.052908,0.015055,0.011687
17.074,0.05828,0.045969,0.012788,0.0099335
17.886,0.05083,0.039942,0.010861,0.0084418
18.738,0.044337,0.034718,0.0092165,0.0071671
19.63,0.038673,0.030177,0.0078213,0.0060848
20.565,0.033733,0.02623,0.0066373,0.0051659
21.544,0.029423,0.022799,0.0056325,0.0043858
22.57,0.025664,0.019817,0.0047793,0.003723
23.645,0.022385,0.01723,0.0040536,0.0031587
24.771,0.019525,0.01498,0.003438,0.00268
25.95,0.01703,0.013024,0.0029159,0.0022738
27.186,0.014854,0.011324,0.0024731,0.0019291
28.48,0.012955,0.009845,0.0020975,0.0016366
29.836,0.011297,0.0085595,0.0017786,0.0013883
31.257,0.0098506,0.0074419,0.0015082,0.0011776
32.745,0.0085897,0.0064702,0.0012789,0.00099892
34.305,0.0074902,0.0056254,0.0010845,0.00084734
35.938,0.0065304,0.0048905,0.00091966,0.00071879
37.649,0.0056914,0.0042507,0.00077993,0.00060982
39.442,0.0049602,0.0036947,0.00066143,0.00051737
41.32,0.0043229,0.0032114,0.00056094,0.00043894
43.288,0.0037675,0.0027913,0.00047571,0.00037239
45.349,0.0032824,0.0024255,0.00040348,0.00031598
47.508,0.0028578,0.0021065,0.0003423,0.0002682
49.77,0.0024881,0.0018294,0.0002904,0.00022765
52.14,0.0021663,0.0015887,0.00024637,0.00019323
54.623,0.0018861,0.0013798,0.00020902,0.00016401
57.224,0.0016412,0.0011976,0.00017738,0.00013925
59.948,0.0014269,0.0010385,0.0001506,0.00011828
62.803,0.0012405,0.00090054,0.00012786,0.00010047
65.793,0.0010785,0.00078091,0.00010856,8.5348e-5
68.926,0.00093762,0.00067717,9.2169e-5,7.2498e-5
72.208,0.00081507,0.00058701,7.8288e-5,6.1606e-5
75.646,0.00070844,0.00050862,6.6537e-5,5.2378e-5
79.248,0.00061576,0.00044069,5.655e-5,4.4532e-5
83.022,0.0005352,0.00038184,4.8062e-5,3.7861e-5
86.975,0.00046518,0.00033084,4.0848e-5,3.219e-5
91.116,0.00040434,0.00028656,3.4736e-5,2.7379e-5
95.455,0.00035148,0.00024812,2.9557e-5,2.3299e-5
100.0,0.00030553,0.00021484,2.515e-5,1.9826e-5
1.0,201.89,188.33,108.58,77.057
1.0476,177.93,165.98,95.599,67.857
1.0975,156.8,146.28,84.168,59.756
1.1498,138.1,128.75,73.958,52.531
1.2045,121.54,113.19,64.87,46.108
1.2619,106.98,99.508,56.899,40.471
1.3219,94.154,87.481,49.907,35.522
1.3849,82.869,76.907,43.775,31.179
1.4508,72.832,67.531,38.313,27.314
1.5199,63.944,59.248,33.478,23.895
1.5923,56.14,51.98,29.254,20.903
1.6681,49.289,45.603,25.563,18.286
1.7475,43.273,40.009,22.337,15.996
1.8307,38.019,35.084,19.471,13.963
1.9179,33.418,30.755,16.949,12.173
2.0092,29.373,26.961,14.753,10.612
2.1049,25.818,23.635,12.841,9.2508
2.2051,22.693,20.719,11.178,8.0644
2.3101,19.905,18.127,9.704,7.0132
2.4201,17.443,15.845,8.414,6.0919
2.5354,15.285,13.849,7.2955,5.2915
2.6561,13.394,12.105,6.3257,4.5963
2.7826,11.737,10.581,5.4847,3.9924
2.9151,10.245,9.2222,4.7423,3.4586
3.0539,8.9301,8.0291,4.096,2.9931
3.1993,7.7838,6.9903,3.5378,2.5902
3.3516,6.7846,6.0859,3.0557,2.2415
3.5112,5.9136,5.2984,2.6392,1.9398
3.6784,5.1664,4.6151,2.2729,1.6739
3.8535,4.5165,4.0204,1.9558,1.4433
4.037,3.9484,3.5023,1.683,1.2445
4.2292,3.4517,3.051,1.4482,1.0731
4.4306,3.0175,2.6578,1.2461,0.92522
4.6416,2.6359,2.3132,1.0694,0.79569
4.8626,2.3021,2.0129,0.91727,0.68391
5.0941,2.0106,1.7516,0.78675,0.58783
5.3367,1.756,1.5242,0.6748,0.50524
5.5908,1.5336,1.3263,0.57878,0.43425
5.857,1.3387,1.1534,0.49538,0.37245
6.1359,1.1684,1.0029,0.42387,0.31934
6.4281,1.0198,0.87206,0.36268,0.27381
6.7342,0.89011,0.75828,0.31033,0.23476
7.0548,0.77688,0.65934,0.26553,0.20128
7.3907,0.67785,0.57303,0.22675,0.17221
7.7426,0.59142,0.498,0.19361,0.14731
8.1113,0.51601,0.43279,0.16531,0.12601
8.4975,0.45021,0.37611,0.14115,0.10779
8.9022,0.3928,0.32686,0.12052,0.092205
9.326,0.34264,0.28395,0.10268,0.078675
9.7701,0.29888,0.24667,0.087475,0.067126
10.235,0.26071,0.21429,0.074522,0.057271
10.723,0.22741,0.18615,0.063488,0.048862
11.233,0.19837,0.16171,0.054084,0.041685
11.768,0.17301,0.14047,0.045992,0.035487
12.328,0.1509,0.12202,0.039111,0.030209
12.915,0.13161,0.106,0.033259,0.025716
13.53,0.11479,0.092075,0.028283,0.021892
14.175,0.10012,0.079983,0.024049,0.018633
14.85,0.087319,0.069494,0.020424,0.015835
15.557,0.076157,0.06038,0.017345,0.013457
16.298,0.066422,0.052461,0.014731,0.011437
17.074,0.05793,0.045581,0.01251,0.0097191
17.886,0.050525,0.039605,0.010623,0.0082583
18.738,0.044069,0.034424,0.009014,0.0070104
19.63,0.038438,0.029921,0.0076484,0.0059511
20.565,0.033526,0.026007,0.0064898,0.0050518
21.544,0.029242,0.022605,0.0055066,0.0042884
22.57,0.025505,0.019648,0.0046719,0.0036399
23.645,0.022245,0.017082,0.0039621,0.003088
24.771,0.019402,0.014851,0.0033601,0.0026197
25.95,0.016922,0.012912,0.0028496,0.0022224
27.186,0.014759,0.011226,0.0024167,0.0018854
28.48,0.012872,0.0097595,0.0020494,0.0015994
29.836,0.011224,0.0084848,0.0017378,0.0013567
31.257,0.0097863,0.0073766,0.0014735,0.0011507
32.745,0.0085331,0.0064131,0.0012494,0.00097607
34.305,0.0074403,0.0055755,0.0010594,0.00082791
35.938,0.0064865,0.0048469,0.00089834,0.00070229
37.649,0.0056527,0.0042126,0.00076184,0.00059581
39.442,0.004926,0.0036613,0.00064608,0.00050548
41.32,0.0042928,0.0031821,0.0005479,0.00042884
43.288,0.003741,0.0027657,0.00046465,0.00036382
45.349,0.003259,0.0024031,0.0003941,0.00030871
47.508,0.0028371,0.0020868,0.00033435,0.00026204
49.77,0.0024699,0.0018121,0.00028367,0.00022242
52.14,0.0021502,0.0015736,0.00024066,0.0001888
54.623,0.0018718,0.0013665,0.00020418,0.00016025
57.224,0.0016287,0.001186,0.00017328,0.00013607
59.948,0.0014158,0.0010283,0.00014713,0.00011559
62.803,0.0012307,0.00089158,0.00012492,9.8192e-5
65.793,0.0010698,0.00077305,0.00010607,8.3414e-5
68.926,0.00092999,0.00067028,9.0065e-5,7.0861e-5
72.208,0.00080834,0.00058097,7.6508e-5,6.022e-5
75.646,0.0007025,0.00050332,6.5033e-5,5.1205e-5
79.248,0.00061052,0.00043605,5.5278e-5,4.3539e-5
83.022,0.00053059,0.00037777,4.6986e-5,3.7021e-5
86.975,0.00046112,0.00032728,3.9939e-5,3.1478e-5
91.116,0.00040077,0.00028345,3.3968e-5,2.6777e-5
95.455,0.00034835,0.0002454,2.8908e-5,2.2789e-5
100.0,0.00030278,0.00021246,2.4601e-5,1.9395e-5
1.0,201.38,187.62,107.84,76.521
1.0476,177.46,165.33,94.926,67.371
1.0975,156.38,145.69,83.558,59.316
1.1498,137.71,128.22,73.406,52.133
1.2045,121.2,112.71,64.371,45.749
1.2619,106.66,99.073,56.448,40.146
1.3219,93.871,87.087,49.501,35.23
1.3849,82.614,76.552,43.408,30.915
1.4508,72.602,67.212,37.983,27.077
1.5199,63.737,58.96,33.182,23.681
1.5923,55.954,51.721,28.988,20.711
1.6681,49.121,45.371,25.324,18.113
1.7475,43.122,39.8,22.123,15.842
1.8307,37.884,34.896,19.28,13.825
1.9179,33.296,30.588,16.778,12.049
2.0092,29.264,26.811,14.6,10.501
2.1049,25.72,23.501,12.705,9.152
2.2051,22.606,20.599,11.056,7.9762
2.3101,19.827,18.02,9.596,6.9346
2.4201,17.373,15.749,8.3181,6.022
2.5354,15.222,13.764,7.2103,5.2294
2.6561,13.338,12.03,6.2501,4.5411
2.7826,11.686,10.513,5.4177,3.9434
2.9151,10.2,9.162,4.6831,3.4152
3.0539,8.8899,7.9756,4.0437,2.9547
3.1993,7.7478,6.9427,3.4916,2.5562
3.3516,6.7524,6.0436,3.0149,2.2115
3.5112,5.8849,5.2608,2.6033,1.9133
3.6784,5.1409,4.5819,2.2413,1.6506
3.8535,4.494,3.9911,1.9281,1.4228
4.037,3.9285,3.4765,1.6586,1.2264
4.2292,3.4341,3.0282,1.4268,1.0572
4.4306,3.0019,2.6377,1.2274,0.91125
4.6416,2.6221,2.2956,1.053,0.78345
4.8626,2.29,1.9975,0.90293,0.67321
5.0941,2.0,1.738,0.77424,0.57847
5.3367,1.7466,1.5123,0.66388,0.49705
5.5908,1.5254,1.3159,0.56925,0.42709
5.857,1.3315,1.1443,0.4871,0.36622
6.1359,1.1621,0.99495,0.41668,0.31392
6.4281,1.0142,0.86511,0.35643,0.26909
6.7342,0.88521,0.75221,0.3049,0.23066
7.0548,0.77258,0.65403,0.26082,0.19771
7.3907,0.67409,0.56841,0.22268,0.16912
7.7426,0.58813,0.49397,0.19009,0.14464
8.1113,0.51313,0.42928,0.16227,0.1237
8.4975,0.44769,0.37306,0.13852,0.10579
8.9022,0.39059,0.32419,0.11824,0.090469
9.326,0.34071,0.28163,0.10072,0.077178
9.7701,0.29719,0.24466,0.085789,0.065835
10.235,0.25923,0.21253,0.073071,0.056158
10.723,0.22612,0.18463,0.062238,0.047903
11.233,0.19723,0.16038,0.053008,0.040859
11.768,0.17202,0.13932,0.045069,0.034777
12.328,0.15003,0.12102,0.038319,0.0296
12.915,0.13085,0.10512,0.03258,0.025193
13.53,0.11413,0.091316,0.0277,0.021442
14.175,0.099535,0.079322,0.023549,0.018247
14.85,0.086811,0.068919,0.019996,0.015505
15.557,0.075712,0.05988,0.016979,0.013175
16.298,0.066032,0.052026,0.014418,0.011195
17.074,0.057589,0.045203,0.012242,0.009512
17.886,0.050226,0.039276,0.010394,0.0080812
18.738,0.043807,0.034137,0.0088186,0.0068593
19.63,0.038208,0.029671,0.0074817,0.0058221
20.565,0.033325,0.025789,0.0063475,0.0049417
21.544,0.029066,0.022415,0.0053852,0.0041945
22.57,0.02535,0.019484,0.0045684,0.0035598
23.645,0.022109,0.016939,0.003874,0.0030198
24.771,0.019283,0.014726,0.0032851,0.0025616
25.95,0.016817,0.012803,0.0027858,0.002173
27.186,0.014667,0.01113,0.0023623,0.0018433
28.48,0.012791,0.0096763,0.0020031,0.0015636
29.836,0.011152,0.008412,0.0016984,0.0013262
31.257,0.0097233,0.007313,0.0014401,0.0011249
32.745,0.0084776,0.0063575,0.001221,0.00095409
34.305,0.0073915,0.0055269,0.0010353,0.00080923
35.938,0.0064435,0.0048044,0.00087784,0.00068642
37.649,0.0056147,0.0041753,0.00074445,0.00058234
39.442,0.0048926,0.0036287,0.00063132,0.00049405
41.32,0.0042633,0.0031536,0.00053538,0.00041914
43.288,0.003715,0.0027407,0.00045402,0.00035559
45.349,0.003236,0.0023812,0.00038509,0.00030173
47.508,0.0028169,0.0020676,0.00032672,0.00025612
49.77,0.002452,0.0017953,0.0002772,0.00021741
52.14,0.0021344,0.0015588,0.00023518,0.00018455
54.623,0.0018579,0.0013536,0.00019953,0.00015665
57.224,0.0016164,0.0011746,0.00016934,0.00013301
59.948,0.0014049,0.0010183,0.0001438,0.000113
62.803,0.0012211,0.00088284,0.00012211,9.6002e-5
65.793,0.0010614,0.00076538,0.00010369,8.156e-5
68.926,0.00092251,0.00066355,8.8047e-5,6.929e-5
72.208,0.00080174,0.00057507,7.4802e-5,5.889e-5
75.646,0.00069669,0.00049815,6.359e-5,5.0079e-5
79.248,0.00060541,0.00043152,5.4058e-5,4.2586e-5
83.022,0.00052608,0.0003738,4.5955e-5,3.6215e-5
86.975,0.00045715,0.00032381,3.9067e-5,3.0796e-5
91.116,0.00039728,0.00028041,3.3231e-5,2.62e-5
95.455,0.00034528,0.00024274,2.8285e-5,2.2301e-5
100.0,0.00030009,0.00021014,2.4075e-5,1.8982e-5
1.0,200.87,186.91,107.1,75.988
1.0476,176.99,164.69,94.257,66.889
1.0975,155.96,145.11,82.952,58.879
1.1498,137.33,127.69,72.857,51.738
1.2045,120.85,112.23,63.876,45.392
1.2619,106.35,98.64,56.001,39.824
1.3219,93.591,86.697,49.098,34.939
1.3849,82.361,76.2,43.045,30.653
1.4508,72.375,66.895,37.656,26.841
1.5199,63.532,58.675,32.889,23.469
1.5923,55.769,51.465,28.725,20.521
1.6681,48.955,45.141,25.088,17.943
1.7475,42.973,39.594,21.912,15.689
1.8307,37.75,34.712,19.091,13.688
1.9179,33.177,30.422,16.609,11.927
2.0092,29.157,26.663,14.449,10.392
2.1049,25.624,23.368,12.571,9.0546
2.2051,22.52,20.481,10.937,7.8894
2.3101,19.75,17.915,9.4896,6.8574
2.4201,17.304,15.655,8.2236,5.9533
2.5354,15.16,13.681,7.1266,5.1684
2.6561,13.282,11.955,6.1758,4.487
2.7826,11.637,10.447,5.3519,3.8953
2.9151,10.156,9.1029,4.6249,3.3726
3.0539,8.8503,7.923,3.9923,2.917
3.1993,7.7125,6.896,3.4463,2.523
3.3516,6.7209,6.002,2.9749,2.1821
3.5112,5.8567,5.224,2.5681,1.8873
3.6784,5.1159,4.5493,2.2104,1.6277
3.8535,4.4719,3.9624,1.9009,1.4027
4.037,3.9089,3.4512,1.6348,1.2088
4.2292,3.4168,3.0059,1.4059,1.0416
4.4306,2.9866,2.6181,1.209,0.89762
4.6416,2.6087,2.2784,1.037,0.77152
4.8626,2.2782,1.9824,0.88895,0.66277
5.0941,1.9895,1.7248,0.76204,0.56934
5.3367,1.7375,1.5007,0.65324,0.48908
5.5908,1.5173,1.3057,0.55997,0.42012
5.857,1.3244,1.1354,0.47903,0.36015
6.1359,1.1559,0.98719,0.40967,0.30864
6.4281,1.0088,0.85833,0.35035,0.2645
6.7342,0.88042,0.74629,0.29962,0.22667
7.0548,0.76839,0.64886,0.25624,0.19424
7.3907,0.67041,0.5639,0.21872,0.16612
7.7426,0.58491,0.49005,0.18667,0.14204
8.1113,0.51031,0.42586,0.15931,0.12145
8.4975,0.44522,0.37008,0.13597,0.10384
8.9022,0.38843,0.3216,0.11604,0.088786
9.326,0.33882,0.27938,0.098824,0.075727
9.7701,0.29554,0.24269,0.084156,0.064585
10.235,0.25778,0.21082,0.071666,0.055081
10.723,0.22485,0.18314,0.061029,0.046975
11.233,0.19612,0.15909,0.051968,0.040059
11.768,0.17105,0.13819,0.044177,0.03409
12.328,0.14919,0.12004,0.037554,0.02901
12.915,0.13011,0.10427,0.031923,0.024687
13.53,0.11348,0.090576,0.027137,0.021008
14.175,0.098968,0.078679,0.023066,0.017875
14.85,0.086314,0.06836,0.019583,0.015186
15.557,0.075277,0.059394,0.016626,0.012902
16.298,0.065651,0.051603,0.014116,0.010961
17.074,0.057255,0.044834,0.011984,0.0093124
17.886,0.049934,0.038955,0.010174,0.0079105
18.738,0.043551,0.033858,0.0086303,0.0067137
19.63,0.037984,0.029428,0.0073212,0.0056979
20.565,0.033128,0.025578,0.0062106,0.0048358
21.544,0.028893,0.022231,0.0052684,0.0041041
22.57,0.025199,0.019323,0.0044688,0.0034827
23.645,0.021976,0.016799,0.0037892,0.0029541
24.771,0.019165,0.014604,0.003213,0.0025058
25.95,0.016714,0.012696,0.0027244,0.0021255
27.186,0.014576,0.011037,0.00231,0.0018029
28.48,0.012711,0.0095951,0.0019587,0.0015292
29.836,0.011082,0.0083411,0.0016607,0.001297
31.257,0.0096617,0.007251,0.001408,0.0011
32.745,0.0084233,0.0063033,0.0011938,0.00093298
34.305,0.0073437,0.0054795,0.0010121,0.0007913
35.938,0.0064014,0.0047629,0.00085817,0.00067119
37.649,0.0055776,0.004139,0.00072776,0.00056942
39.442,0.0048599,0.0035969,0.00061716,0.00048309
41.32,0.0042345,0.0031257,0.00052337,0.00040984
43.288,0.0036895,0.0027163,0.00044384,0.0003477
45.349,0.0032136,0.0023598,0.00037645,0.00029504
47.508,0.0027971,0.0020488,0.0003194,0.00025045
49.77,0.0024345,0.0017789,0.000271,0.0002126
52.14,0.002119,0.0015444,0.00022993,0.00018047
54.623,0.0018443,0.0013409,0.00019508,0.0001532
57.224,0.0016044,0.0011635,0.00016557,0.00013009
59.948,0.0013943,0.0010086,0.00014061,0.00011052
62.803,0.0012117,0.00087432,0.00011941,9.3904e-5
65.793,0.0010531,0.00075791,0.00010141,7.9783e-5
68.926,0.0009152,0.00065699,8.6116e-5,6.7786e-5
72.208,0.0007953,0.00056932,7.3168e-5,5.7617e-5
75.646,0.00069101,0.00049311,6.2208e-5,4.9001e-5
79.248,0.0006004,0.00042711,5.289e-5,4.1674e-5
83.022,0.00052167,0.00036994,4.4968e-5,3.5443e-5
86.975,0.00045327,0.00032042,3.8232e-5,3.0143e-5
91.116,0.00039386,0.00027745,3.2525e-5,2.5648e-5
95.455,0.00034228,0.00024016,2.7689e-5,2.1833e-5
100.0,0.00029746,0.00020788,2.3572e-5,1.8586e-5
1.0,200.36,186.2,106.37,75.459
1.0476,176.53,164.04,93.591,66.409
1.0975,155.54,144.53,82.349,58.445
1.1498,136.96,127.16,72.313,51.346
1.2045,120.51,111.75,63.384,45.038
1.2619,106.05,98.211,55.558,39.505
1.3219,93.314,86.31,48.698,34.652
1.3849,82.111,75.85,42.685,30.394
1.4508,72.149,66.58,37.333,26.608
1.5199,63.329,58.393,32.598,23.26
1.5923,55.587,51.211,28.464,20.333
1.6681,48.791,44.913,24.855,17.775
1.7475,42.826,39.39,21.703,15.538
1.8307,37.618,34.529,18.904,13.553
1.9179,33.058,30.259,16.442,11.806
2.0092,29.051,26.517,14.301,10.284
2.1049,25.529,23.238,12.439,8.9588
2.2051,22.435,20.364,10.819,7.8039
2.3101,19.674,17.811,9.3849,6.7813
2.4201,17.236,15.563,8.1308,5.8858
2.5354,15.1,13.598,7.0443,5.1084
2.6561,13.228,11.882,6.1029,4.4337
2.7826,11.589,10.382,5.2873,3.8481
2.9151,10.113,9.0449,4.5678,3.3309
3.0539,8.8115,7.8714,3.942,2.8801
3.1993,7.6778,6.8501,3.4019,2.4904
3.3516,6.6899,5.9613,2.9358,2.1534
3.5112,5.829,5.1878,2.5336,1.8619
3.6784,5.0914,4.5174,2.1801,1.6054
3.8535,4.4502,3.9343,1.8744,1.3831
4.037,3.8898,3.4265,1.6115,1.1915
4.2292,3.3999,2.9841,1.3855,1.0265
4.4306,2.9717,2.5989,1.1912,0.88432
4.6416,2.5955,2.2615,1.0214,0.75988
4.8626,2.2666,1.9676,0.87533,0.6526
5.0941,1.9793,1.7119,0.75015,0.56045
5.3367,1.7285,1.4894,0.64287,0.48131
5.5908,1.5094,1.2958,0.55094,0.41334
5.857,1.3174,1.1267,0.47119,0.35425
6.1359,1.1498,0.97962,0.40287,0.30352
6.4281,1.0035,0.85172,0.34445,0.26004
6.7342,0.87575,0.74051,0.2945,0.2228
7.0548,0.76429,0.64382,0.2518,0.19088
7.3907,0.66682,0.55951,0.21488,0.16321
7.7426,0.58177,0.48622,0.18336,0.13952
8.1113,0.50756,0.42253,0.15645,0.11927
8.4975,0.44281,0.36718,0.13349,0.10196
8.9022,0.38632,0.31907,0.11391,0.087157
9.326,0.33697,0.27718,0.096987,0.074324
9.7701,0.29392,0.24078,0.082576,0.063375
10.235,0.25637,0.20916,0.070307,0.054039
10.723,0.22362,0.18169,0.05986,0.046078
11.233,0.19505,0.15783,0.050963,0.039287
11.768,0.17011,0.1371,0.043315,0.033427
12.328,0.14836,0.11909,0.036814,0.028441
12.915,0.12939,0.10345,0.03129,0.024199
13.53,0.11285,0.089858,0.026594,0.020589
14.175,0.098415,0.078054,0.0226,0.017515
14.85,0.085829,0.067816,0.019185,0.014879
15.557,0.074853,0.058921,0.016286,0.012639
16.298,0.065279,0.051192,0.013825,0.010736
17.074,0.05693,0.044477,0.011736,0.0091202
17.886,0.049649,0.038644,0.0099611,0.0077462
18.738,0.043301,0.033587,0.0084492,0.0065735
19.63,0.037764,0.029192,0.0071667,0.0055784
20.565,0.032936,0.025372,0.0060789,0.0047339
21.544,0.028724,0.022052,0.0051561,0.0040172
22.57,0.025051,0.019167,0.0043731,0.0034087
23.645,0.021846,0.016662,0.0037078,0.0028911
24.771,0.019051,0.014485,0.0031437,0.0024522
25.95,0.016614,0.012592,0.0026654,0.0020798
27.186,0.014488,0.010947,0.0022599,0.001764
28.48,0.012633,0.0095161,0.001916,0.0014962
29.836,0.011014,0.008272,0.0016244,0.0012689
31.257,0.0096014,0.0071906,0.0013772,0.0010762
32.745,0.0083703,0.0062505,0.0011676,0.00091274
34.305,0.0072969,0.0054333,0.00098992,0.00077411
35.938,0.0063602,0.0047225,0.00083932,0.00065659
37.649,0.0055413,0.0041036,0.00071177,0.00055704
39.442,0.0048278,0.0035659,0.00060361,0.00047259
41.32,0.0042062,0.0030986,0.00051188,0.00040094
43.288,0.0036646,0.0026925,0.00043408,0.00034015
45.349,0.0031916,0.002339,0.00036818,0.00028863
47.508,0.0027777,0.0020306,0.0003124,0.00024502
49.77,0.0024174,0.0017629,0.00026506,0.000208
52.14,0.0021039,0.0015304,0.0002249,0.00017657
54.623,0.001831,0.0013286,0.00019083,0.00014989
57.224,0.0015926,0.0011528,0.00016197,0.00012729
59.948,0.0013839,0.00099915,0.00013756,0.00010816
62.803,0.0012026,0.00086601,0.00011683,9.1899e-5
65.793,0.001045,0.00075062,9.9223e-5,7.8086e-5
68.926,0.00090806,0.0006506,8.427e-5,6.6348e-5
72.208,0.00078899,0.00056371,7.1607e-5,5.64e-5
75.646,0.00068546,0.0004882,6.0889e-5,4.7972e-5
79.248,0.00059551,0.00042281,5.1775e-5,4.0803e-5
83.022,0.00051737,0.00036617,4.4025e-5,3.4706e-5
86.975,0.00044947,0.00031712,3.7436e-5,2.9519e-5
91.116,0.00039053,0.00027456,3.1852e-5,2.512e-5
95.455,0.00033936,0.00023764,2.712e-5,2.1387e-5
100.0,0.00029489,0.00020568,2.3091e-5,1.8208e-5
1.0,199.85,185.49,105.64,74.932
1.0476,176.08,163.41,92.93,65.933
1.0975,155.13,143.95,81.75,58.014
1.1498,136.58,126.64,71.772,50.957
1.2045,120.17,111.28,62.896,44.687
1.2619,105.74,97.785,55.118,39.189
1.3219,93.038,85.926,48.302,34.367
1.3849,81.863,75.504,42.329,30.138
1.4508,71.926,66.269,37.012,26.378
1.5199,63.129,58.113,32.311,23.054
1.5923,55.407,50.961,28.207,20.148
1.6681,48.63,44.688,24.624,17.609
1.7475,42.681,39.188,21.496,15.389
1.8307,37.488,34.348,18.72,13.42
1.9179,32.942,30.098,16.278,11.688
2.0092,28.947,26.373,14.155,10.179
2.1049,25.436,23.109,12.308,8.8644
2.2051,22.351,20.249,10.703,7.7198
2.3101,19.599,17.708,9.2819,6.7066
2.4201,17.169,15.472,8.0395,5.8194
2.5354,15.04,13.517,6.9634,5.0496
2.6561,13.175,11.81,6.0313,4.3815
2.7826,11.541,10.318,5.224,3.8018
2.9151,10.07,8.9879,4.5119,3.2899
3.0539,8.7734,7.8207,3.8927,2.844
3.1993,7.6438,6.8051,3.3585,2.4585
3.3516,6.6595,5.9214,2.8976,2.1252
3.5112,5.8019,5.1524,2.4999,1.8371
3.6784,5.0674,4.4862,2.1505,1.5836
3.8535,4.429,3.9068,1.8484,1.3639
4.037,3.871,3.4022,1.5887,1.1747
4.2292,3.3833,2.9628,1.3655,1.0117
4.4306,2.957,2.5801,1.1737,0.87135
4.6416,2.5826,2.2451,1.0062,0.74854
4.8626,2.2553,1.9532,0.86205,0.64269
5.0941,1.9694,1.6993,0.73858,0.5518
5.3367,1.7197,1.4783,0.63279,0.47376
5.5908,1.5017,1.2861,0.54215,0.40675
5.857,1.3107,1.1183,0.46356,0.34852
6.1359,1.1439,0.97224,0.39625,0.29853
6.4281,0.99826,0.84528,0.33871,0.25572
6.7342,0.87119,0.73489,0.28953,0.21904
7.0548,0.76029,0.63891,0.24749,0.18762
7.3907,0.66332,0.55524,0.21116,0.16038
7.7426,0.57871,0.4825,0.18014,0.13708
8.1113,0.50488,0.41929,0.15368,0.11716
8.4975,0.44047,0.36435,0.1311,0.10013
8.9022,0.38427,0.31661,0.11184,0.08558
9.326,0.33518,0.27504,0.095211,0.072966
9.7701,0.29235,0.23892,0.081049,0.062206
10.235,0.255,0.20755,0.068993,0.053033
10.723,0.22242,0.18029,0.05873,0.045211
11.233,0.19399,0.15661,0.049992,0.038541
11.768,0.16919,0.13604,0.042483,0.032788
12.328,0.14755,0.11817,0.036101,0.027893
12.915,0.12869,0.10264,0.030678,0.023728
13.53,0.11223,0.089159,0.02607,0.020185
14.175,0.097876,0.077447,0.022152,0.017169
14.85,0.085357,0.067288,0.018802,0.014583
15.557,0.074439,0.058461,0.015958,0.012386
16.298,0.064917,0.050792,0.013545,0.01052
17.074,0.056613,0.044129,0.011496,0.0089353
17.886,0.049371,0.038341,0.0097568,0.0075882
18.738,0.043057,0.033324,0.008275,0.0064389
19.63,0.03755,0.028962,0.0070183,0.0054636
20.565,0.032748,0.025172,0.0059524,0.004636
21.544,0.028559,0.021878,0.0050483,0.0039337
22.57,0.024906,0.019015,0.0042813,0.0033376
23.645,0.021719,0.01653,0.0036297,0.0028306
24.771,0.018939,0.014369,0.0030772,0.0024007
25.95,0.016516,0.012491,0.0026089,0.0020361
27.186,0.014402,0.010859,0.0022118,0.0017268
28.48,0.012558,0.0094392,0.0018751,0.0014645
29.836,0.010947,0.0082048,0.0015897,0.0012421
31.257,0.0095425,0.0071318,0.0013477,0.0010534
32.745,0.0083184,0.0061991,0.0011426,0.00089337
34.305,0.0072513,0.0053884,0.00096867,0.00075766
35.938,0.0063199,0.0046832,0.00082129,0.00064263
37.649,0.0055058,0.0040692,0.00069648,0.0005452
39.442,0.0047965,0.0035357,0.00059064,0.00046254
41.32,0.0041786,0.0030722,0.00050088,0.00039242
43.288,0.0036403,0.0026694,0.00042476,0.00033293
45.349,0.0031702,0.0023187,0.00036028,0.00028251
47.508,0.0027587,0.0020128,0.00030571,0.00023984
49.77,0.0024007,0.0017473,0.0002594,0.00020361
52.14,0.0020891,0.0015167,0.0002201,0.00017285
54.623,0.001818,0.0013166,0.00018676,0.00014674
57.224,0.0015811,0.0011422,0.00015853,0.00012462
59.948,0.0013738,0.00098993,0.00013465,0.0001059
62.803,0.0011936,0.00085792,0.00011437,8.9985e-5
65.793,0.0010371,0.00074352,9.7141e-5,7.6465e-5
68.926,0.00090107,0.00064437,8.2509e-5,6.4977e-5
72.208,0.00078283,0.00055826,7.0117e-5,5.5239e-5
75.646,0.00068004,0.00048342,5.963e-5,4.699e-5
79.248,0.00059073,0.00041862,5.0711e-5,3.9972e-5
83.022,0.00051316,0.00036251,4.3126e-5,3.4002e-5
86.975,0.00044577,0.00031391,3.6676e-5,2.8924e-5
91.116,0.00038728,0.00027176,3.121e-5,2.4616e-5
95.455,0.0003365,0.00023519,2.6577e-5,2.0961e-5
100.0,0.00029238,0.00020354,2.2632e-5,1.7848e-5
1.0,199.35,184.79,104.91,74.41
1.0476,175.62,162.77,92.274,65.461
1.0975,154.72,143.37,81.157,57.587
1.1498,136.21,126.12,71.236,50.572
1.2045,119.84,110.81,62.413,44.34
1.2619,105.44,97.363,54.683,38.876
1.3219,92.766,85.546,47.91,34.085
1.3849,81.617,75.162,41.976,29.885
1.4508,71.705,65.962,36.696,26.15
1.5199,62.93,57.837,32.027,22.849
1.5923,55.229,50.713,27.953,19.965
1.6681,48.47,44.466,24.397,17.445
1.7475,42.538,38.989,21.293,15.243
1.8307,37.36,34.17,18.538,13.289
1.9179,32.827,29.939,16.116,11.571
2.0092,28.844,26.231,14.01,10.074
2.1049,25.344,22.983,12.18,8.7715
2.2051,22.269,20.137,10.589,7.6371
2.3101,19.526,17.608,9.1807,6.6331
2.4201,17.103,15.382,7.9498,5.7542
2.5354,14.981,13.437,6.8839,4.9917
2.6561,13.122,11.739,5.961,4.3302
2.7826,11.494,10.255,5.1617,3.7564
2.9151,10.028,8.9319,4.457,3.2498
3.0539,8.736,7.771,3.8443,2.8085
3.1993,7.6103,6.761,3.3159,2.4272
3.3516,6.6297,5.8822,2.86,2.0976
3.5112,5.7753,5.1176,2.4669,1.8128
3.6784,5.0438,4.4555,2.1216,1.5622
3.8535,4.4082,3.8798,1.823,1.3451
4.037,3.8526,3.3785,1.5665,1.1582
4.2292,3.3671,2.942,1.3461,0.99727
4.4306,2.9427,2.5618,1.1567,0.85868
4.6416,2.57,2.229,0.99129,0.73747
4.8626,2.2442,1.9391,0.84908,0.63302
5.0941,1.9596,1.6869,0.72728,0.54335
5.3367,1.7112,1.4675,0.62295,0.46639
5.5908,1.4942,1.2766,0.53358,0.40032
5.857,1.3041,1.11,0.45613,0.34293
6.1359,1.1381,0.96502,0.3898,0.29368
6.4281,0.99318,0.83898,0.33313,0.2515
6.7342,0.86674,0.7294,0.28469,0.21538
7.0548,0.75638,0.63412,0.24329,0.18444
7.3907,0.6599,0.55106,0.20754,0.15764
7.7426,0.57571,0.47887,0.17702,0.1347
8.1113,0.50226,0.41612,0.15098,0.11511
8.4975,0.43817,0.3616,0.12877,0.09836
8.9022,0.38226,0.31422,0.10983,0.084048
9.326,0.33342,0.27296,0.093485,0.071647
9.7701,0.29082,0.23711,0.079565,0.061071
10.235,0.25366,0.20597,0.067718,0.052055
10.723,0.22124,0.17892,0.057634,0.04437
11.233,0.19297,0.15542,0.04905,0.037818
11.768,0.16829,0.135,0.041676,0.032167
12.328,0.14677,0.11727,0.03541,0.02736
12.915,0.128,0.10186,0.030086,0.023272
13.53,0.11163,0.088478,0.025562,0.019794
14.175,0.097348,0.076854,0.021717,0.016834
14.85,0.084895,0.066772,0.01843,0.014296
15.557,0.074034,0.058013,0.015641,0.012141
16.298,0.064563,0.050402,0.013274,0.010311
17.074,0.056302,0.043789,0.011265,0.0087564
17.886,0.049099,0.038046,0.0095591,0.0074353
18.738,0.042818,0.033066,0.0081066,0.0063086
19.63,0.037341,0.028738,0.0068747,0.0053525
20.565,0.032564,0.024977,0.00583,0.0045413
21.544,0.028398,0.021708,0.0049441,0.0038531
22.57,0.024765,0.018867,0.0041925,0.0032689
23.645,0.021595,0.016401,0.0035542,0.0027722
24.771,0.01883,0.014257,0.003013,0.002351
25.95,0.016419,0.012393,0.0025543,0.0019938
27.186,0.014317,0.010773,0.0021654,0.0016909
28.48,0.012483,0.0093642,0.0018357,0.001434
29.836,0.010881,0.0081392,0.0015562,0.0012161
31.257,0.0094849,0.0070744,0.0013193,0.0010314
32.745,0.0082676,0.0061489,0.0011184,0.00087467
34.305,0.0072065,0.0053445,0.00094817,0.00074179
35.938,0.0062805,0.0046448,0.00080389,0.00062916
37.649,0.005471,0.0040356,0.00068173,0.00053378
39.442,0.0047659,0.0035063,0.00057814,0.00045286
41.32,0.0041516,0.0030464,0.00049028,0.00038421
43.288,0.0036164,0.0026468,0.00041578,0.00032596
45.349,0.0031491,0.0022989,0.00035266,0.00027661
47.508,0.0027402,0.0019955,0.00029926,0.00023484
49.77,0.0023843,0.001732,0.00025394,0.00019937
52.14,0.0020747,0.0015034,0.00021548,0.00016926
54.623,0.0018052,0.001305,0.00018285,0.0001437
57.224,0.0015699,0.001132,0.00015522,0.00012205
59.948,0.0013638,0.00098093,0.00013185,0.00010372
62.803,0.0011848,0.00085003,0.000112,8.8142e-5
65.793,0.0010293,0.0007366,9.5137e-5,7.4905e-5
68.926,0.00089424,0.0006383,8.0813e-5,6.3656e-5
72.208,0.00077681,0.00055293,6.8684e-5,5.4121e-5
75.646,0.00067473,0.00047876,5.8418e-5,4.6044e-5
79.248,0.00058607,0.00041454,4.9687e-5,3.9172e-5
83.022,0.00050905,0.00035893,4.2261e-5,3.3325e-5
86.975,0.00044215,0.00031079,3.5944e-5,2.8351e-5
91.116,0.0003841,0.00026902,3.0592e-5,2.4132e-5
95.455,0.00033371,0.0002328,2.6055e-5,2.0551e-5
100.0,0.00028994,0.00020145,2.2191e-5,1.7501e-5
1.0,198.85,184.1,104.19,73.893
1.0476,175.17,162.14,91.623,64.993
1.0975,154.31,142.8,80.569,57.165
1.1498,135.84,125.61,70.705,50.19
1.2045,119.51,110.35,61.935,43.996
1.2619,105.14,96.946,54.252,38.566
1.3219,92.497,85.169,47.523,33.806
1.3849,81.375,74.824,41.628,29.634
1.4508,71.487,65.657,36.383,25.925
1.5199,62.734,57.564,31.747,22.648
1.5923,55.053,50.468,27.702,19.784
1.6681,48.312,44.247,24.172,17.283
1.7475,42.396,38.793,21.092,15.098
1.8307,37.233,33.995,18.359,13.16
1.9179,32.714,29.782,15.957,11.455
2.0092,28.743,26.092,13.869,9.9717
2.1049,25.253,22.858,12.054,8.6801
2.2051,22.188,20.025,10.476,7.5557
2.3101,19.453,17.509,9.0811,6.5608
2.4201,17.039,15.294,7.8616,5.6901
2.5354,14.923,13.359,6.8059,4.9349
2.6561,13.071,11.669,5.8919,4.2799
2.7826,11.448,10.193,5.1007,3.7118
2.9151,9.9871,8.8769,4.4031,3.2104
3.0539,8.6993,7.7222,3.7969,2.7738
3.1993,7.5776,6.7177,3.2741,2.3966
3.3516,6.6004,5.8438,2.8233,2.0706
3.5112,5.7492,5.0835,2.4346,1.789
3.6784,5.0207,4.4255,2.0932,1.5413
3.8535,4.3878,3.8534,1.7982,1.3268
4.037,3.8346,3.3553,1.5448,1.1421
4.2292,3.3512,2.9215,1.327,0.98315
4.4306,2.9287,2.5438,1.14,0.8463
4.6416,2.5577,2.2133,0.97676,0.72665
4.8626,2.2333,1.9253,0.83643,0.62358
5.0941,1.9501,1.6748,0.71626,0.53512
5.3367,1.7028,1.4569,0.61335,0.4592
5.5908,1.4868,1.2674,0.52522,0.39405
5.857,1.2976,1.1019,0.44888,0.33748
6.1359,1.1324,0.95798,0.38353,0.28895
6.4281,0.98821,0.83284,0.32768,0.2474
6.7342,0.86238,0.72403,0.27997,0.21181
7.0548,0.75256,0.62944,0.23921,0.18135
7.3907,0.65656,0.54699,0.20402,0.15496
7.7426,0.57279,0.47532,0.17398,0.1324
8.1113,0.4997,0.41304,0.14836,0.11311
8.4975,0.43593,0.35891,0.12651,0.096637
8.9022,0.3803,0.31188,0.10788,0.08256
9.326,0.33171,0.27092,0.091809,0.070366
9.7701,0.28932,0.23534,0.078125,0.059969
10.235,0.25234,0.20443,0.066481,0.051107
10.723,0.22009,0.17758,0.056571,0.043555
11.233,0.19196,0.15425,0.048137,0.037116
11.768,0.16741,0.13399,0.040893,0.031565
12.328,0.146,0.11639,0.03474,0.026845
12.915,0.12732,0.1011,0.029512,0.02283
13.53,0.11104,0.087814,0.025071,0.019415
14.175,0.096833,0.076277,0.021296,0.016509
14.85,0.084444,0.06627,0.018071,0.014019
15.557,0.073639,0.057576,0.015334,0.011904
16.298,0.064216,0.050022,0.013012,0.010108
17.074,0.055999,0.043459,0.011041,0.0085833
17.886,0.048833,0.037758,0.009368,0.0072876
18.738,0.042585,0.032816,0.0079437,0.0061826
19.63,0.037136,0.02852,0.006736,0.0052452
20.565,0.032385,0.024787,0.0057119,0.0044499
21.544,0.028241,0.021542,0.0048434,0.0037752
22.57,0.024627,0.018723,0.0041068,0.0032025
23.645,0.021473,0.016275,0.0034813,0.0027158
24.771,0.018723,0.014147,0.0029511,0.0023031
25.95,0.016325,0.012297,0.0025016,0.001953
27.186,0.014235,0.010689,0.0021206,0.0016562
28.48,0.012411,0.0092911,0.0017976,0.0014045
29.836,0.010817,0.0080752,0.0015239,0.0011911
31.257,0.0094285,0.0070184,0.0012919,0.0010101
32.745,0.0082179,0.0061,0.0010952,0.00085665
34.305,0.0071628,0.0053017,0.00092842,0.00072649
35.938,0.006242,0.0046074,0.00078713,0.00061618
37.649,0.005437,0.0040028,0.00066753,0.00052278
39.442,0.0047359,0.0034775,0.0005661,0.00044353
41.32,0.0041251,0.0030212,0.00048008,0.0003763
43.288,0.0035931,0.0026248,0.00040713,0.00031926
45.349,0.0031286,0.0022796,0.00034533,0.00027093
47.508,0.002722,0.0019785,0.00029305,0.00023003
49.77,0.0023683,0.0017172,0.00024868,0.0001953
52.14,0.0020606,0.0014904,0.00021103,0.00016581
54.623,0.0017928,0.0012936,0.00017908,0.00014078
57.224,0.0015589,0.001122,0.00015203,0.00011957
59.948,0.0013541,0.00097216,0.00012915,0.00010162
62.803,0.0011763,0.00084233,0.00010972,8.6369e-5
65.793,0.0010218,0.00072984,9.321e-5,7.3404e-5
68.926,0.00088757,0.00063238,7.9183e-5,6.2386e-5
72.208,0.00077093,0.00054774,6.7306e-5,5.3047e-5
75.646,0.00066955,0.00047422,5.7254e-5,4.5135e-5
79.248,0.0005815,0.00041056,4.8703e-5,3.8402e-5
83.022,0.00050503,0.00035545,4.1429e-5,3.2675e-5
86.975,0.00043862,0.00030774,3.5242e-5,2.7801e-5
91.116,0.00038099,0.00026635,2.9998e-5,2.3666e-5
95.455,0.00033099,0.00023047,2.5553e-5,2.0156e-5
100.0,0.00028755,0.00019942,2.1767e-5,1.7168e-5
1.0,198.36,183.41,103.48,73.38
1.0476,174.72,161.52,90.978,64.529
1.0975,153.91,142.24,79.986,56.746
1.1498,135.48,125.1,70.179,49.813
1.2045,119.18,109.89,61.461,43.656
1.2619,104.84,96.533,53.826,38.26
1.3219,92.23,84.797,47.139,33.531
1.3849,81.135,74.489,41.283,29.387
1.4508,71.272,65.357,36.074,25.703
1.5199,62.541,57.295,31.471,22.449
1.5923,54.88,50.227,27.454,19.606
1.6681,48.157,44.031,23.951,17.124
1.7475,42.257,38.599,20.894,14.955
1.8307,37.108,33.822,18.183,13.033
1.9179,32.602,29.628,15.8,11.342
2.0092,28.643,25.954,13.729,9.8707
2.1049,25.164,22.735,11.929,8.5902
2.2051,22.108,19.916,10.366,7.4758
2.3101,19.382,17.412,8.9832,6.4898
2.4201,16.975,15.207,7.775,5.6272
2.5354,14.867,13.282,6.7293,4.8791
2.6561,13.02,11.601,5.8242,4.2305
2.7826,11.403,10.132,5.0408,3.6681
2.9151,9.9468,8.823,4.3504,3.1718
3.0539,8.6633,7.6744,3.7504,2.7398
3.1993,7.5454,6.6752,3.2332,2.3666
3.3516,6.5717,5.8061,2.7873,2.0442
3.5112,5.7236,5.0501,2.403,1.7657
3.6784,4.998,4.3961,2.0655,1.5208
3.8535,4.3678,3.8276,1.7739,1.3089
4.037,3.817,3.3325,1.5235,1.1264
4.2292,3.3356,2.9015,1.3085,0.96937
4.4306,2.9149,2.5262,1.1237,0.83422
4.6416,2.5456,2.1979,0.96259,0.7161
4.8626,2.2227,1.9119,0.82409,0.61437
5.0941,1.9407,1.6631,0.70551,0.52709
5.3367,1.6946,1.4466,0.604,0.4522
5.5908,1.4796,1.2583,0.51709,0.38795
5.857,1.2913,1.094,0.44183,0.33218
6.1359,1.1269,0.9511,0.37741,0.28435
6.4281,0.98335,0.82684,0.32239,0.2434
6.7342,0.85812,0.7188,0.27539,0.20835
7.0548,0.74883,0.62488,0.23524,0.17834
7.3907,0.65329,0.54302,0.20059,0.15237
7.7426,0.56993,0.47186,0.17102,0.13015
8.1113,0.4972,0.41003,0.14581,0.11118
8.4975,0.43374,0.35629,0.12432,0.094965
8.9022,0.37839,0.3096,0.10599,0.081117
9.326,0.33003,0.26894,0.090184,0.069124
9.7701,0.28785,0.23362,0.076729,0.058901
10.235,0.25106,0.20293,0.065281,0.050189
10.723,0.21897,0.17628,0.055541,0.042765
11.233,0.19098,0.15312,0.047252,0.036437
11.768,0.16655,0.13301,0.040136,0.030983
12.328,0.14525,0.11553,0.034091,0.026346
12.915,0.12667,0.10035,0.028957,0.022402
13.53,0.11046,0.087167,0.024595,0.019049
14.175,0.09633,0.075715,0.020889,0.016195
14.85,0.084003,0.065781,0.017723,0.013751
15.557,0.073253,0.05715,0.015037,0.011675
16.298,0.063878,0.049651,0.012758,0.0099126
17.074,0.055702,0.043136,0.010825,0.0084162
17.886,0.048573,0.037478,0.0091834,0.0071449
18.738,0.042357,0.032571,0.0077866,0.0060611
19.63,0.036936,0.028307,0.0066021,0.0051417
20.565,0.032209,0.024601,0.0055979,0.0043617
21.544,0.028087,0.021381,0.0047463,0.0037001
22.57,0.024491,0.018582,0.0040241,0.0031386
23.645,0.021354,0.016152,0.003411,0.0026614
24.771,0.018619,0.014039,0.0028914,0.0022568
25.95,0.016234,0.012203,0.0024508,0.0019138
27.186,0.014154,0.010607,0.0020774,0.0016228
28.48,0.01234,0.0092198,0.001761,0.0013761
29.836,0.010755,0.0080128,0.0014928,0.001167
31.257,0.0093733,0.0069639,0.0012655,0.0009897
32.745,0.0081693,0.0060523,0.0010728,0.00083931
34.305,0.00712,0.00526,0.00090941,0.00071178
35.938,0.0062043,0.0045709,0.00077101,0.0006037
37.649,0.0054038,0.0039708,0.00065387,0.0005122
39.442,0.0047066,0.0034495,0.00055452,0.00043457
41.32,0.0040993,0.0029967,0.00047026,0.0003687
43.288,0.0035703,0.0026033,0.00039881,0.00031282
45.349,0.0031085,0.0022608,0.00033829,0.00026547
47.508,0.0027043,0.001962,0.00028709,0.0002254
49.77,0.0023527,0.0017027,0.00024364,0.00019138
52.14,0.0020468,0.0014777,0.00020676,0.0001625
54.623,0.0017806,0.0012824,0.00017547,0.00013797
57.224,0.0015481,0.0011122,0.00014897,0.00011719
59.948,0.0013446,0.00096361,0.00012657,9.9612e-5
62.803,0.0011679,0.00083483,0.00010753,8.4667e-5
65.793,0.0010144,0.00072327,9.136e-5,7.1964e-5
68.926,0.00088105,0.00062661,7.7619e-5,6.1167e-5
72.208,0.00076518,0.00054269,6.5984e-5,5.2016e-5
75.646,0.00066449,0.00046979,5.6137e-5,4.4262e-5
79.248,0.00057705,0.00040669,4.7759e-5,3.7664e-5
83.022,0.00050112,0.00035206,4.0631e-5,3.205e-5
86.975,0.00043517,0.00030477,3.4568e-5,2.7273e-5
91.116,0.00037796,0.00026376,2.9428e-5,2.3219e-5
95.455,0.00032833,0.0002282,2.5072e-5,1.9778e-5
100.0,0.00028522,0.00019744,2.136e-5,1.6848e-5
1.0,197.87,182.73,102.77,72.872
1.0476,174.28,160.9,90.339,64.07
1.0975,153.51,141.68,79.409,56.331
1.1498,135.12,124.59,69.659,49.439
1.2045,118.86,109.44,60.993,43.319
1.2619,104.55,96.124,53.405,37.957
1.3219,91.967,84.429,46.76,33.259
1.3849,80.898,74.158,40.943,29.142
1.4508,71.059,65.06,35.769,25.484
1.5199,62.35,57.029,31.198,22.253
1.5923,54.709,49.989,27.21,19.431
1.6681,48.003,43.818,23.732,16.967
1.7475,42.12,38.408,20.699,14.815
1.8307,36.985,33.652,18.009,12.907
1.9179,32.492,29.476,15.645,11.23
2.0092,28.545,25.818,13.591,9.7714
2.1049,25.077,22.615,11.807,8.5018
2.2051,22.03,19.808,10.257,7.3972
2.3101,19.312,17.316,8.8871,6.4201
2.4201,16.913,15.122,7.6899,5.5654
2.5354,14.811,13.207,6.654,4.8244
2.6561,12.971,11.534,5.7577,4.1821
2.7826,11.359,10.072,4.9821,3.6253
2.9151,9.9072,8.7701,4.2986,3.134
3.0539,8.628,7.6274,3.7049,2.7064
3.1993,7.5138,6.6336,3.1932,2.3372
3.3516,6.5435,5.7692,2.7522,2.0183
3.5112,5.6985,5.0174,2.372,1.743
3.6784,4.9758,4.3673,2.0384,1.5009
3.8535,4.3482,3.8022,1.7502,1.2913
4.037,3.7997,3.3103,1.5028,1.111
4.2292,3.3203,2.882,1.2903,0.95592
4.4306,2.9015,2.509,1.1079,0.82244
4.6416,2.5337,2.1828,0.94877,0.70582
4.8626,2.2123,1.8987,0.81206,0.6054
5.0941,1.9316,1.6515,0.69504,0.51927
5.3367,1.6865,1.4365,0.59489,0.44538
5.5908,1.4725,1.2495,0.50916,0.382
5.857,1.2851,1.0863,0.43496,0.32702
6.1359,1.1214,0.94439,0.37147,0.27988
6.4281,0.97861,0.82099,0.31724,0.23952
6.7342,0.85396,0.7137,0.27093,0.20498
7.0548,0.74519,0.62043,0.23138,0.17543
7.3907,0.65011,0.53915,0.19727,0.14985
7.7426,0.56714,0.4685,0.16816,0.12798
8.1113,0.49476,0.4071,0.14334,0.1093
8.4975,0.43161,0.35374,0.12219,0.093344
8.9022,0.37652,0.30738,0.10416,0.079717
9.326,0.3284,0.26701,0.088609,0.067921
9.7701,0.28642,0.23194,0.075377,0.057866
10.235,0.24981,0.20148,0.06412,0.049299
10.723,0.21788,0.17501,0.054544,0.042
11.233,0.19003,0.15202,0.046396,0.035779
11.768,0.16572,0.13205,0.039403,0.03042
12.328,0.14452,0.1147,0.033464,0.025863
12.915,0.12603,0.099629,0.02842,0.021989
13.53,0.1099,0.086538,0.024136,0.018695
14.175,0.095839,0.075168,0.020496,0.015892
14.85,0.083573,0.065305,0.017388,0.013492
15.557,0.072876,0.056736,0.014751,0.011454
16.298,0.063548,0.049291,0.012514,0.0097238
17.074,0.055413,0.042823,0.010616,0.008255
17.886,0.04832,0.037205,0.0090055,0.0070073
18.738,0.042135,0.032334,0.007635,0.0059439
19.63,0.036741,0.0281,0.0064731,0.0050419
20.565,0.032038,0.024421,0.005488,0.0042768
21.544,0.027936,0.021223,0.0046528,0.0036277
22.57,0.024359,0.018445,0.0039445,0.003077
23.645,0.021238,0.016032,0.0033434,0.0026091
24.771,0.018517,0.013935,0.0028339,0.0022124
25.95,0.016144,0.012112,0.002402,0.001876
27.186,0.014075,0.010528,0.0020359,0.0015907
28.48,0.01227,0.0091503,0.0017257,0.0013489
29.836,0.010693,0.0079521,0.0014629,0.0011439
31.257,0.0093194,0.0069108,0.0012401,0.00097006
32.745,0.0081219,0.0060058,0.0010513,0.00082265
34.305,0.0070782,0.0052193,0.00089116,0.00069764
35.938,0.0061674,0.0045353,0.00075553,0.00059171
37.649,0.0053713,0.0039397,0.00064075,0.00050204
39.442,0.0046779,0.0034223,0.0005434,0.00042596
41.32,0.004074,0.0029728,0.00046085,0.00036141
43.288,0.0035481,0.0025824,0.00039083,0.00030664
45.349,0.0030889,0.0022425,0.00033153,0.00026023
47.508,0.002687,0.001946,0.00028137,0.00022097
49.77,0.0023374,0.0016887,0.0002388,0.00018763
52.14,0.0020333,0.0014654,0.00020267,0.00015932
54.623,0.0017687,0.0012716,0.000172,0.00013528
57.224,0.0015376,0.0011028,0.00014604,0.00011492
59.948,0.0013354,0.00095528,0.00012409,9.7684e-5
62.803,0.0011597,0.00082753,0.00010544,8.3036e-5
65.793,0.0010072,0.00071686,8.9587e-5,7.0584e-5
68.926,0.00087468,0.00062099,7.6121e-5,5.9999e-5
72.208,0.00075957,0.00053777,6.4717e-5,5.1027e-5
75.646,0.00065956,0.00046548,5.5066e-5,4.3426e-5
79.248,0.00057271,0.00040291,4.6854e-5,3.6957e-5
83.022,0.00049729,0.00034876,3.9867e-5,3.1452e-5
86.975,0.00043181,0.00030188,3.3922e-5,2.6767e-5
91.116,0.00037501,0.00026123,2.8883e-5,2.2791e-5
95.455,0.00032574,0.000226,2.4611e-5,1.9416e-5
100.0,0.00028295,0.00019551,2.0971e-5,1.6541e-5
1.0,197.38,182.05,102.07,72.368
1.0476,173.84,160.29,89.706,63.615
1.0975,153.11,141.13,78.837,55.921
1.1498,134.76,124.1,69.144,49.069
1.2045,118.53,108.99,60.529,42.987
1.2619,104.26,95.719,52.988,37.658
1.3219,91.707,84.065,46.386,32.99
1.3849,80.664,73.831,40.607,28.901
1.4508,70.849,64.766,35.468,25.268
1.5199,62.162,56.766,30.928,22.059
1.5923,54.54,49.753,26.969,19.257
1.6681,47.852,43.607,23.517,16.812
1.7475,41.984,38.22,20.507,14.677
1.8307,36.864,33.484,17.838,12.784
1.9179,32.384,29.326,15.493,11.121
2.0092,28.448,25.685,13.456,9.6737
2.1049,24.99,22.496,11.687,8.4149
2.2051,21.953,19.703,10.151,7.3199
2.3101,19.244,17.222,8.7926,6.3516
2.4201,16.851,15.039,7.6064,5.5047
2.5354,14.756,13.132,6.5802,4.7708
2.6561,12.922,11.468,5.6925,4.1346
2.7826,11.315,10.014,4.9245,3.5833
2.9151,9.8684,8.7182,4.2479,3.097
3.0539,8.5933,7.5814,3.6603,2.6738
3.1993,7.4829,6.5928,3.154,2.3085
3.3516,6.5159,5.733,2.7177,1.993
3.5112,5.6739,4.9854,2.3418,1.7207
3.6784,4.9541,4.3391,2.0119,1.4813
3.8535,4.329,3.7774,1.7271,1.2742
4.037,3.7828,3.2885,1.4825,1.0961
4.2292,3.3054,2.8628,1.2726,0.94279
4.4306,2.8883,2.4922,1.0924,0.81095
4.6416,2.5222,2.1681,0.9353,0.69579
4.8626,2.2021,1.8858,0.80034,0.59666
5.0941,1.9227,1.6403,0.68485,0.51165
5.3367,1.6787,1.4267,0.58602,0.43874
5.5908,1.4657,1.2409,0.50146,0.37622
5.857,1.2791,1.0788,0.42828,0.32201
6.1359,1.1162,0.93785,0.36569,0.27553
6.4281,0.97398,0.81528,0.31224,0.23575
6.7342,0.84991,0.70873,0.26661,0.20172
7.0548,0.74164,0.61609,0.22764,0.17259
7.3907,0.647,0.53537,0.19404,0.1474
7.7426,0.56442,0.46521,0.16538,0.12587
8.1113,0.49238,0.40424,0.14095,0.10748
8.4975,0.42953,0.35126,0.12013,0.091772
8.9022,0.3747,0.30522,0.10238,0.078362
9.326,0.3268,0.26513,0.087084,0.066755
9.7701,0.28503,0.23031,0.074067,0.056864
10.235,0.24859,0.20006,0.062996,0.048438
10.723,0.21681,0.17378,0.053579,0.04126
11.233,0.18909,0.15095,0.045569,0.035144
11.768,0.1649,0.13112,0.038695,0.029876
12.328,0.1438,0.11389,0.032858,0.025397
12.915,0.1254,0.098924,0.027901,0.021589
13.53,0.10935,0.085926,0.023692,0.018353
14.175,0.09536,0.074636,0.020117,0.015599
14.85,0.083153,0.064842,0.017064,0.013242
15.557,0.072508,0.056333,0.014475,0.011241
16.298,0.063225,0.048941,0.012278,0.0095418
17.074,0.055131,0.042518,0.010415,0.0080996
17.886,0.048072,0.03694,0.008834,0.0068747
18.738,0.041917,0.032103,0.0074891,0.0058311
19.63,0.036551,0.027899,0.0063489,0.0049458
20.565,0.031871,0.024246,0.0053823,0.004195
21.544,0.02779,0.021071,0.0045628,0.0035581
22.57,0.02423,0.018312,0.0038679,0.0030177
23.645,0.021125,0.015916,0.0032784,0.0025588
24.771,0.018417,0.013833,0.0027786,0.0021696
25.95,0.016056,0.012024,0.0023551,0.0018396
27.186,0.013998,0.01045,0.0019961,0.0015598
28.48,0.012202,0.0090827,0.0016919,0.0013226
29.836,0.010634,0.007893,0.0014342,0.0011217
31.257,0.0092668,0.0068591,0.0012158,0.00095121
32.745,0.0080755,0.0059606,0.0010306,0.00080666
34.305,0.0070373,0.0051798,0.00087363,0.00068408
35.938,0.0061314,0.0045007,0.00074067,0.00058021
37.649,0.0053396,0.0039094,0.00062816,0.00049229
39.442,0.0046499,0.0033957,0.00053274,0.0004177
41.32,0.0040493,0.0029495,0.00045182,0.00035441
43.288,0.0035263,0.002562,0.00038318,0.00030071
45.349,0.0030697,0.0022246,0.00032506,0.00025521
47.508,0.0026701,0.0019303,0.00027589,0.00021672
49.77,0.0023225,0.0016749,0.00023416,0.00018403
52.14,0.0020201,0.0014533,0.00019874,0.00015627
54.623,0.0017571,0.0012611,0.00016868,0.0001327
57.224,0.0015274,0.0010935,0.00014323,0.00011273
59.948,0.0013263,0.00094717,0.00012171,9.5838e-5
62.803,0.0011518,0.00082042,0.00010343,8.1473e-5
65.793,0.0010001,0.00071063,8.789e-5,6.9262e-5
68.926,0.00086847,0.00061553,7.4686e-5,5.8881e-5
72.208,0.0007541,0.00053298,6.3505e-5,5.0081e-5
75.646,0.00065474,0.00046129,5.4042e-5,4.2626e-5
79.248,0.00056847,0.00039924,4.5989e-5,3.628e-5
83.022,0.00049356,0.00034554,3.9136e-5,3.0879e-5
86.975,0.00042853,0.00029907,3.3304e-5,2.6282e-5
91.116,0.00037213,0.00025878,2.8361e-5,2.2381e-5
95.455,0.00032322,0.00022385,2.417e-5,1.9069e-5
100.0,0.00028073,0.00019364,2.0598e-5,1.6248e-5
1.0,196.9,181.38,101.38,71.87
1.0476,173.41,159.68,89.08,63.166
1.0975,152.72,140.58,78.272,55.515
1.1498,134.41,123.6,68.634,48.704
1.2045,118.22,108.54,60.071,42.658
1.2619,103.97,95.319,52.576,37.363
1.3219,91.45,83.706,46.016,32.725
1.3849,80.433,73.508,40.275,28.663
1.4508,70.642,64.477,35.171,25.054
1.5199,61.976,56.506,30.662,21.868
1.5923,54.373,49.521,26.732,19.087
1.6681,47.703,43.4,23.305,16.659
1.7475,41.851,38.034,20.318,14.54
1.8307,36.745,33.318,17.669,12.663
1.9179,32.277,29.179,15.343,11.013
2.0092,28.353,25.554,13.323,9.5776
2.1049,24.905,22.379,11.569,8.3295
2.2051,21.877,19.598,10.046,7.244
2.3101,19.176,17.129,8.6998,6.2843
2.4201,16.791,14.957,7.5244,5.4452
2.5354,14.703,13.06,6.5078,4.7181
2.6561,12.874,11.403,5.6285,4.088
2.7826,11.273,9.9566,4.868,3.5421
2.9151,9.8303,8.6673,4.1982,3.0606
3.0539,8.5593,7.5362,3.6167,2.6418
3.1993,7.4525,6.5528,3.1156,2.2803
3.3516,6.4889,5.6976,2.684,1.9683
3.5112,5.6498,4.954,2.3122,1.6989
3.6784,4.9328,4.3114,1.986,1.4622
3.8535,4.3102,3.7532,1.7044,1.2575
4.037,3.7662,3.2672,1.4627,1.0814
4.2292,3.2908,2.8441,1.2553,0.92996
4.4306,2.8754,2.4758,1.0773,0.79972
4.6416,2.5108,2.1537,0.92214,0.686
4.8626,2.1922,1.8732,0.78889,0.58813
5.0941,1.914,1.6293,0.67489,0.50421
5.3367,1.671,1.4171,0.57737,0.43227
5.5908,1.4589,1.2325,0.49394,0.37058
5.857,1.2732,1.0715,0.42177,0.31711
6.1359,1.111,0.93145,0.36006,0.27129
6.4281,0.96945,0.80971,0.30737,0.23208
6.7342,0.84594,0.70387,0.26239,0.19853
7.0548,0.73816,0.61186,0.22399,0.16983
7.3907,0.64395,0.53169,0.1909,0.14502
7.7426,0.56176,0.46201,0.16267,0.12381
8.1113,0.49005,0.40146,0.13862,0.1057
8.4975,0.42749,0.34884,0.11812,0.090243
8.9022,0.37291,0.30311,0.10065,0.077043
9.326,0.32525,0.2633,0.085601,0.065622
9.7701,0.28367,0.22872,0.072794,0.055891
10.235,0.2474,0.19867,0.061904,0.047602
10.723,0.21577,0.17257,0.052642,0.040541
11.233,0.18818,0.1499,0.044765,0.034526
11.768,0.1641,0.13021,0.038007,0.029347
12.328,0.1431,0.1131,0.03227,0.024944
12.915,0.12479,0.098238,0.027398,0.021202
13.53,0.10882,0.085328,0.023262,0.018021
14.175,0.094892,0.074117,0.019749,0.015315
14.85,0.082743,0.06439,0.01675,0.013
15.557,0.072149,0.05594,0.014207,0.011034
16.298,0.06291,0.048599,0.01205,0.0093653
17.074,0.054855,0.042221,0.01022,0.007949
17.886,0.04783,0.036681,0.0086678,0.0067462
18.738,0.041705,0.031877,0.0073477,0.0057217
19.63,0.036364,0.027702,0.0062286,0.0048528
20.565,0.031707,0.024074,0.0052799,0.0041158
21.544,0.027646,0.020921,0.0044757,0.0034907
22.57,0.024104,0.018182,0.0037938,0.0029604
23.645,0.021014,0.015802,0.0032154,0.0025101
24.771,0.018319,0.013734,0.0027252,0.0021282
25.95,0.01597,0.011937,0.0023097,0.0018045
27.186,0.013922,0.010375,0.0019575,0.00153
28.48,0.012136,0.0090168,0.0016591,0.0012973
29.836,0.010575,0.0078353,0.0014064,0.0011002
31.257,0.0092153,0.0068086,0.0011922,0.00093298
32.745,0.0080301,0.0059164,0.0010106,0.0007912
34.305,0.0069974,0.0051412,0.0008567,0.00067097
35.938,0.0060962,0.0044669,0.00072632,0.00056909
37.649,0.0053085,0.0038798,0.00061601,0.00048288
39.442,0.0046226,0.0033698,0.00052245,0.00040973
41.32,0.0040252,0.0029268,0.0004431,0.00034766
43.288,0.003505,0.0025421,0.0003758,0.00029499
45.349,0.0030509,0.0022072,0.00031881,0.00025037
47.508,0.0026535,0.001915,0.0002706,0.00021262
49.77,0.0023079,0.0016616,0.00022969,0.00018056
52.14,0.0020073,0.0014416,0.00019496,0.00015333
54.623,0.0017458,0.0012508,0.00016548,0.00013022
57.224,0.0015174,0.0010845,0.00014052,0.00011063
59.948,0.0013175,0.00093927,0.00011942,9.4057e-5
62.803,0.001144,0.00081349,0.00010149,7.9967e-5
65.793,0.00099326,0.00070455,8.6254e-5,6.7988e-5
68.926,0.00086241,0.0006102,7.3303e-5,5.7803e-5
72.208,0.00074876,0.00052831,6.2336e-5,4.9169e-5
75.646,0.00065004,0.00045721,5.3055e-5,4.1854e-5
79.248,0.00056433,0.00039567,4.5155e-5,3.5628e-5
83.022,0.00048992,0.00034242,3.8431e-5,3.0327e-5
86.975,0.00042533,0.00029633,3.2709e-5,2.5815e-5
91.116,0.00036932,0.00025639,2.7858e-5,2.1986e-5
95.455,0.00032075,0.00022177,2.3745e-5,1.8735e-5
100.0,0.00027857,0.00019182,2.0239e-5,1.5965e-5
1.0,196.43,180.72,100.69,71.377
1.0476,172.98,159.08,88.46,62.721
1.0975,152.33,140.04,77.713,55.114
1.1498,134.06,123.11,68.131,48.343
1.2045,117.9,108.1,59.619,42.334
1.2619,103.69,94.924,52.17,37.071
1.3219,91.196,83.351,45.651,32.463
1.3849,80.205,73.189,39.947,28.428
1.4508,70.437,64.191,34.878,24.844
1.5199,61.793,56.251,30.4,21.68
1.5923,54.209,49.293,26.498,18.918
1.6681,47.556,43.195,23.096,16.509
1.7475,41.719,37.852,20.131,14.406
1.8307,36.627,33.155,17.503,12.543
1.9179,32.172,29.034,15.196,10.906
2.0092,28.259,25.425,13.192,9.483
2.1049,24.822,22.264,11.453,8.2455
2.2051,21.803,19.496,9.9428,7.1694
2.3101,19.11,17.038,8.6087,6.2182
2.4201,16.732,14.876,7.4439,5.3867
2.5354,14.65,12.988,6.4367,4.6663
2.6561,12.827,11.339,5.5658,4.0423
2.7826,11.231,9.9002,4.8127,3.5017
2.9151,9.7929,8.6173,4.1495,3.025
3.0539,8.5259,7.4919,3.5739,2.6105
3.1993,7.4228,6.5135,3.078,2.2528
3.3516,6.4623,5.6628,2.651,1.944
3.5112,5.6261,4.9232,2.2832,1.6776
3.6784,4.9119,4.2843,1.9607,1.4436
3.8535,4.2918,3.7294,1.6822,1.2411
4.037,3.7499,3.2463,1.4434,1.0671
4.2292,3.2765,2.8258,1.2384,0.91742
4.4306,2.8628,2.4597,1.0625,0.78875
4.6416,2.4998,2.1396,0.90929,0.67643
4.8626,2.1824,1.8609,0.77772,0.5798
5.0941,1.9054,1.6185,0.66518,0.49696
5.3367,1.6635,1.4077,0.56893,0.42595
5.5908,1.4523,1.2243,0.4866,0.36509
5.857,1.2674,1.0643,0.41543,0.31235
6.1359,1.1059,0.92521,0.35457,0.26715
6.4281,0.96502,0.80427,0.30262,0.2285
6.7342,0.84206,0.69913,0.25829,0.19543
7.0548,0.73476,0.60773,0.22045,0.16715
7.3907,0.64098,0.5281,0.18784,0.1427
7.7426,0.55916,0.45888,0.16004,0.12181
8.1113,0.48777,0.39874,0.13635,0.10398
8.4975,0.4255,0.34647,0.11617,0.088757
8.9022,0.37117,0.30105,0.098975,0.075762
9.326,0.32372,0.26151,0.08416,0.064522
9.7701,0.28234,0.22716,0.071558,0.054945
10.235,0.24624,0.19732,0.060843,0.046789
10.723,0.21475,0.1714,0.051733,0.039844
11.233,0.18729,0.14888,0.043985,0.033927
11.768,0.16332,0.12932,0.03734,0.028834
12.328,0.14242,0.11233,0.031699,0.024505
12.915,0.12419,0.097568,0.02691,0.020826
13.53,0.1083,0.084746,0.022845,0.017699
14.175,0.094435,0.07361,0.019392,0.01504
14.85,0.082342,0.06395,0.016446,0.012765
15.557,0.071797,0.055557,0.013948,0.010834
16.298,0.062603,0.048265,0.011829,0.0091945
17.074,0.054585,0.041931,0.010032,0.0078033
17.886,0.047594,0.036429,0.008507,0.0066219
18.738,0.041498,0.031657,0.0072109,0.0056159
19.63,0.036182,0.027511,0.0061122,0.0047628
20.565,0.031547,0.023907,0.0051809,0.0040392
21.544,0.027506,0.020776,0.0043914,0.0034255
22.57,0.023981,0.018055,0.0037222,0.0029049
23.645,0.020905,0.015692,0.0031546,0.002463
24.771,0.018224,0.013638,0.0026735,0.0020883
25.95,0.015886,0.011853,0.0022658,0.0017705
27.186,0.013849,0.010301,0.0019203,0.0015012
28.48,0.012071,0.0089525,0.0016275,0.0012728
29.836,0.010518,0.007779,0.0013796,0.0010794
31.257,0.0091649,0.0067594,0.0011695,0.00091539
32.745,0.0079858,0.0058734,0.00099137,0.00077629
34.305,0.0069583,0.0051036,0.00084037,0.00065832
35.938,0.0060619,0.004434,0.00071248,0.00055837
37.649,0.0052782,0.0038509,0.00060429,0.0004738
39.442,0.0045958,0.0033445,0.00051252,0.00040204
41.32,0.0040016,0.0029047,0.0004347,0.00034114
43.288,0.0034843,0.0025228,0.00036868,0.00028947
45.349,0.0030326,0.0021902,0.00031278,0.0002457
47.508,0.0026374,0.0019002,0.00026551,0.00020866
49.77,0.0022936,0.0016485,0.00022537,0.00017721
52.14,0.0019947,0.0014302,0.00019131,0.0001505
54.623,0.0017347,0.0012408,0.00016239,0.00012782
57.224,0.0015076,0.0010757,0.00013791,0.0001086
59.948,0.0013089,0.00093158,0.00011722,9.2342e-5
62.803,0.0011364,0.00080674,9.9629e-5,7.8516e-5
65.793,0.00098655,0.00069863,8.4679e-5,6.676e-5
68.926,0.00085649,0.00060501,7.1972e-5,5.6765e-5
72.208,0.00074355,0.00052377,6.1211e-5,4.8291e-5
75.646,0.00064545,0.00045323,5.2104e-5,4.1112e-5
79.248,0.0005603,0.00039219,4.4352e-5,3.4999e-5
83.022,0.00048638,0.00033937,3.7753e-5,2.9796e-5
86.975,0.00042221,0.00029367,3.2136e-5,2.5366e-5
91.116,0.00036658,0.00025406,2.7374e-5,2.1606e-5
95.455,0.00031835,0.00021974,2.3336e-5,1.8414e-5
100.0,0.00027647,0.00019005,1.9894e-5,1.5693e-5
1.0,195.96,180.06,100.01,70.89
1.0476,172.56,158.49,87.848,62.281
1.0975,151.95,139.5,77.161,54.718
1.1498,133.71,122.63,67.634,47.986
1.2045,117.59,107.67,59.172,42.013
1.2619,103.41,94.534,51.768,36.783
1.3219,90.945,83.001,45.291,32.205
1.3849,79.98,72.874,39.624,28.196
1.4508,70.235,63.909,34.588,24.636
1.5199,61.612,55.999,30.142,21.494
1.5923,54.047,49.067,26.267,18.753
1.6681,47.411,42.994,22.891,16.361
1.7475,41.59,37.672,19.948,14.274
1.8307,36.512,32.995,17.34,12.425
1.9179,32.069,28.891,15.051,10.802
2.0092,28.167,25.297,13.064,9.3901
2.1049,24.74,22.151,11.339,8.163
2.2051,21.729,19.396,9.8416,7.0961
2.3101,19.044,16.949,8.5192,6.1533
2.4201,16.674,14.797,7.3649,5.3293
2.5354,14.598,12.918,6.3669,4.6156
2.6561,12.781,11.277,5.5042,3.9975
2.7826,11.189,9.8449,4.7584,3.4621
2.9151,9.7562,8.5683,4.1018,2.9902
3.0539,8.4931,7.4485,3.5319,2.5798
3.1993,7.3936,6.4751,3.0412,2.2258
3.3516,6.4363,5.6288,2.6187,1.9203
3.5112,5.6029,4.8931,2.2549,1.6567
3.6784,4.8914,4.2578,1.9359,1.4253
3.8535,4.2737,3.7061,1.6606,1.2251
4.037,3.734,3.2259,1.4244,1.0531
4.2292,3.2625,2.8078,1.2219,0.90518
4.4306,2.8504,2.444,1.0481,0.77805
4.6416,2.4889,2.1259,0.89675,0.6671
4.8626,2.1729,1.8489,0.76682,0.57167
5.0941,1.897,1.608,0.65571,0.48989
5.3367,1.6562,1.3985,0.5607,0.4198
5.5908,1.4459,1.2163,0.47946,0.35973
5.857,1.2617,1.0573,0.40925,0.3077
6.1359,1.101,0.91911,0.34922,0.26313
6.4281,0.96069,0.79896,0.298,0.22501
6.7342,0.83827,0.6945,0.25429,0.19241
7.0548,0.73144,0.6037,0.21699,0.16454
7.3907,0.63808,0.52459,0.18487,0.14045
7.7426,0.55662,0.45583,0.15748,0.11987
8.1113,0.48555,0.39609,0.13415,0.10231
8.4975,0.42356,0.34417,0.11428,0.087314
8.9022,0.36947,0.29905,0.097344,0.074518
9.326,0.32224,0.25977,0.082761,0.063453
9.7701,0.28104,0.22565,0.070359,0.054028
10.235,0.2451,0.19601,0.059815,0.046002
10.723,0.21376,0.17026,0.050851,0.039167
11.233,0.18642,0.14789,0.043228,0.033347
11.768,0.16256,0.12846,0.036693,0.028337
12.328,0.14175,0.11158,0.031146,0.02408
12.915,0.12361,0.096915,0.026438,0.020462
13.53,0.10779,0.084179,0.022441,0.017388
14.175,0.093988,0.073118,0.019047,0.014774
14.85,0.081951,0.063521,0.016152,0.012538
15.557,0.071454,0.055184,0.013697,0.01064
16.298,0.062302,0.047941,0.011615,0.0090292
17.074,0.054322,0.041648,0.0098492,0.0076623
17.886,0.047363,0.036183,0.0083515,0.0065017
18.738,0.041295,0.031443,0.0070786,0.0055137
19.63,0.036004,0.027324,0.0059997,0.0046758
20.565,0.031391,0.023745,0.0050852,0.0039652
21.544,0.027369,0.020634,0.0043101,0.0033626
22.57,0.023861,0.017931,0.003653,0.0028514
23.645,0.0208,0.015584,0.0030959,0.0024175
24.771,0.018131,0.013544,0.0026237,0.0020497
25.95,0.015805,0.011771,0.0022235,0.0017378
27.186,0.013777,0.01023,0.0018843,0.0014734
28.48,0.012008,0.0088898,0.001597,0.0012492
29.836,0.010462,0.0077243,0.0013538,0.0010594
31.257,0.0091158,0.0067115,0.0011476,0.00089843
32.745,0.0079425,0.0058315,0.0009728,0.00076191
34.305,0.0069202,0.0050669,0.00082463,0.00064614
35.938,0.0060283,0.0044019,0.00069914,0.00054805
37.649,0.0052486,0.0038228,0.000593,0.00046506
39.442,0.0045697,0.0033199,0.00050297,0.00039463
41.32,0.0039786,0.0028832,0.0004266,0.00033487
43.288,0.003464,0.0025039,0.00036183,0.00028416
45.349,0.0030147,0.0021737,0.00030698,0.0002412
47.508,0.0026216,0.0018857,0.0002606,0.00020486
49.77,0.0022797,0.0016358,0.00022123,0.00017399
52.14,0.0019824,0.0014191,0.0001878,0.00014778
54.623,0.0017239,0.001231,0.00015942,0.00012551
57.224,0.0014981,0.0010672,0.0001354,0.00010665
59.948,0.0013005,0.00092408,0.0001151,9.0692e-5
62.803,0.0011289,0.00080017,9.7837e-5,7.7121e-5
65.793,0.00098001,0.00069287,8.3164e-5,6.558e-5
68.926,0.00085072,0.00059996,7.0692e-5,5.5767e-5
72.208,0.00073846,0.00051934,6.013e-5,4.7447e-5
75.646,0.00064098,0.00044936,5.119e-5,4.0398e-5
79.248,0.00055636,0.0003888,4.358e-5,3.4395e-5
83.022,0.00048292,0.00033641,3.7101e-5,2.9285e-5
86.975,0.00041916,0.00029108,3.1586e-5,2.4934e-5
91.116,0.00036391,0.0002518,2.6909e-5,2.124e-5
95.455,0.00031601,0.00021776,2.2943e-5,1.8104e-5
100.0,0.00027442,0.00018833,1.9562e-5,1.5431e-5
1.0,195.49,179.41,99.344,70.408
1.0476,172.14,157.9,87.242,61.847
1.0975,151.57,138.97,76.615,54.327
1.1498,133.37,122.15,67.143,47.634
1.2045,117.29,107.24,58.73,41.697
1.2619,103.14,94.149,51.372,36.499
1.3219,90.698,82.655,44.936,31.95
1.3849,79.758,72.564,39.306,27.967
1.4508,70.036,63.631,34.304,24.432
1.5199,61.434,55.75,29.888,21.311
1.5923,53.888,48.845,26.04,18.59
1.6681,47.268,42.795,22.688,16.215
1.7475,41.462,37.494,19.767,14.144
1.8307,36.398,32.837,17.18,12.31
1.9179,31.968,28.75,14.908,10.699
2.0092,28.077,25.172,12.937,9.2988
2.1049,24.659,22.04,11.227,8.0819
2.2051,21.657,19.297,9.7423,7.0242
2.3101,18.98,16.861,8.4313,6.0896
2.4201,16.616,14.719,7.2873,5.273
2.5354,14.547,12.849,6.2985,4.5659
2.6561,12.735,11.216,5.4439,3.9535
2.7826,11.149,9.7907,4.7052,3.4233
2.9151,9.7202,8.5203,4.0551,2.956
3.0539,8.461,7.406,3.4909,2.5498
3.1993,7.3649,6.4374,3.0052,2.1994
3.3516,6.4108,5.5954,2.5871,1.8971
3.5112,5.5802,4.8635,2.2272,1.6364
3.6784,4.8713,4.2319,1.9117,1.4074
3.8535,4.256,3.6834,1.6394,1.2095
4.037,3.7184,3.2059,1.406,1.0394
4.2292,3.2487,2.7903,1.2058,0.89324
4.4306,2.8384,2.4286,1.0341,0.7676
4.6416,2.4783,2.1124,0.88452,0.65801
4.8626,2.1636,1.8372,0.7562,0.56375
5.0941,1.8889,1.5977,0.64649,0.483
5.3367,1.649,1.3895,0.55269,0.4138
5.5908,1.4396,1.2084,0.47251,0.35452
5.857,1.2562,1.0505,0.40323,0.30319
6.1359,1.0961,0.91317,0.34402,0.25922
6.4281,0.95646,0.79378,0.29351,0.22163
6.7342,0.83457,0.68999,0.25041,0.18948
7.0548,0.7282,0.59976,0.21364,0.162
7.3907,0.63524,0.52117,0.18198,0.13826
7.7426,0.55414,0.45286,0.155,0.11799
8.1113,0.48338,0.3935,0.13201,0.10068
8.4975,0.42166,0.34192,0.11244,0.085914
8.9022,0.36782,0.2971,0.095763,0.073311
9.326,0.32079,0.25808,0.081405,0.062417
9.7701,0.27977,0.22418,0.069196,0.053138
10.235,0.24399,0.19473,0.058818,0.045238
10.723,0.21279,0.16915,0.049996,0.038512
11.233,0.18557,0.14692,0.042496,0.032784
11.768,0.16182,0.12762,0.036067,0.027856
12.328,0.1411,0.11085,0.030611,0.023669
12.915,0.12304,0.09628,0.02598,0.02011
13.53,0.10729,0.083627,0.02205,0.017087
14.175,0.093552,0.072638,0.018713,0.014516
14.85,0.081569,0.063104,0.015867,0.012318
15.557,0.07112,0.054821,0.013454,0.010453
16.298,0.062009,0.047625,0.011408,0.0088695
17.074,0.054065,0.041373,0.009673,0.0075262
17.886,0.047138,0.035943,0.0082014,0.0063857
18.738,0.041097,0.031235,0.006951,0.005415
19.63,0.03583,0.027143,0.0058912,0.0045919
20.565,0.031238,0.023586,0.0049929,0.0038938
21.544,0.027235,0.020496,0.0042316,0.0033019
22.57,0.023743,0.017811,0.0035863,0.0027998
23.645,0.020696,0.015479,0.0030393,0.0023737
24.771,0.01804,0.013452,0.0025756,0.0020125
25.95,0.015725,0.011691,0.0021827,0.0017062
27.186,0.013706,0.01016,0.0018497,0.0014466
28.48,0.011946,0.0088289,0.0015677,0.0012265
29.836,0.010408,0.0076709,0.0013289,0.0010402
31.257,0.0090678,0.0066648,0.0011265,0.00088211
32.745,0.0079002,0.0057907,0.00095494,0.00074808
34.305,0.006883,0.0050312,0.00080949,0.00063441
35.938,0.0059955,0.0043707,0.00068631,0.00053811
37.649,0.0052197,0.0037955,0.00058214,0.00045665
39.442,0.0045442,0.003296,0.00049377,0.00038751
41.32,0.0039562,0.0028622,0.00041882,0.00032884
43.288,0.0034442,0.0024855,0.00035525,0.00027906
45.349,0.0029973,0.0021576,0.00030141,0.00023688
47.508,0.0026062,0.0018716,0.00025589,0.00020121
49.77,0.0022662,0.0016235,0.00021724,0.0001709
52.14,0.0019705,0.0014082,0.00018443,0.00014516
54.623,0.0017134,0.0012215,0.00015657,0.0001233
57.224,0.0014888,0.0010589,0.00013299,0.00010478
59.948,0.0012923,0.00091679,0.00011306,8.9108e-5
62.803,0.0011217,0.00079378,9.6116e-5,7.5781e-5
65.793,0.00097363,0.00068727,8.171e-5,6.4447e-5
68.926,0.0008451,0.00059505,6.9464e-5,5.4809e-5
72.208,0.00073351,0.00051504,5.9092e-5,4.6637e-5
75.646,0.00063662,0.0004456,5.0314e-5,3.9712e-5
79.248,0.00055253,0.00038551,4.284e-5,3.3816e-5
83.022,0.00047955,0.00033353,3.6476e-5,2.8795e-5
86.975,0.0004162,0.00028856,3.1057e-5,2.452e-5
91.116,0.00036131,0.0002496,2.6463e-5,2.089e-5
95.455,0.00031374,0.00021584,2.2566e-5,1.7808e-5
100.0,0.00027243,0.00018666,1.9243e-5,1.518e-5
1.0,195.03,178.76,98.68,69.932
1.0476,171.72,157.32,86.644,61.418
1.0975,151.2,138.45,76.076,53.94
1.1498,133.04,121.68,66.657,47.286
1.2045,116.98,106.82,58.295,41.384
1.2619,102.87,93.769,50.981,36.219
1.3219,90.454,82.313,44.585,31.698
1.3849,79.539,72.257,38.992,27.742
1.4508,69.84,63.357,34.023,24.23
1.5199,61.258,55.505,29.637,21.131
1.5923,53.731,48.626,25.817,18.429
1.6681,47.128,42.6,22.489,16.072
1.7475,41.337,37.32,19.59,14.016
1.8307,36.286,32.681,17.022,12.196
1.9179,31.868,28.612,14.768,10.598
2.0092,27.988,25.05,12.813,9.2091
2.1049,24.58,21.93,11.117,8.0023
2.2051,21.587,19.2,9.6447,6.9536
2.3101,18.917,16.775,8.3451,6.0271
2.4201,16.56,14.643,7.2113,5.2178
2.5354,14.497,12.781,6.2315,4.5171
2.6561,12.691,11.156,5.3848,3.9105
2.7826,11.11,9.7375,4.6531,3.3853
2.9151,9.6849,8.4732,4.0093,2.9226
3.0539,8.4296,7.3643,3.4507,2.5204
3.1993,7.3369,6.4005,2.97,2.1735
3.3516,6.3858,5.5628,2.5562,1.8744
3.5112,5.558,4.8347,2.2001,1.6164
3.6784,4.8517,4.2065,1.888,1.39
3.8535,4.2387,3.6611,1.6188,1.1943
4.037,3.7032,3.1864,1.388,1.0261
4.2292,3.2353,2.7732,1.19,0.88158
4.4306,2.8265,2.4135,1.0203,0.75742
4.6416,2.4679,2.0993,0.8726,0.64914
4.8626,2.1545,1.8257,0.74584,0.55603
5.0941,1.8809,1.5877,0.6375,0.47628
5.3367,1.642,1.3808,0.54489,0.40796
5.5908,1.4334,1.2008,0.46574,0.34944
5.857,1.2508,1.0438,0.39738,0.29879
6.1359,1.0914,0.90736,0.33897,0.25541
6.4281,0.95233,0.78872,0.28914,0.21833
6.7342,0.83095,0.68559,0.24664,0.18663
7.0548,0.72504,0.59593,0.21038,0.15953
7.3907,0.63248,0.51784,0.17918,0.13614
7.7426,0.55172,0.44997,0.15259,0.11615
8.1113,0.48127,0.39099,0.12994,0.099103
8.4975,0.41981,0.33973,0.11065,0.084555
8.9022,0.3662,0.2952,0.094228,0.072141
9.326,0.31937,0.25642,0.08009,0.061413
9.7701,0.27853,0.22274,0.068069,0.052276
10.235,0.24291,0.19348,0.057852,0.044498
10.723,0.21184,0.16806,0.049169,0.037877
11.233,0.18475,0.14598,0.041787,0.03224
11.768,0.16109,0.1268,0.035461,0.02739
12.328,0.14047,0.11014,0.030094,0.02327
12.915,0.12249,0.095662,0.025538,0.01977
13.53,0.1068,0.08309,0.021672,0.016796
14.175,0.093127,0.072171,0.01839,0.014268
14.85,0.081196,0.062697,0.015592,0.012106
15.557,0.070793,0.054467,0.01322,0.010272
16.298,0.061723,0.047317,0.011208,0.0087153
17.074,0.053814,0.041106,0.0095029,0.0073947
17.886,0.046918,0.035711,0.0080566,0.0062737
18.738,0.040904,0.031032,0.0068278,0.0053198
19.63,0.035661,0.026966,0.0057865,0.0045109
20.565,0.03109,0.023432,0.0049039,0.003825
21.544,0.027104,0.020362,0.004156,0.0032433
22.57,0.023629,0.017694,0.0035221,0.0027501
23.645,0.020595,0.015377,0.0029847,0.0023315
24.771,0.017951,0.013363,0.0025294,0.0019767
25.95,0.015647,0.011613,0.0021435,0.0016758
27.186,0.013638,0.010092,0.0018164,0.0014208
28.48,0.011886,0.0087695,0.0015394,0.0012046
29.836,0.010355,0.007619,0.001305,0.0010216
31.257,0.0090209,0.0066194,0.0011062,0.0008664
32.745,0.007859,0.005751,0.00093775,0.00073477
34.305,0.0068466,0.0049965,0.00079493,0.00062314
35.938,0.0059635,0.0043403,0.00067398,0.00052856
37.649,0.0051914,0.0037689,0.0005717,0.00044856
39.442,0.0045194,0.0032727,0.00048494,0.00038067
41.32,0.0039343,0.0028418,0.00041135,0.00032305
43.288,0.0034249,0.0024676,0.00034892,0.00027415
45.349,0.0029803,0.002142,0.00029606,0.00023273
47.508,0.0025912,0.0018579,0.00025136,0.00019769
49.77,0.0022529,0.0016114,0.00021341,0.00016793
52.14,0.0019588,0.0013977,0.00018119,0.00014265
54.623,0.0017031,0.0012123,0.00015384,0.00012117
57.224,0.0014798,0.0010508,0.00013068,0.00010298
59.948,0.0012843,0.0009097,0.00011111,8.7587e-5
62.803,0.0011147,0.00078756,9.4465e-5,7.4495e-5
65.793,0.00096742,0.00068182,8.0315e-5,6.336e-5
68.926,0.00083962,0.00059028,6.8285e-5,5.3889e-5
72.208,0.00072869,0.00051086,5.8096e-5,4.5859e-5
75.646,0.00063238,0.00044194,4.9473e-5,3.9055e-5
79.248,0.0005488,0.00038231,4.2129e-5,3.326e-5
83.022,0.00047627,0.00033073,3.5876e-5,2.8325e-5
86.975,0.00041332,0.00028611,3.0551e-5,2.4122e-5
91.116,0.00035878,0.00024746,2.6035e-5,2.0554e-5
95.455,0.00031152,0.00021398,2.2205e-5,1.7523e-5
100.0,0.00027048,0.00018503,1.8938e-5,1.494e-5
1.0,194.58,178.13,98.024,69.462
1.0476,171.31,156.75,86.052,60.994
1.0975,150.83,137.93,75.543,53.558
1.1498,132.7,121.22,66.178,46.943
1.2045,116.68,106.4,57.865,41.076
1.2619,102.6,93.393,50.596,35.942
1.3219,90.213,81.976,44.24,31.45
1.3849,79.322,71.955,38.682,27.52
1.4508,69.646,63.086,33.746,24.032
1.5199,61.085,55.263,29.39,20.954
1.5923,53.576,48.41,25.596,18.271
1.6681,46.99,42.407,22.292,15.931
1.7475,41.213,37.148,19.415,13.89
1.8307,36.176,32.528,16.866,12.084
1.9179,31.769,28.476,14.63,10.499
2.0092,27.9,24.929,12.691,9.1209
2.1049,24.502,21.823,11.008,7.924
2.2051,21.517,19.104,9.5488,6.8842
2.3101,18.855,16.69,8.2605,5.9657
2.4201,16.505,14.567,7.1366,5.1636
2.5354,14.448,12.714,6.1656,4.4692
2.6561,12.647,11.097,5.3268,3.8682
2.7826,11.071,9.6854,4.602,3.348
2.9151,9.6503,8.427,3.9644,2.8898
3.0539,8.3987,7.3234,3.4114,2.4916
3.1993,7.3094,6.3643,2.9355,2.1482
3.3516,6.3613,5.5307,2.526,1.8522
3.5112,5.5362,4.8063,2.1736,1.5969
3.6784,4.8324,4.1816,1.8648,1.3729
3.8535,4.2218,3.6392,1.5986,1.1793
4.037,3.6883,3.1672,1.3703,1.013
4.2292,3.2222,2.7564,1.1747,0.87018
4.4306,2.8149,2.3988,1.0069,0.74746
4.6416,2.4577,2.0864,0.86095,0.64047
4.8626,2.1456,1.8144,0.73573,0.5485
5.0941,1.8731,1.5779,0.62872,0.46973
5.3367,1.6351,1.3722,0.53728,0.40226
5.5908,1.4274,1.1933,0.45913,0.34449
5.857,1.2456,1.0373,0.39167,0.2945
6.1359,1.0868,0.90169,0.33403,0.2517
6.4281,0.94829,0.78378,0.28488,0.21512
6.7342,0.82742,0.68129,0.24296,0.18385
7.0548,0.72194,0.59219,0.20721,0.15713
7.3907,0.62977,0.51459,0.17645,0.13407
7.7426,0.54935,0.44714,0.15024,0.11437
8.1113,0.4792,0.38853,0.12792,0.097568
8.4975,0.418,0.3376,0.10892,0.083232
8.9022,0.36462,0.29334,0.092735,0.071002
9.326,0.31799,0.25481,0.07881,0.060435
9.7701,0.27732,0.22134,0.066973,0.051438
10.235,0.24185,0.19226,0.056913,0.043779
10.723,0.21092,0.167,0.048364,0.03726
11.233,0.18394,0.14506,0.041098,0.03171
11.768,0.16039,0.126,0.034873,0.026938
12.328,0.13985,0.10944,0.029591,0.022884
12.915,0.12194,0.095059,0.025108,0.019439
13.53,0.10633,0.082566,0.021305,0.016513
14.175,0.092712,0.071715,0.018077,0.014026
14.85,0.080832,0.062301,0.015325,0.0119
15.557,0.070474,0.054122,0.012992,0.010096
16.298,0.061443,0.047017,0.011015,0.0085657
17.074,0.053569,0.040844,0.009338,0.0072672
17.886,0.046703,0.035483,0.0079161,0.0061651
18.738,0.040715,0.030834,0.0067084,0.0052275
19.63,0.035495,0.026793,0.005685,0.0044324
20.565,0.030944,0.023282,0.0048177,0.0037583
21.544,0.026977,0.020231,0.0040827,0.0031866
22.57,0.023517,0.01758,0.0034598,0.0027019
23.645,0.020497,0.015277,0.0029319,0.0022907
24.771,0.017865,0.013276,0.0024845,0.001942
25.95,0.01557,0.011537,0.0021054,0.0016464
27.186,0.013571,0.010025,0.0017842,0.0013958
28.48,0.011827,0.0087116,0.0015121,0.0011835
29.836,0.010303,0.0075683,0.0012818,0.0010037
31.257,0.0089752,0.0065751,0.0010866,0.00085121
32.745,0.0078186,0.0057122,0.00092112,0.0007219
34.305,0.0068111,0.0049626,0.00078084,0.00061223
35.938,0.0059322,0.0043107,0.00066205,0.00051932
37.649,0.0051639,0.0037429,0.00056161,0.00044074
39.442,0.0044951,0.0032499,0.0004764,0.00037405
41.32,0.0039128,0.0028219,0.00040412,0.00031745
43.288,0.003406,0.0024502,0.00034281,0.00026941
45.349,0.0029637,0.0021267,0.00029088,0.00022872
47.508,0.0025766,0.0018445,0.00024699,0.0001943
49.77,0.00224,0.0015997,0.00020972,0.00016506
52.14,0.0019474,0.0013874,0.00017807,0.00014022
54.623,0.0016931,0.0012033,0.0001512,0.00011912
57.224,0.0014709,0.0010429,0.00012845,0.00010124
59.948,0.0012765,0.00090279,0.00010922,8.6119e-5
62.803,0.0011078,0.0007815,9.2871e-5,7.3254e-5
65.793,0.00096135,0.00067651,7.8969e-5,6.231e-5
68.926,0.00083428,0.00058563,6.7147e-5,5.3001e-5
72.208,0.00072398,0.00050679,5.7135e-5,4.5108e-5
75.646,0.00062824,0.00043838,4.8661e-5,3.842e-5
79.248,0.00054516,0.0003792,4.1444e-5,3.2723e-5
83.022,0.00047307,0.00032801,3.5297e-5,2.7871e-5
86.975,0.00041051,0.00028373,3.0062e-5,2.3738e-5
91.116,0.00035631,0.00024538,2.5622e-5,2.0229e-5
95.455,0.00030936,0.00021217,2.1856e-5,1.7248e-5
100.0,0.00026859,0.00018345,1.8643e-5,1.4707e-5
1.0,194.13,177.5,97.376,68.997
1.0476,170.91,156.18,85.469,60.575
1.0975,150.46,137.42,75.017,53.181
1.1498,132.37,120.76,65.706,46.604
1.2045,116.39,105.99,57.441,40.772
1.2619,102.33,93.023,50.215,35.67
1.3219,89.975,81.644,43.899,31.206
1.3849,79.109,71.657,38.377,27.301
1.4508,69.455,62.82,33.473,23.836
1.5199,60.914,55.025,29.147,20.779
1.5923,53.423,48.198,25.38,18.115
1.6681,46.853,42.217,22.099,15.792
1.7475,41.091,36.979,19.243,13.767
1.8307,36.067,32.378,16.714,11.974
1.9179,31.673,28.342,14.495,10.401
2.0092,27.814,24.81,12.571,9.0342
2.1049,24.425,21.717,10.902,7.8471
2.2051,21.449,19.01,9.4547,6.816
2.3101,18.794,16.607,8.1773,5.9055
2.4201,16.451,14.494,7.0633,5.1104
2.5354,14.4,12.649,6.1011,4.4223
2.6561,12.604,11.039,5.2699,3.8268
2.7826,11.033,9.6342,4.5519,3.3115
2.9151,9.6163,8.3816,3.9204,2.8576
3.0539,8.3684,7.2833,3.3728,2.4633
3.1993,7.2824,6.3288,2.9017,2.1234
3.3516,6.3373,5.4993,2.4963,1.8304
3.5112,5.5148,4.7786,2.1476,1.5778
3.6784,4.8135,4.1572,1.8422,1.3562
3.8535,4.2051,3.6179,1.5788,1.1647
4.037,3.6736,3.1485,1.3531,1.0003
4.2292,3.2093,2.74,1.1596,0.85904
4.4306,2.8036,2.3844,0.99384,0.73774
4.6416,2.4478,2.0738,0.84958,0.632
4.8626,2.1368,1.8035,0.72586,0.54114
5.0941,1.8654,1.5683,0.62016,0.46333
5.3367,1.6284,1.3638,0.52985,0.3967
5.5908,1.4215,1.186,0.45269,0.33966
5.857,1.2404,1.031,0.3861,0.29032
6.1359,1.0823,0.89615,0.32923,0.24809
6.4281,0.94434,0.77896,0.28073,0.21199
6.7342,0.82396,0.67709,0.23938,0.18115
7.0548,0.71892,0.58853,0.20411,0.15479
7.3907,0.62713,0.51141,0.17379,0.13205
7.7426,0.54704,0.44438,0.14795,0.11264
8.1113,0.47718,0.38613,0.12595,0.096074
8.4975,0.41623,0.33551,0.10723,0.081946
8.9022,0.36307,0.29153,0.091284,0.069895
9.326,0.31664,0.25324,0.077567,0.059486
9.7701,0.27614,0.21997,0.065908,0.050623
10.235,0.24082,0.19107,0.056001,0.04308
10.723,0.21001,0.16597,0.047583,0.036661
11.233,0.18315,0.14417,0.040428,0.031197
11.768,0.15969,0.12522,0.034301,0.026499
12.328,0.13925,0.10876,0.029103,0.022508
12.915,0.12141,0.094471,0.024692,0.019118
13.53,0.10586,0.082054,0.020949,0.016239
14.175,0.092306,0.071271,0.017773,0.013792
14.85,0.080476,0.061914,0.015066,0.0117
15.557,0.070162,0.053786,0.012772,0.0099261
16.298,0.061169,0.046724,0.010827,0.0084208
17.074,0.053329,0.04059,0.0091781,0.0071437
17.886,0.046493,0.035262,0.00778,0.0060599
18.738,0.040531,0.030641,0.0065928,0.0051381
19.63,0.035333,0.026625,0.0055868,0.0043564
20.565,0.030802,0.023136,0.0047342,0.0036937
21.544,0.026852,0.020103,0.0040118,0.0031318
22.57,0.023407,0.017469,0.0033996,0.0026553
23.645,0.0204,0.01518,0.0028808,0.0022511
24.771,0.01778,0.013191,0.0024412,0.0019085
25.95,0.015496,0.011463,0.0020687,0.001618
27.186,0.013505,0.0099608,0.001753,0.0013717
28.48,0.011769,0.0086551,0.0014856,0.001163
29.836,0.010252,0.0075189,0.0012594,0.00098635
31.257,0.0089304,0.0065319,0.0010676,0.00083653
32.745,0.0077793,0.0056744,0.00090506,0.00070946
34.305,0.0067764,0.0049295,0.00076724,0.0006017
35.938,0.0059016,0.0042818,0.00065054,0.0005104
37.649,0.005137,0.0037176,0.00055186,0.00043319
39.442,0.0044713,0.0032278,0.00046816,0.00036766
41.32,0.0038919,0.0028025,0.00039715,0.00031204
43.288,0.0033876,0.0024332,0.00033691,0.00026484
45.349,0.0029474,0.0021118,0.00028589,0.00022485
47.508,0.0025623,0.0018315,0.00024277,0.00019103
49.77,0.0022274,0.0015883,0.00020615,0.00016229
52.14,0.0019363,0.0013774,0.00017505,0.00013788
54.623,0.0016833,0.0011946,0.00014865,0.00011714
57.224,0.0014623,0.0010352,0.00012629,9.957e-5
59.948,0.0012689,0.00089606,0.0001074,8.4703e-5
62.803,0.0011011,0.00077561,9.1334e-5,7.2056e-5
65.793,0.00095544,0.00067134,7.767e-5,6.1298e-5
68.926,0.00082906,0.0005811,6.6051e-5,5.2146e-5
72.208,0.00071939,0.00050282,5.6209e-5,4.4385e-5
75.646,0.00062421,0.00043491,4.7879e-5,3.7808e-5
79.248,0.00054162,0.00037616,4.0783e-5,3.2206e-5
83.022,0.00046995,0.00032536,3.4739e-5,2.7433e-5
86.975,0.00040777,0.00028141,2.9591e-5,2.3368e-5
91.116,0.00035391,0.00024335,2.5224e-5,1.9916e-5
95.455,0.00030725,0.0002104,2.152e-5,1.6984e-5
100.0,0.00026675,0.00018191,1.8359e-5,1.4483e-5
1.0,193.68,176.88,96.736,68.538
1.0476,170.51,155.62,84.892,60.161
1.0975,150.1,136.92,74.498,52.809
1.1498,132.05,120.3,65.239,46.269
1.2045,116.1,105.58,57.022,40.472
1.2619,102.07,92.657,49.84,35.401
1.3219,89.741,81.316,43.563,30.965
1.3849,78.899,71.363,38.076,27.085
1.4508,69.267,62.557,33.204,23.643
1.5199,60.746,54.791,28.907,20.607
1.5923,53.273,47.988,25.166,17.961
1.6681,46.719,42.031,21.909,15.655
1.7475,40.971,36.812,19.074,13.645
1.8307,35.96,32.23,16.563,11.866
1.9179,31.578,28.211,14.362,10.305
2.0092,27.729,24.693,12.453,8.949
2.1049,24.349,21.614,10.797,7.7716
2.2051,21.382,18.918,9.3622,6.7491
2.3101,18.735,16.526,8.0957,5.8463
2.4201,16.398,14.421,6.9914,5.0581
2.5354,14.352,12.585,6.0377,4.3762
2.6561,12.562,10.983,5.2141,3.7862
2.7826,10.995,9.584,4.5028,3.2757
2.9151,9.5829,8.3372,3.8773,2.8261
3.0539,8.3387,7.2439,3.335,2.4357
3.1993,7.2559,6.294,2.8686,2.0992
3.3516,6.3137,5.4686,2.4674,1.8091
3.5112,5.4938,4.7514,2.1223,1.5592
3.6784,4.795,4.1333,1.82,1.3399
3.8535,4.1889,3.597,1.5595,1.1505
4.037,3.6593,3.1301,1.3362,0.98782
4.2292,3.1967,2.7239,1.145,0.84816
4.4306,2.7925,2.3704,0.98105,0.72824
4.6416,2.438,2.0615,0.83847,0.62374
4.8626,2.1283,1.7927,0.71623,0.53396
5.0941,1.8579,1.5589,0.6118,0.45709
5.3367,1.6219,1.3556,0.5226,0.39129
5.5908,1.4158,1.1788,0.44641,0.33495
5.857,1.2354,1.0247,0.38068,0.28625
6.1359,1.0779,0.89074,0.32455,0.24456
6.4281,0.94048,0.77425,0.27669,0.20895
6.7342,0.82058,0.67299,0.23589,0.17852
7.0548,0.71596,0.58497,0.20111,0.15251
7.3907,0.62454,0.50831,0.1712,0.13009
7.7426,0.54478,0.44168,0.14573,0.11095
8.1113,0.4752,0.38379,0.12404,0.094621
8.4975,0.41451,0.33348,0.10559,0.080696
8.9022,0.36156,0.28976,0.089874,0.068819
9.326,0.31532,0.2517,0.076359,0.058563
9.7701,0.27498,0.21864,0.064873,0.049832
10.235,0.23981,0.18992,0.055115,0.042402
10.723,0.20913,0.16497,0.046824,0.03608
11.233,0.18237,0.14329,0.039779,0.030698
11.768,0.15902,0.12446,0.033747,0.026073
12.328,0.13865,0.10811,0.028629,0.022144
12.915,0.1209,0.093897,0.024288,0.018807
13.53,0.10541,0.081556,0.020604,0.015973
14.175,0.091909,0.070838,0.017479,0.013565
14.85,0.080129,0.061537,0.014816,0.011507
15.557,0.069857,0.053458,0.012559,0.0097613
16.298,0.060902,0.046439,0.010645,0.0082805
17.074,0.053095,0.040342,0.0090235,0.0070242
17.886,0.046288,0.035046,0.0076484,0.0059581
18.738,0.040351,0.030453,0.006481,0.0050516
19.63,0.035175,0.026461,0.0054918,0.004283
20.565,0.030663,0.022993,0.0046535,0.0036313
21.544,0.02673,0.019979,0.0039432,0.0030787
22.57,0.0233,0.01736,0.0033413,0.0026102
23.645,0.020306,0.015085,0.0028314,0.0022129
24.771,0.017697,0.013108,0.0023994,0.0018761
25.95,0.015423,0.01139,0.0020332,0.0015905
27.186,0.013441,0.0098978,0.0017229,0.0013484
28.48,0.011713,0.0086001,0.0014601,0.0011432
29.836,0.010202,0.0074708,0.0012378,0.00096962
31.257,0.0088868,0.0064898,0.0010493,0.00082236
32.745,0.0077408,0.0056376,0.00088957,0.00069746
34.305,0.0067426,0.0048973,0.00075412,0.00059153
35.938,0.0058718,0.0042536,0.00063943,0.0005018
37.649,0.0051107,0.0036929,0.00054247,0.00042591
39.442,0.0044482,0.0032062,0.00046021,0.0003615
41.32,0.0038715,0.0027836,0.00039042,0.00030683
43.288,0.0033696,0.0024167,0.00033122,0.00026043
45.349,0.0029316,0.0020973,0.00028108,0.00022112
47.508,0.0025483,0.0018188,0.0002387,0.00018787
49.77,0.0022151,0.0015772,0.00020271,0.00015963
52.14,0.0019255,0.0013677,0.00017215,0.00013563
54.623,0.0016737,0.001186,0.00014619,0.00011523
57.224,0.0014539,0.0010277,0.00012422,9.7957e-5
59.948,0.0012615,0.00088951,0.00010565,8.334e-5
62.803,0.0010945,0.00076986,8.9854e-5,7.0904e-5
65.793,0.00094967,0.00066631,7.6421e-5,6.0323e-5
68.926,0.00082398,0.00057669,6.4995e-5,5.1322e-5
72.208,0.00071492,0.00049897,5.5318e-5,4.3688e-5
75.646,0.00062027,0.00043153,4.7126e-5,3.7219e-5
79.248,0.00053816,0.00037321,4.0148e-5,3.1707e-5
83.022,0.00046691,0.00032278,3.4202e-5,2.7012e-5
86.975,0.0004051,0.00027916,2.9138e-5,2.3012e-5
91.116,0.00035157,0.00024139,2.4841e-5,1.9615e-5
95.455,0.0003052,0.00020869,2.1196e-5,1.6729e-5
100.0,0.00026495,0.00018042,1.8086e-5,1.4267e-5
1.0,193.24,176.27,96.104,68.084
1.0476,170.11,155.07,84.322,59.753
1.0975,149.75,136.42,73.985,52.441
1.1498,131.73,119.86,64.779,45.939
1.2045,115.81,105.18,56.61,40.176
1.2619,101.81,92.297,49.471,35.136
1.3219,89.51,80.993,43.232,30.727
1.3849,78.692,71.074,37.78,26.872
1.4508,69.082,62.298,32.94,23.453
1.5199,60.58,54.56,28.671,20.438
1.5923,53.125,47.782,24.956,17.81
1.6681,46.587,41.847,21.722,15.52
1.7475,40.853,36.649,18.907,13.525
1.8307,35.855,32.084,16.416,11.759
1.9179,31.484,28.081,14.231,10.21
2.0092,27.646,24.578,12.337,8.8653
2.1049,24.275,21.512,10.695,7.6974
2.2051,21.316,18.828,9.2715,6.6833
2.3101,18.676,16.445,8.0157,5.7882
2.4201,16.346,14.35,6.9209,5.0069
2.5354,14.306,12.522,5.9756,4.331
2.6561,12.521,10.927,5.1595,3.7464
2.7826,10.958,9.5347,4.4548,3.2406
2.9151,9.5502,8.2936,3.8351,2.7953
3.0539,8.3095,7.2054,3.2981,2.4086
3.1993,7.23,6.2599,2.8362,2.0754
3.3516,6.2906,5.4385,2.439,1.7883
3.5112,5.4732,4.7248,2.0974,1.5409
3.6784,4.7769,4.11,1.7984,1.3239
3.8535,4.1729,3.5765,1.5406,1.1365
4.037,3.6453,3.1122,1.3198,0.97566
4.2292,3.1843,2.7082,1.1306,0.83755
4.4306,2.7816,2.3566,0.96858,0.71898
4.6416,2.4285,2.0495,0.82765,0.61569
4.8626,2.12,1.7822,0.70684,0.52696
5.0941,1.8506,1.5498,0.60366,0.45101
5.3367,1.6154,1.3477,0.51555,0.386
5.5908,1.4102,1.1719,0.44029,0.33036
5.857,1.2305,1.0187,0.3754,0.28228
6.1359,1.0736,0.88546,0.31999,0.24113
6.4281,0.93671,0.76966,0.27276,0.20598
6.7342,0.81728,0.66899,0.2325,0.17595
7.0548,0.71308,0.58149,0.19818,0.1503
7.3907,0.62202,0.50529,0.16869,0.12819
7.7426,0.54257,0.43906,0.14357,0.10931
8.1113,0.47327,0.38151,0.12219,0.093211
8.4975,0.41282,0.33149,0.10399,0.079482
8.9022,0.36009,0.28804,0.088505,0.067775
9.326,0.31403,0.2502,0.075187,0.057668
9.7701,0.27386,0.21734,0.06387,0.049065
10.235,0.23882,0.18879,0.054256,0.041744
10.723,0.20827,0.16399,0.046089,0.035516
11.233,0.18162,0.14244,0.03915,0.030215
11.768,0.15836,0.12372,0.03321,0.02566
12.328,0.13808,0.10746,0.028171,0.021792
12.915,0.12039,0.093339,0.023897,0.018506
13.53,0.10497,0.081071,0.020271,0.015716
14.175,0.091522,0.070416,0.017194,0.013345
14.85,0.079789,0.061171,0.014573,0.01132
15.557,0.06956,0.053139,0.012352,0.009602
16.298,0.060642,0.046162,0.01047,0.0081448
17.074,0.052867,0.0401,0.0088739,0.0069087
17.886,0.046088,0.034836,0.0075211,0.0058598
18.738,0.040175,0.030269,0.0063729,0.004968
19.63,0.035021,0.026301,0.0054,0.004212
20.565,0.030528,0.022854,0.0045756,0.003571
21.544,0.026611,0.019858,0.003877,0.0030275
22.57,0.023196,0.017255,0.0032851,0.0025667
23.645,0.020215,0.014993,0.0027838,0.002176
24.771,0.017616,0.013028,0.002359,0.0018448
25.95,0.015352,0.01132,0.001999,0.001564
27.186,0.013379,0.0098364,0.0016939,0.0013259
28.48,0.011658,0.0085465,0.0014355,0.0011242
29.836,0.010154,0.0074239,0.001217,0.00095349
31.257,0.0088442,0.0064488,0.0010317,0.0008087
32.745,0.0077033,0.0056018,0.00087464,0.0006859
34.305,0.0067095,0.004866,0.00074149,0.00058175
35.938,0.0058427,0.0042262,0.00062873,0.00049351
37.649,0.005085,0.0036689,0.00053342,0.0004189
39.442,0.0044256,0.0031852,0.00045256,0.00035557
41.32,0.0038517,0.0027652,0.00038395,0.00030182
43.288,0.0033521,0.0024006,0.00032575,0.00025619
45.349,0.0029162,0.0020832,0.00027646,0.00021753
47.508,0.0025347,0.0018064,0.00023479,0.00018484
49.77,0.0022031,0.0015664,0.00019941,0.00015706
52.14,0.0019149,0.0013582,0.00016936,0.00013346
54.623,0.0016644,0.0011777,0.00014383,0.0001134
57.224,0.0014457,0.0010205,0.00012223,9.6406e-5
59.948,0.0012543,0.00088314,0.00010396,8.2028e-5
62.803,0.0010882,0.00076428,8.8432e-5,6.9795e-5
65.793,0.00094406,0.00066142,7.5219e-5,5.9386e-5
68.926,0.00081904,0.00057241,6.3981e-5,5.053e-5
72.208,0.00071056,0.00049521,5.4461e-5,4.3019e-5
75.646,0.00061645,0.00042825,4.6403e-5,3.6653e-5
79.248,0.0005348,0.00037035,3.9537e-5,3.1229e-5
83.022,0.00046396,0.00032027,3.3687e-5,2.6607e-5
86.975,0.0004025,0.00027696,2.8702e-5,2.267e-5
91.116,0.00034929,0.00023947,2.4474e-5,1.9325e-5
95.455,0.00030321,0.00020702,2.0885e-5,1.6484e-5
100.0,0.00026321,0.00017896,1.7823e-5,1.406e-5
1.0,192.81,175.66,95.479,67.636
1.0476,169.72,154.52,83.76,59.35
1.0975,149.39,135.93,73.48,52.079
1.1498,131.41,119.41,64.325,45.614
1.2045,115.53,104.78,56.202,39.884
1.2619,101.56,91.941,49.106,34.874
1.3219,89.282,80.674,42.905,30.493
1.3849,78.487,70.788,37.488,26.663
1.4508,68.899,62.043,32.679,23.266
1.5199,60.417,54.332,28.439,20.271
1.5923,52.979,47.579,24.749,17.662
1.6681,46.457,41.666,21.538,15.388
1.7475,40.737,36.487,18.744,13.407
1.8307,35.752,31.941,16.27,11.655
1.9179,31.392,27.954,14.102,10.118
2.0092,27.564,24.465,12.223,8.7831
2.1049,24.202,21.411,10.594,7.6246
2.2051,21.251,18.739,9.1824,6.6188
2.3101,18.618,16.367,7.9371,5.7313
2.4201,16.294,14.281,6.8517,4.9567
2.5354,14.26,12.461,5.9148,4.2868
2.6561,12.48,10.872,5.1059,3.7074
2.7826,10.922,9.4864,4.4076,3.2062
2.9151,9.5182,8.2509,3.7938,2.7651
3.0539,8.281,7.1676,3.2619,2.3822
3.1993,7.2045,6.2265,2.8045,2.0522
3.3516,6.268,5.409,2.4113,1.768
3.5112,5.4531,4.6987,2.0732,1.5231
3.6784,4.7592,4.0871,1.7772,1.3083
3.8535,4.1573,3.5565,1.5222,1.1229
4.037,3.6315,3.0947,1.3037,0.96378
4.2292,3.1722,2.6928,1.1167,0.82718
4.4306,2.771,2.3431,0.95641,0.70994
4.6416,2.4192,2.0378,0.81709,0.60783
4.8626,2.1118,1.772,0.69768,0.52013
5.0941,1.8434,1.5409,0.59573,0.44508
5.3367,1.6092,1.3399,0.50867,0.38086
5.5908,1.4047,1.1651,0.43434,0.3259
5.857,1.2256,1.0128,0.37026,0.27842
6.1359,1.0694,0.88031,0.31555,0.2378
6.4281,0.93303,0.76518,0.26893,0.2031
6.7342,0.81406,0.66509,0.2292,0.17346
7.0548,0.71026,0.5781,0.19534,0.14815
7.3907,0.61955,0.50234,0.16625,0.12633
7.7426,0.54042,0.4365,0.14147,0.10772
8.1113,0.47139,0.37928,0.12039,0.09184
8.4975,0.41118,0.32956,0.10244,0.078304
8.9022,0.35865,0.28636,0.087176,0.066761
9.326,0.31277,0.24875,0.07405,0.056799
9.7701,0.27276,0.21607,0.062897,0.04832
10.235,0.23786,0.18769,0.053423,0.041107
10.723,0.20743,0.16303,0.045377,0.034969
11.233,0.18089,0.14161,0.03854,0.029747
11.768,0.15772,0.123,0.03269,0.02526
12.328,0.13751,0.10684,0.027727,0.02145
12.915,0.1199,0.092795,0.023518,0.018214
13.53,0.10454,0.080598,0.019947,0.015467
14.175,0.091145,0.070005,0.016918,0.013132
14.85,0.079459,0.060813,0.014339,0.011139
15.557,0.06927,0.052828,0.012153,0.0094479
16.298,0.060388,0.045891,0.0103,0.0080136
17.074,0.052644,0.039865,0.0087294,0.0067969
17.886,0.045892,0.034631,0.0073981,0.0057647
18.738,0.040004,0.030091,0.0062685,0.0048873
19.63,0.034871,0.026146,0.0053114,0.0041434
20.565,0.030396,0.022718,0.0045003,0.0035128
21.544,0.026495,0.01974,0.0038131,0.0029781
22.57,0.023094,0.017152,0.0032309,0.0025248
23.645,0.020125,0.014903,0.0027378,0.0021405
24.771,0.017538,0.012949,0.00232,0.0018146
25.95,0.015283,0.011252,0.0019659,0.0015384
27.186,0.013318,0.0097767,0.0016659,0.0013043
28.48,0.011604,0.0084943,0.0014118,0.0011058
29.836,0.010107,0.0073783,0.0011969,0.00093794
31.257,0.0088026,0.0064089,0.0010147,0.00079554
32.745,0.0076667,0.0055669,0.00086026,0.00067476
34.305,0.0066773,0.0048355,0.00072931,0.00057231
35.938,0.0058144,0.0041995,0.00061843,0.00048553
37.649,0.00506,0.0036456,0.00052471,0.00041215
39.442,0.0044036,0.0031647,0.00044519,0.00034986
41.32,0.0038322,0.0027473,0.00037772,0.00029699
43.288,0.003335,0.0023849,0.00032048,0.0002521
45.349,0.0029011,0.0020695,0.000272,0.00021408
47.508,0.0025214,0.0017944,0.00023103,0.00018192
49.77,0.0021915,0.0015558,0.00019623,0.00015459
52.14,0.0019046,0.001349,0.00016667,0.00013137
54.623,0.0016554,0.0011697,0.00014156,0.00011163
57.224,0.0014377,0.0010134,0.00012031,9.4914e-5
59.948,0.0012472,0.00087694,0.00010235,8.0767e-5
62.803,0.001082,0.00075885,8.7064e-5,6.8729e-5
65.793,0.00093859,0.00065667,7.4064e-5,5.8485e-5
68.926,0.00081422,0.00056824,6.3006e-5,4.9768e-5
72.208,0.00070632,0.00049157,5.3637e-5,4.2375e-5
75.646,0.00061272,0.00042507,4.5707e-5,3.6108e-5
79.248,0.00053152,0.00036756,3.8949e-5,3.0768e-5
83.022,0.00046108,0.00031784,3.3191e-5,2.6218e-5
86.975,0.00039998,0.00027484,2.8284e-5,2.2341e-5
91.116,0.00034707,0.00023762,2.412e-5,1.9047e-5
95.455,0.00030127,0.0002054,2.0587e-5,1.6248e-5
100.0,0.00026151,0.00017755,1.7571e-5,1.3861e-5
1.0,192.38,175.06,94.862,67.194
1.0476,169.33,153.98,83.205,58.952
1.0975,149.05,135.44,72.98,51.721
1.1498,131.1,118.98,63.876,45.292
1.2045,115.25,104.39,55.801,39.596
1.2619,101.31,91.59,48.746,34.616
1.3219,89.056,80.36,42.584,30.262
1.3849,78.286,70.507,37.2,26.456
1.4508,68.719,61.791,32.422,23.082
1.5199,60.256,54.108,28.21,20.107
1.5923,52.835,47.379,24.546,17.515
1.6681,46.329,41.488,21.357,15.258
1.7475,40.623,36.329,18.582,13.291
1.8307,35.65,31.799,16.128,11.552
1.9179,31.301,27.829,13.976,10.026
2.0092,27.483,24.354,12.111,8.7022
2.1049,24.131,21.313,10.495,7.553
2.2051,21.187,18.651,9.0949,6.5555
2.3101,18.561,16.289,7.86,5.6753
2.4201,16.244,14.212,6.7838,4.9074
2.5354,14.216,12.4,5.855,4.2433
2.6561,12.44,10.819,5.0533,3.6691
2.7826,10.887,9.439,4.3614,3.1725
2.9151,9.4867,8.209,3.7533,2.7355
3.0539,8.2529,7.1306,3.2264,2.3562
3.1993,7.1796,6.1938,2.7735,2.0294
3.3516,6.2458,5.38,2.3841,1.748
3.5112,5.4334,4.6732,2.0494,1.5056
3.6784,4.7417,4.0647,1.7565,1.293
3.8535,4.142,3.5368,1.5041,1.1096
4.037,3.6181,3.0775,1.288,0.95215
4.2292,3.1604,2.6778,1.103,0.81704
4.4306,2.7606,2.3299,0.94451,0.7011
4.6416,2.4101,2.0263,0.80676,0.60015
4.8626,2.1038,1.762,0.68874,0.51346
5.0941,1.8364,1.5321,0.58798,0.4393
5.3367,1.603,1.3322,0.50196,0.37584
5.5908,1.3993,1.1584,0.42852,0.32154
5.857,1.2209,1.007,0.36524,0.27465
6.1359,1.0653,0.87527,0.31123,0.23454
6.4281,0.92943,0.76079,0.2652,0.20029
6.7342,0.81091,0.66128,0.22598,0.17103
7.0548,0.7075,0.57478,0.19257,0.14605
7.3907,0.61714,0.49946,0.16386,0.12453
7.7426,0.53831,0.434,0.13943,0.10616
8.1113,0.46955,0.37711,0.11863,0.090506
8.4975,0.40957,0.32767,0.10094,0.077156
8.9022,0.35724,0.28472,0.085883,0.065775
9.326,0.31154,0.24732,0.072943,0.055954
9.7701,0.27168,0.21484,0.06195,0.047596
10.235,0.23692,0.18661,0.052613,0.040486
10.723,0.20661,0.1621,0.044683,0.034438
11.233,0.18017,0.1408,0.037947,0.029292
11.768,0.15709,0.1223,0.032184,0.024871
12.328,0.13696,0.10623,0.027296,0.021118
12.915,0.11942,0.092264,0.02315,0.017931
13.53,0.10412,0.080137,0.019633,0.015225
14.175,0.090775,0.069604,0.01665,0.012926
14.85,0.079135,0.060464,0.014111,0.010963
15.557,0.068986,0.052525,0.011959,0.0092982
16.298,0.060139,0.045627,0.010135,0.0078862
17.074,0.052426,0.039635,0.0085891,0.0066885
17.886,0.045701,0.034431,0.0072788,0.0056724
18.738,0.039836,0.029917,0.0061672,0.004809
19.63,0.034723,0.025994,0.0052254,0.0040769
20.565,0.030267,0.022586,0.0044273,0.0034563
21.544,0.026382,0.019625,0.0037512,0.0029301
22.57,0.022994,0.017051,0.0031783,0.0024841
23.645,0.020037,0.014816,0.0026933,0.002106
24.771,0.01746,0.012873,0.0022822,0.0017854
25.95,0.015215,0.011185,0.0019339,0.0015137
27.186,0.013258,0.0097183,0.0016388,0.0012833
28.48,0.011552,0.0084434,0.0013888,0.001088
29.836,0.010061,0.0073338,0.0011775,0.00092289
31.257,0.0087619,0.00637,0.00099826,0.0007828
32.745,0.0076309,0.0055328,0.00084633,0.00066398
34.305,0.0066458,0.0048057,0.00071753,0.00056319
35.938,0.0057866,0.0041734,0.00060846,0.00047781
37.649,0.0050356,0.0036228,0.00051628,0.00040562
39.442,0.004382,0.0031448,0.00043806,0.00034434
41.32,0.0038133,0.0027298,0.0003717,0.00029231
43.288,0.0033183,0.0023696,0.00031538,0.00024815
45.349,0.0028864,0.0020561,0.0002677,0.00021073
47.508,0.0025085,0.0017827,0.00022739,0.00017909
49.77,0.00218,0.0015456,0.00019316,0.0001522
52.14,0.0018946,0.00134,0.00016407,0.00012935
54.623,0.0016465,0.0011618,0.00013937,0.00010993
57.224,0.0014299,0.0010065,0.00011845,9.3472e-5
59.948,0.0012403,0.0008709,0.00010078,7.9548e-5
62.803,0.0010759,0.00075356,8.5742e-5,6.7698e-5
65.793,0.00093325,0.00065203,7.2948e-5,5.7614e-5
68.926,0.00080951,0.00056418,6.2063e-5,4.9032e-5
72.208,0.00070218,0.00048801,5.2841e-5,4.1752e-5
75.646,0.00060908,0.00042196,4.5035e-5,3.5582e-5
79.248,0.00052832,0.00036484,3.8382e-5,3.0323e-5
83.022,0.00045827,0.00031546,3.2712e-5,2.5842e-5
86.975,0.00039751,0.00027276,2.7879e-5,2.2023e-5
91.116,0.00034491,0.00023581,2.3778e-5,1.8778e-5
95.455,0.00029938,0.00020382,2.0298e-5,1.6021e-5
100.0,0.00025986,0.00017618,1.7327e-5,1.3668e-5
1.0,191.96,174.47,94.253,66.757
1.0476,168.95,153.45,82.657,58.559
1.0975,148.7,134.96,72.487,51.367
1.1498,130.79,118.55,63.434,44.975
1.2045,114.97,104.0,55.405,39.312
1.2619,101.06,91.244,48.392,34.362
1.3219,88.834,80.05,42.266,30.035
1.3849,78.087,70.229,36.916,26.253
1.4508,68.541,61.543,32.169,22.9
1.5199,60.097,53.887,27.985,19.945
1.5923,52.694,47.182,24.345,17.371
1.6681,46.202,41.312,21.179,15.129
1.7475,40.51,36.172,18.424,13.177
1.8307,35.55,31.661,15.987,11.45
1.9179,31.212,27.706,13.851,9.9365
2.0092,27.404,24.245,12.001,8.6227
2.1049,24.06,21.216,10.398,7.4826
2.2051,21.124,18.566,9.009,6.4932
2.3101,18.506,16.213,7.7842,5.6204
2.4201,16.194,14.145,6.7172,4.8589
2.5354,14.172,12.34,5.7964,4.2006
2.6561,12.401,10.766,5.0018,3.6315
2.7826,10.852,9.3925,4.3161,3.1394
2.9151,9.4558,8.1679,3.7136,2.7065
3.0539,8.2254,7.0942,3.1917,2.3307
3.1993,7.1551,6.1617,2.7431,2.0071
3.3516,6.224,5.3517,2.3575,1.7285
3.5112,5.414,4.6481,2.0262,1.4885
3.6784,4.7247,4.0427,1.7362,1.2781
3.8535,4.127,3.5176,1.4865,1.0966
4.037,3.6049,3.0606,1.2727,0.94078
4.2292,3.1488,2.663,1.0896,0.80713
4.4306,2.7504,2.317,0.93288,0.69246
4.6416,2.4011,2.015,0.79668,0.59264
4.8626,2.0959,1.7521,0.68,0.50695
5.0941,1.8295,1.5235,0.58041,0.43364
5.3367,1.597,1.3248,0.49541,0.37093
5.5908,1.394,1.1519,0.42285,0.31729
5.857,1.2163,1.0013,0.36035,0.27097
6.1359,1.0612,0.87035,0.30701,0.23137
6.4281,0.9259,0.75651,0.26157,0.19755
6.7342,0.80782,0.65756,0.22285,0.16867
7.0548,0.7048,0.57154,0.18986,0.14401
7.3907,0.61478,0.49665,0.16155,0.12277
7.7426,0.53625,0.43155,0.13744,0.10465
8.1113,0.46775,0.37499,0.11692,0.089206
8.4975,0.40799,0.32583,0.099471,0.076039
8.9022,0.35587,0.28312,0.084625,0.064815
9.326,0.31034,0.24593,0.071867,0.055131
9.7701,0.27063,0.21363,0.061029,0.046892
10.235,0.236,0.18557,0.051826,0.039883
10.723,0.2058,0.16119,0.04401,0.033921
11.233,0.17946,0.14001,0.037371,0.028849
11.768,0.15647,0.12161,0.031693,0.024494
12.328,0.13642,0.10563,0.026877,0.020796
12.915,0.11894,0.091745,0.022792,0.017656
13.53,0.1037,0.079686,0.019329,0.01499
14.175,0.090414,0.069213,0.01639,0.012725
14.85,0.078818,0.060124,0.01389,0.010792
15.557,0.068709,0.052228,0.011771,0.0091531
16.298,0.059896,0.045369,0.009975,0.0077626
17.074,0.052213,0.039411,0.0084531,0.0065834
17.886,0.045514,0.034236,0.0071632,0.005583
18.738,0.039672,0.029747,0.0060691,0.004733
19.63,0.034579,0.025846,0.0051421,0.0040125
20.565,0.03014,0.022457,0.0043566,0.0034016
21.544,0.026271,0.019512,0.0036912,0.0028837
22.57,0.022897,0.016953,0.0031274,0.0024447
23.645,0.019952,0.01473,0.0026501,0.0020726
24.771,0.017385,0.012798,0.0022457,0.0017571
25.95,0.015149,0.01112,0.001903,0.0014897
27.186,0.0132,0.0096614,0.0016125,0.0012629
28.48,0.0115,0.0083937,0.0013666,0.0010708
29.836,0.010015,0.0072903,0.0011587,0.00090833
31.257,0.0087222,0.006332,0.00098235,0.00077048
32.745,0.0075959,0.0054996,0.00083287,0.00065355
34.305,0.006615,0.0047766,0.00070613,0.00055436
35.938,0.0057595,0.004148,0.00059882,0.00047034
37.649,0.0050117,0.0036005,0.00050813,0.0003993
39.442,0.004361,0.0031253,0.00043118,0.000339
41.32,0.0037948,0.0027128,0.00036587,0.0002878
43.288,0.003302,0.0023547,0.00031046,0.00024433
45.349,0.002872,0.0020431,0.00026354,0.00020751
47.508,0.0024958,0.0017712,0.00022388,0.00017636
49.77,0.0021689,0.0015356,0.00019019,0.0001499
52.14,0.0018848,0.0013312,0.00016156,0.0001274
54.623,0.0016379,0.0011541,0.00013725,0.00010828
57.224,0.0014223,0.00099979,0.00011666,9.2079e-5
59.948,0.0012336,0.00086501,9.9269e-5,7.8371e-5
62.803,0.00107,0.0007484,8.4466e-5,6.6703e-5
65.793,0.00092804,0.00064751,7.1871e-5,5.6773e-5
68.926,0.00080492,0.00056022,6.1153e-5,4.8321e-5
72.208,0.00069814,0.00048455,5.2073e-5,4.1152e-5
75.646,0.00060553,0.00041893,4.4387e-5,3.5074e-5
79.248,0.00052521,0.0003622,3.7834e-5,2.9894e-5
83.022,0.00045553,0.00031315,3.2249e-5,2.5479e-5
86.975,0.0003951,0.00027074,2.7489e-5,2.1716e-5
91.116,0.0003428,0.00023404,2.3449e-5,1.8518e-5
95.455,0.00029753,0.00020229,2.0019e-5,1.5801e-5
100.0,0.00025824,0.00017484,1.7091e-5,1.3482e-5
1.0,191.54,173.88,93.652,66.325
1.0476,168.57,152.92,82.116,58.17
1.0975,148.36,134.49,72.001,51.018
1.1498,130.49,118.12,62.997,44.662
1.2045,114.7,103.62,55.014,39.032
1.2619,100.82,90.902,48.042,34.111
1.3219,88.615,79.744,41.953,29.81
1.3849,77.891,69.955,36.637,26.052
1.4508,68.366,61.299,31.92,22.721
1.5199,59.941,53.669,27.763,19.785
1.5923,52.554,46.988,24.148,17.229
1.6681,46.078,41.139,21.003,15.003
1.7475,40.399,36.018,18.268,13.065
1.8307,35.451,31.524,15.849,11.351
1.9179,31.124,27.585,13.729,9.8483
2.0092,27.326,24.137,11.893,8.5446
2.1049,23.991,21.121,10.302,7.4135
2.2051,21.063,18.481,8.9245,6.432
2.3101,18.451,16.138,7.7098,5.5664
2.4201,16.146,14.079,6.6517,4.8114
2.5354,14.128,12.282,5.7388,4.1588
2.6561,12.363,10.714,4.9512,3.5946
2.7826,10.818,9.3469,4.2717,3.107
2.9151,9.4254,8.1276,3.6747,2.678
3.0539,8.1984,7.0586,3.1576,2.3058
3.1993,7.131,6.1302,2.7133,1.9853
3.3516,6.2026,5.3239,2.3315,1.7093
3.5112,5.395,4.6236,2.0034,1.4717
3.6784,4.7079,4.0212,1.7164,1.2635
3.8535,4.1122,3.4987,1.4692,1.0838
4.037,3.5919,3.0441,1.2577,0.92967
4.2292,3.1374,2.6486,1.0765,0.79745
4.4306,2.7404,2.3044,0.92152,0.68402
4.6416,2.3924,2.004,0.78683,0.58532
4.8626,2.0883,1.7425,0.67148,0.50059
5.0941,1.8228,1.5152,0.57303,0.42813
5.3367,1.5911,1.3175,0.48902,0.36615
5.5908,1.3888,1.1455,0.41732,0.31314
5.857,1.2118,0.99577,0.35558,0.26739
6.1359,1.0573,0.86554,0.3029,0.22827
6.4281,0.92245,0.75233,0.25803,0.19488
6.7342,0.80481,0.65392,0.2198,0.16636
7.0548,0.70216,0.56838,0.18724,0.14202
7.3907,0.61248,0.4939,0.15929,0.12106
7.7426,0.53424,0.42917,0.1355,0.10318
8.1113,0.46599,0.37291,0.11526,0.087943
8.4975,0.40645,0.32403,0.098046,0.074953
8.9022,0.35452,0.28155,0.083401,0.063881
9.326,0.30916,0.24458,0.07082,0.054332
9.7701,0.2696,0.21245,0.060134,0.046207
10.235,0.2351,0.18454,0.051061,0.039297
10.723,0.20502,0.1603,0.043356,0.03342
11.233,0.17878,0.13924,0.036812,0.02842
11.768,0.15587,0.12094,0.031216,0.024127
12.328,0.1359,0.10505,0.02647,0.020483
12.915,0.11848,0.09124,0.022446,0.017389
13.53,0.1033,0.079247,0.019033,0.014762
14.175,0.090061,0.068831,0.016139,0.012531
14.85,0.078509,0.059792,0.013676,0.010627
15.557,0.068438,0.051939,0.011589,0.0090124
16.298,0.059658,0.045118,0.00982,0.007643
17.074,0.052004,0.039192,0.0083213,0.0064816
17.886,0.045332,0.034046,0.0070512,0.0054964
18.738,0.039512,0.029581,0.005974,0.0046595
19.63,0.034438,0.025702,0.0050614,0.0039501
20.565,0.030017,0.022331,0.0042882,0.0033486
21.544,0.026162,0.019402,0.0036331,0.0028388
22.57,0.022801,0.016858,0.0030782,0.0024065
23.645,0.019868,0.014647,0.0026084,0.0020403
24.771,0.017311,0.012725,0.0022104,0.0017298
25.95,0.015084,0.011056,0.001873,0.0014665
27.186,0.013143,0.0096059,0.0015872,0.0012433
28.48,0.01145,0.0083452,0.0013451,0.0010542
29.836,0.0099713,0.0072479,0.0011405,0.00089426
31.257,0.0086833,0.0062949,0.00096698,0.00075857
32.745,0.0075617,0.0054672,0.00081987,0.00064347
34.305,0.0065849,0.0047483,0.00069513,0.00054584
35.938,0.005733,0.0041232,0.00058952,0.00046313
37.649,0.0049884,0.0035788,0.00050027,0.00039321
39.442,0.0043404,0.0031063,0.00042453,0.00033384
41.32,0.0037767,0.0026961,0.00036026,0.00028344
43.288,0.0032861,0.0023401,0.00030571,0.00024065
45.349,0.002858,0.0020303,0.00025952,0.00020439
47.508,0.0024835,0.0017601,0.00022049,0.00017373
49.77,0.002158,0.0015258,0.00018732,0.00014767
52.14,0.0018752,0.0013227,0.00015914,0.00012552
54.623,0.0016294,0.0011466,0.00013521,0.00010669
57.224,0.0014149,0.00099323,0.00011494,9.0735e-5
59.948,0.0012271,0.00085927,9.7811e-5,7.7235e-5
62.803,0.0010642,0.00074337,8.3236e-5,6.5744e-5
65.793,0.00092295,0.0006431,7.0832e-5,5.5962e-5
68.926,0.00080045,0.00055636,6.0276e-5,4.7636e-5
72.208,0.0006942,0.00048118,5.1333e-5,4.0572e-5
75.646,0.00060207,0.00041598,4.3761e-5,3.4584e-5
79.248,0.00052217,0.00035962,3.7307e-5,2.948e-5
83.022,0.00045287,0.0003109,3.1804e-5,2.5129e-5
86.975,0.00039276,0.00026877,2.7113e-5,2.142e-5
91.116,0.00034075,0.00023233,2.3131e-5,1.8268e-5
95.455,0.00029574,0.00020079,1.9751e-5,1.5589e-5
100.0,0.00025667,0.00017354,1.6865e-5,1.3303e-5
1.0,191.12,173.3,93.057,65.899
1.0476,168.2,152.4,81.581,57.787
1.0975,148.03,134.02,71.52,50.674
1.1498,130.19,117.7,62.567,44.353
1.2045,114.43,103.25,54.628,38.755
1.2619,100.58,90.565,47.697,33.863
1.3219,88.399,79.442,41.645,29.589
1.3849,77.697,69.685,36.361,25.854
1.4508,68.193,61.058,31.675,22.544
1.5199,59.787,53.454,27.545,19.628
1.5923,52.417,46.797,23.954,17.089
1.6681,45.955,40.969,20.831,14.879
1.7475,40.29,35.867,18.115,12.954
1.8307,35.354,31.39,15.713,11.253
1.9179,31.038,27.465,13.609,9.7615
2.0092,27.249,24.032,11.787,8.4678
2.1049,23.923,21.027,10.209,7.3456
2.2051,21.002,18.398,8.8417,6.372
2.3101,18.397,16.065,7.6369,5.5135
2.4201,16.098,14.014,6.5876,4.7648
2.5354,14.086,12.225,5.6824,4.1177
2.6561,12.325,10.664,4.9017,3.5585
2.7826,10.785,9.3021,4.2282,3.0752
2.9151,9.3957,8.088,3.6366,2.6502
3.0539,8.1719,7.0237,3.1243,2.2814
3.1993,7.1075,6.0994,2.6842,1.9639
3.3516,6.1816,5.2966,2.306,1.6906
3.5112,5.3764,4.5995,1.9812,1.4553
3.6784,4.6915,4.0001,1.697,1.2492
3.8535,4.0978,3.4803,1.4524,1.0713
4.037,3.5793,3.028,1.243,0.91882
4.2292,3.1263,2.6345,1.0638,0.78799
4.4306,2.7306,2.2921,0.91043,0.67579
4.6416,2.3838,1.9932,0.77723,0.57817
4.8626,2.0808,1.7331,0.66316,0.49439
5.0941,1.8162,1.507,0.56583,0.42275
5.3367,1.5853,1.3103,0.48279,0.36149
5.5908,1.3838,1.1393,0.41193,0.3091
5.857,1.2074,0.99037,0.35093,0.2639
6.1359,1.0534,0.86084,0.2989,0.22526
6.4281,0.91908,0.74824,0.25458,0.19228
6.7342,0.80186,0.65037,0.21683,0.16412
7.0548,0.69958,0.56529,0.18468,0.14008
7.3907,0.61023,0.49122,0.15709,0.1194
7.7426,0.53227,0.42684,0.13362,0.10175
8.1113,0.46427,0.37089,0.11365,0.086714
8.4975,0.40495,0.32228,0.09666,0.073898
8.9022,0.35321,0.28003,0.082213,0.062975
9.326,0.30801,0.24325,0.069805,0.053556
9.7701,0.2686,0.2113,0.059266,0.045543
10.235,0.23422,0.18355,0.050318,0.038728
10.723,0.20425,0.15944,0.042721,0.032933
11.233,0.17811,0.13849,0.03627,0.028003
11.768,0.15528,0.12029,0.030753,0.023772
12.328,0.13538,0.10448,0.026076,0.02018
12.915,0.11803,0.090747,0.02211,0.01713
13.53,0.10291,0.078819,0.018747,0.014541
14.175,0.089717,0.068459,0.015895,0.012343
14.85,0.078207,0.059468,0.013468,0.010467
15.557,0.068173,0.051658,0.011412,0.0088762
16.298,0.059426,0.044873,0.0096701,0.0075271
17.074,0.051801,0.038979,0.0081939,0.0063831
17.886,0.045153,0.03386,0.0069428,0.0054126
18.738,0.039355,0.02942,0.0058821,0.0045885
19.63,0.034301,0.025561,0.0049835,0.0038898
20.565,0.029896,0.022208,0.0042221,0.0032975
21.544,0.026056,0.019296,0.003577,0.0027953
22.57,0.022708,0.016765,0.0030306,0.0023697
23.645,0.019786,0.014565,0.0025681,0.0020091
24.771,0.017239,0.012654,0.0021762,0.0017033
25.95,0.015021,0.010994,0.0018441,0.0014441
27.186,0.013087,0.0095518,0.0015627,0.0012244
28.48,0.011401,0.0082979,0.0013244,0.0010382
29.836,0.0099282,0.0072066,0.001123,0.00088068
31.257,0.0086454,0.0062587,0.00095215,0.00074708
32.745,0.0075283,0.0054356,0.00080732,0.00063375
34.305,0.0065555,0.0047207,0.00068452,0.00053761
35.938,0.0057071,0.0040991,0.00058055,0.00045617
37.649,0.0049656,0.0035577,0.00049269,0.00038733
39.442,0.0043204,0.0030878,0.00041812,0.00032887
41.32,0.003759,0.0026799,0.00035484,0.00027924
43.288,0.0032705,0.002326,0.00030114,0.0002371
45.349,0.0028443,0.0020179,0.00025566,0.00020139
47.508,0.0024714,0.0017492,0.00021722,0.00017119
49.77,0.0021474,0.0015163,0.00018456,0.00014553
52.14,0.0018659,0.0013144,0.00015681,0.00012371
54.623,0.0016212,0.0011393,0.00013324,0.00010516
57.224,0.0014076,0.00098685,0.00011328,8.9441e-5
59.948,0.0012207,0.00085368,9.6408e-5,7.6141e-5
62.803,0.0010586,0.00073847,8.2051e-5,6.4819e-5
65.793,0.000918,0.00063882,6.9832e-5,5.5181e-5
68.926,0.00079608,0.00055261,5.9432e-5,4.6975e-5
72.208,0.00069037,0.00047789,5.062e-5,4.0014e-5
75.646,0.0005987,0.00041311,4.316e-5,3.4112e-5
79.248,0.00051921,0.00035712,3.6798e-5,2.9081e-5
83.022,0.00045026,0.00030871,3.1375e-5,2.4792e-5
86.975,0.00039048,0.00026686,2.6751e-5,2.1135e-5
91.116,0.00033875,0.00023066,2.2825e-5,1.8027e-5
95.455,0.00029399,0.00019934,1.9492e-5,1.5385e-5
100.0,0.00025514,0.00017227,1.6646e-5,1.3131e-5
1.0,190.71,172.73,92.47,65.477
1.0476,167.83,151.89,81.054,57.409
1.0975,147.7,133.56,71.046,50.334
1.1498,129.89,117.29,62.142,44.048
1.2045,114.16,102.87,54.248,38.482
1.2619,100.34,90.233,47.357,33.619
1.3219,88.186,79.145,41.341,29.371
1.3849,77.507,69.419,36.09,25.659
1.4508,68.022,60.821,31.433,22.371
1.5199,59.635,53.243,27.33,19.474
1.5923,52.282,46.609,23.762,16.952
1.6681,45.835,40.802,20.661,14.757
1.7475,40.183,35.718,17.964,12.845
1.8307,35.258,31.257,15.579,11.156
1.9179,30.953,27.348,13.491,9.6762
2.0092,27.174,23.928,11.682,8.3924
2.1049,23.856,20.935,10.116,7.2788
2.2051,20.943,18.317,8.7603,6.313
2.3101,18.344,15.993,7.5652,5.4615
2.4201,16.051,13.95,6.5246,4.719
2.5354,14.044,12.168,5.6271,4.0775
2.6561,12.288,10.614,4.8531,3.5231
2.7826,10.752,9.2582,4.1855,3.0441
2.9151,9.3665,8.0492,3.5992,2.6228
3.0539,8.1459,6.9894,3.0916,2.2575
3.1993,7.0843,6.0691,2.6556,1.943
3.3516,6.1611,5.2699,2.2811,1.6723
3.5112,5.3581,4.576,1.9594,1.4393
3.6784,4.6754,3.9795,1.6781,1.2352
3.8535,4.0837,3.4623,1.4359,1.0592
4.037,3.5668,3.0122,1.2287,0.90821
4.2292,3.1154,2.6207,1.0513,0.77875
4.4306,2.721,2.28,0.8996,0.66774
4.6416,2.3754,1.9827,0.76785,0.57119
4.8626,2.0734,1.724,0.65504,0.48834
5.0941,1.8098,1.499,0.55881,0.41751
5.3367,1.5797,1.3034,0.47671,0.35694
5.5908,1.3789,1.1333,0.40668,0.30516
5.857,1.2031,0.98509,0.3464,0.2605
6.1359,1.0496,0.85625,0.295,0.22233
6.4281,0.91578,0.74425,0.25122,0.18974
6.7342,0.79897,0.6469,0.21394,0.16193
7.0548,0.69706,0.56227,0.18219,0.1382
7.3907,0.60802,0.4886,0.15496,0.11778
7.7426,0.53034,0.42456,0.13178,0.10036
8.1113,0.46258,0.36892,0.11208,0.08552
8.4975,0.40348,0.32056,0.095314,0.072872
8.9022,0.35192,0.27854,0.081058,0.062094
9.326,0.30689,0.24196,0.068818,0.052802
9.7701,0.26762,0.21018,0.058423,0.044898
10.235,0.23337,0.18257,0.049597,0.038176
10.723,0.2035,0.15859,0.042105,0.03246
11.233,0.17745,0.13776,0.035743,0.027599
11.768,0.15471,0.11965,0.030305,0.023427
12.328,0.13488,0.10393,0.025694,0.019886
12.915,0.11759,0.090266,0.021784,0.016879
13.53,0.10252,0.078401,0.018469,0.014327
14.175,0.08938,0.068096,0.015658,0.01216
14.85,0.077912,0.059152,0.013267,0.010312
15.557,0.067914,0.051383,0.011241,0.0087443
16.298,0.059199,0.044634,0.0095249,0.0074149
17.074,0.051602,0.038771,0.0080704,0.0062877
17.886,0.044979,0.03368,0.006838,0.0053315
18.738,0.039202,0.029262,0.0057932,0.0045197
19.63,0.034167,0.025424,0.004908,0.0038314
20.565,0.029778,0.022089,0.0041581,0.003248
21.544,0.025953,0.019191,0.0035227,0.0027533
22.57,0.022618,0.016674,0.0029846,0.0023341
23.645,0.019706,0.014486,0.0025292,0.0019789
24.771,0.017169,0.012585,0.0021432,0.0016778
25.95,0.014959,0.010934,0.0018162,0.0014225
27.186,0.013033,0.009499,0.001539,0.001206
28.48,0.011354,0.0082518,0.0013044,0.0010227
29.836,0.0098862,0.0071663,0.001106,0.00086756
31.257,0.0086084,0.0062235,0.00093783,0.00073599
32.745,0.0074957,0.0054048,0.00079522,0.00062437
34.305,0.0065268,0.0046937,0.00067428,0.00052968
35.938,0.0056819,0.0040755,0.00057189,0.00044946
37.649,0.0049434,0.0035371,0.00048537,0.00038166
39.442,0.0043008,0.0030697,0.00041194,0.00032408
41.32,0.0037418,0.0026642,0.00034962,0.00027519
43.288,0.0032554,0.0023122,0.00029672,0.00023367
45.349,0.002831,0.0020059,0.00025193,0.00019849
47.508,0.0024597,0.0017386,0.00021407,0.00016875
49.77,0.002137,0.001507,0.0001819,0.00014346
52.14,0.0018567,0.0013063,0.00015457,0.00012196
54.623,0.0016132,0.0011322,0.00013134,0.00010368
57.224,0.0014006,0.00098064,0.00011168,8.8194e-5
59.948,0.0012145,0.00084823,9.5056e-5,7.5087e-5
62.803,0.0010531,0.00073371,8.091e-5,6.3929e-5
65.793,0.00091317,0.00063464,6.8868e-5,5.4428e-5
68.926,0.00079183,0.00054895,5.8619e-5,4.6339e-5
72.208,0.00068662,0.0004747,4.9934e-5,3.9477e-5
75.646,0.00059541,0.00041032,4.258e-5,3.3658e-5
79.248,0.00051632,0.00035467,3.6309e-5,2.8697e-5
83.022,0.00044773,0.00030658,3.0962e-5,2.4467e-5
86.975,0.00038825,0.000265,2.6402e-5,2.086e-5
91.116,0.0003368,0.00022903,2.2531e-5,1.7795e-5
95.455,0.00029228,0.00019793,1.9243e-5,1.5189e-5
100.0,0.00025365,0.00017104,1.6436e-5,1.2964e-5
1.0,190.31,172.17,91.89,65.061
1.0476,167.47,151.38,80.532,57.034
1.0975,147.37,133.1,70.578,49.998
1.1498,129.6,116.88,61.722,43.747
1.2045,113.9,102.51,53.872,38.213
1.2619,100.1,89.904,47.021,33.378
1.3219,87.976,78.851,41.041,29.156
1.3849,77.318,69.156,35.822,25.467
1.4508,67.854,60.586,31.194,22.199
1.5199,59.485,53.034,27.118,19.321
1.5923,52.148,46.423,23.574,16.816
1.6681,45.716,40.637,20.493,14.636
1.7475,40.077,35.571,17.815,12.738
1.8307,35.164,31.127,15.448,11.061
1.9179,30.869,27.233,13.375,9.5922
2.0092,27.099,23.825,11.58,8.3181
2.1049,23.789,20.844,10.026,7.2131
2.2051,20.884,18.236,8.6802,6.255
2.3101,18.292,15.922,7.4947,5.4103
2.4201,16.005,13.887,6.4627,4.674
2.5354,14.003,12.113,5.5727,4.0379
2.6561,12.252,10.565,4.8053,3.4883
2.7826,10.72,9.215,4.1436,3.0135
2.9151,9.3377,8.0111,3.5625,2.596
3.0539,8.1203,6.9557,3.0596,2.234
3.1993,7.0616,6.0394,2.6276,1.9224
3.3516,6.1409,5.2437,2.2567,1.6543
3.5112,5.3402,4.5528,1.938,1.4236
3.6784,4.6596,3.9592,1.6595,1.2215
3.8535,4.0698,3.4445,1.4197,1.0472
4.037,3.5546,2.9967,1.2146,0.89781
4.2292,3.1047,2.6071,1.0391,0.7697
4.4306,2.7116,2.2681,0.889,0.65987
4.6416,2.3672,1.9724,0.75867,0.56435
4.8626,2.0662,1.715,0.6471,0.48242
5.0941,1.8035,1.4912,0.55194,0.41237
5.3367,1.5742,1.2965,0.47077,0.35249
5.5908,1.374,1.1273,0.40154,0.30131
5.857,1.1988,0.97991,0.34198,0.25718
6.1359,1.0459,0.85175,0.29119,0.21946
6.4281,0.91254,0.74034,0.24794,0.18727
6.7342,0.79615,0.6435,0.21111,0.1598
7.0548,0.69459,0.55932,0.17976,0.13636
7.3907,0.60586,0.48603,0.15287,0.1162
7.7426,0.52846,0.42234,0.13,0.099005
8.1113,0.46094,0.36699,0.11054,0.084355
8.4975,0.40204,0.31889,0.094,0.071871
8.9022,0.35067,0.27709,0.079932,0.061235
9.326,0.30579,0.2407,0.067855,0.052067
9.7701,0.26665,0.20908,0.0576,0.044269
10.235,0.23253,0.18162,0.048895,0.037638
10.723,0.20276,0.15776,0.041505,0.032
11.233,0.17681,0.13704,0.035231,0.027205
11.768,0.15415,0.11903,0.029868,0.023091
12.328,0.13439,0.10338,0.025322,0.019599
12.915,0.11716,0.089795,0.021467,0.016635
13.53,0.10215,0.077992,0.018199,0.014119
14.175,0.08905,0.067741,0.015428,0.011983
14.85,0.077622,0.058843,0.013072,0.010161
15.557,0.067661,0.051114,0.011075,0.008616
16.298,0.058977,0.0444,0.0093837,0.0073058
17.074,0.051407,0.038568,0.0079504,0.0061949
17.886,0.044808,0.033503,0.006736,0.0052527
18.738,0.039052,0.029108,0.0057067,0.0044528
19.63,0.034035,0.025289,0.0048347,0.0037747
20.565,0.029662,0.021972,0.0040959,0.0031999
21.544,0.025851,0.019089,0.00347,0.0027125
22.57,0.022528,0.016585,0.0029399,0.0022995
23.645,0.019628,0.014408,0.0024913,0.0019496
24.771,0.0171,0.012517,0.0021112,0.001653
25.95,0.014898,0.010875,0.0017891,0.0014015
27.186,0.01298,0.0094474,0.0015161,0.0011883
28.48,0.011307,0.0082067,0.0012849,0.0010076
29.836,0.0098449,0.0071268,0.0010896,0.00085483
31.257,0.0085721,0.006189,0.00092394,0.00072523
32.745,0.0074638,0.0053746,0.00078347,0.00061527
34.305,0.0064987,0.0046674,0.00066435,0.00052198
35.938,0.0056571,0.0040525,0.00056349,0.00044295
37.649,0.0049216,0.0035169,0.00047828,0.00037615
39.442,0.0042816,0.0030521,0.00040595,0.00031943
41.32,0.0037249,0.0026487,0.00034455,0.00027126
43.288,0.0032405,0.0022987,0.00029244,0.00023035
45.349,0.0028179,0.001994,0.00024831,0.00019569
47.508,0.0024481,0.0017283,0.00021102,0.00016638
49.77,0.0021269,0.001498,0.00017933,0.00014145
52.14,0.0018478,0.0012983,0.00015239,0.00012027
54.623,0.0016053,0.0011253,0.0001295,0.00010225
57.224,0.0013936,0.00097456,0.00011012,8.6985e-5
59.948,0.0012084,0.00084291,9.3746e-5,7.4066e-5
62.803,0.0010477,0.00072905,7.9804e-5,6.3065e-5
65.793,0.00090844,0.00063056,6.7935e-5,5.3699e-5
68.926,0.00078767,0.00054538,5.7831e-5,4.5723e-5
72.208,0.00068296,0.00047157,4.9268e-5,3.8956e-5
75.646,0.0005922,0.00040759,4.2018e-5,3.3217e-5
79.248,0.0005135,0.00035229,3.5835e-5,2.8324e-5
83.022,0.00044525,0.00030449,3.0561e-5,2.4152e-5
86.975,0.00038608,0.00026318,2.6064e-5,2.0594e-5
91.116,0.00033489,0.00022745,2.2245e-5,1.757e-5
95.455,0.00029061,0.00019654,1.9002e-5,1.4998e-5
100.0,0.00025219,0.00016984,1.6232e-5,1.2803e-5
1.0,189.91,171.61,91.316,64.649
1.0476,167.11,150.88,80.016,56.664
1.0975,147.05,132.65,70.115,49.666
1.1498,129.31,116.47,61.307,43.449
1.2045,113.64,102.14,53.501,37.946
1.2619,99.869,89.579,46.69,33.14
1.3219,87.767,78.56,40.745,28.943
1.3849,77.132,68.897,35.557,25.277
1.4508,67.688,60.355,30.959,22.03
1.5199,59.337,52.828,26.908,19.171
1.5923,52.016,46.24,23.388,16.682
1.6681,45.598,40.474,20.328,14.517
1.7475,39.972,35.426,17.669,12.633
1.8307,35.071,30.998,15.318,10.968
1.9179,30.787,27.119,13.26,9.5095
2.0092,27.026,23.725,11.479,8.2449
2.1049,23.724,20.755,9.9364,7.1485
2.2051,20.826,18.157,8.6014,6.1978
2.3101,18.241,15.852,7.4254,5.36
2.4201,15.959,13.826,6.4018,4.6297
2.5354,13.963,12.058,5.5193,3.9989
2.6561,12.216,10.517,4.7584,3.4541
2.7826,10.688,9.1725,4.1024,2.9834
2.9151,9.3095,7.9736,3.5265,2.5697
3.0539,8.0952,6.9226,3.0281,2.2109
3.1993,7.0393,6.0102,2.6002,1.9023
3.3516,6.121,5.2179,2.2327,1.6367
3.5112,5.3225,4.5301,1.9171,1.4082
3.6784,4.6441,3.9393,1.6413,1.2081
3.8535,4.0562,3.4271,1.4039,1.0355
4.037,3.5427,2.9815,1.2009,0.88762
4.2292,3.0941,2.5938,1.0272,0.76084
4.4306,2.7024,2.2565,0.87862,0.65215
4.6416,2.3591,1.9622,0.74968,0.55767
4.8626,2.0591,1.7061,0.63933,0.47662
5.0941,1.7973,1.4835,0.54522,0.40735
5.3367,1.5688,1.2898,0.46496,0.34815
5.5908,1.3693,1.1215,0.39652,0.29754
5.857,1.1947,0.97484,0.33765,0.25393
6.1359,1.0423,0.84734,0.28747,0.21666
6.4281,0.90937,0.73651,0.24474,0.18485
6.7342,0.79338,0.64017,0.20836,0.15772
7.0548,0.69217,0.55643,0.17739,0.13457
7.3907,0.60375,0.48352,0.15084,0.11466
7.7426,0.52661,0.42016,0.12825,0.097681
8.1113,0.45932,0.3651,0.10905,0.083218
8.4975,0.40063,0.31724,0.092719,0.070896
8.9022,0.34943,0.27566,0.078835,0.060397
9.326,0.30471,0.23946,0.066918,0.05135
9.7701,0.26571,0.20801,0.056799,0.043656
10.235,0.2317,0.18069,0.048211,0.037114
10.723,0.20204,0.15696,0.040921,0.031552
11.233,0.17618,0.13634,0.034732,0.026822
11.768,0.1536,0.11842,0.029443,0.022765
12.328,0.13391,0.10285,0.024959,0.019321
12.915,0.11674,0.089335,0.021158,0.016398
13.53,0.10178,0.077593,0.017936,0.013917
14.175,0.088727,0.067393,0.015204,0.01181
14.85,0.077339,0.058541,0.012882,0.010014
15.557,0.067412,0.050851,0.010914,0.0084912
16.298,0.058759,0.044172,0.0092465,0.0071998
17.074,0.051217,0.038369,0.0078339,0.0061048
17.886,0.044641,0.03333,0.006637,0.0051761
18.738,0.038905,0.028957,0.0056228,0.0043879
19.63,0.033906,0.025158,0.0047636,0.0037196
20.565,0.029549,0.021857,0.0040356,0.0031532
21.544,0.025752,0.018989,0.0034189,0.0026729
22.57,0.022441,0.016498,0.0028965,0.0022659
23.645,0.019551,0.014332,0.0024546,0.0019212
24.771,0.017033,0.012451,0.0020802,0.001629
25.95,0.014839,0.010817,0.0017628,0.0013811
27.186,0.012928,0.0093968,0.0014938,0.001171
28.48,0.011261,0.0081626,0.0012661,0.00099301
29.836,0.0098045,0.0070883,0.0010737,0.0008425
31.257,0.0085365,0.0061553,0.00091048,0.00071479
32.745,0.0074325,0.0053452,0.00077209,0.00060644
34.305,0.0064712,0.0046416,0.00065473,0.00051452
35.938,0.0056329,0.00403,0.00055536,0.00043665
37.649,0.0049002,0.0034972,0.0004714,0.00037082
39.442,0.0042629,0.0030348,0.00040014,0.00031492
41.32,0.0037084,0.0026336,0.00033965,0.00026745
43.288,0.003226,0.0022854,0.0002883,0.00022713
45.349,0.0028051,0.0019825,0.00024481,0.00019297
47.508,0.0024369,0.0017182,0.00020806,0.00016408
49.77,0.002117,0.0014891,0.00017683,0.00013951
52.14,0.0018391,0.0012906,0.00015029,0.00011863
54.623,0.0015977,0.0011185,0.00012772,0.00010087
57.224,0.0013869,0.00096863,0.00010862,8.5815e-5
59.948,0.0012024,0.00083771,9.2478e-5,7.3077e-5
62.803,0.0010425,0.00072449,7.8733e-5,6.2229e-5
65.793,0.00090382,0.00062658,6.7031e-5,5.2992e-5
68.926,0.0007836,0.00054189,5.7068e-5,4.5126e-5
72.208,0.00067939,0.00046852,4.8625e-5,3.8451e-5
75.646,0.00058906,0.00040493,4.1475e-5,3.2791e-5
79.248,0.00051074,0.00034996,3.5376e-5,2.7964e-5
83.022,0.00044283,0.00030246,3.0174e-5,2.3847e-5
86.975,0.00038395,0.0002614,2.5737e-5,2.0336e-5
91.116,0.00033303,0.0002259,2.1969e-5,1.7352e-5
95.455,0.00028898,0.0001952,1.8769e-5,1.4814e-5
100.0,0.00025076,0.00016867,1.6035e-5,1.2647e-5
1.0,189.51,171.05,90.749,64.241
1.0476,166.75,150.38,79.507,56.298
1.0975,146.73,132.2,69.657,49.337
1.1498,129.02,116.07,60.897,43.155
1.2045,113.38,101.79,53.135,37.683
1.2619,99.639,89.259,46.362,32.905
1.3219,87.562,78.274,40.453,28.733
1.3849,76.948,68.641,35.297,25.09
1.4508,67.524,60.126,30.726,21.863
1.5199,59.191,52.625,26.702,19.022
1.5923,51.886,46.06,23.205,16.551
1.6681,45.482,40.313,20.166,14.4
1.7475,39.869,35.283,17.524,12.529
1.8307,34.979,30.872,15.19,10.876
1.9179,30.705,27.007,13.147,9.428
2.0092,26.954,23.625,11.379,8.1729
2.1049,23.66,20.667,9.8486,7.0849
2.2051,20.769,18.08,8.5239,6.1417
2.3101,18.19,15.783,7.3573,5.3105
2.4201,15.914,13.765,6.342,4.5862
2.5354,13.923,12.005,5.4668,3.9607
2.6561,12.181,10.47,4.7123,3.4205
2.7826,10.657,9.1308,4.062,2.9539
2.9151,9.2817,7.9367,3.4912,2.5438
3.0539,8.0705,6.8901,2.9973,2.1883
3.1993,7.0173,5.9815,2.5732,1.8825
3.3516,6.1015,5.1927,2.2091,1.6194
3.5112,5.3052,4.5078,1.8966,1.393
3.6784,4.6289,3.9198,1.6234,1.1949
3.8535,4.0428,3.41,1.3884,1.0241
4.037,3.5309,2.9666,1.1874,0.87765
4.2292,3.0838,2.5808,1.0155,0.75216
4.4306,2.6933,2.2451,0.86846,0.64461
4.6416,2.3511,1.9523,0.7409,0.55113
4.8626,2.0522,1.6975,0.63173,0.47096
5.0941,1.7912,1.4759,0.53866,0.40245
5.3367,1.5634,1.2833,0.45929,0.3439
5.5908,1.3646,1.1158,0.39162,0.29386
5.857,1.1906,0.96988,0.33343,0.25075
6.1359,1.0388,0.84303,0.28383,0.21392
6.4281,0.90626,0.73277,0.24161,0.1825
6.7342,0.79066,0.63692,0.20567,0.15569
7.0548,0.6898,0.5536,0.17507,0.13281
7.3907,0.60167,0.48107,0.14886,0.11315
7.7426,0.5248,0.41803,0.12655,0.096391
8.1113,0.45774,0.36325,0.10759,0.082111
8.4975,0.39925,0.31564,0.091472,0.069945
8.9022,0.34822,0.27427,0.077766,0.059582
9.326,0.30366,0.23825,0.066005,0.050653
9.7701,0.26479,0.20696,0.05602,0.043059
10.235,0.2309,0.17978,0.047545,0.036604
10.723,0.20134,0.15616,0.040352,0.031116
11.233,0.17556,0.13565,0.034246,0.026449
11.768,0.15306,0.11782,0.029029,0.022447
12.328,0.13344,0.10234,0.024607,0.01905
12.915,0.11633,0.088885,0.020859,0.016167
13.53,0.10141,0.077202,0.017681,0.01372
14.175,0.08841,0.067054,0.014987,0.011642
14.85,0.077061,0.058246,0.012697,0.0098716
15.557,0.067169,0.050594,0.010757,0.0083701
16.298,0.058546,0.043948,0.0091132,0.0070969
17.074,0.05103,0.038175,0.0077207,0.0060173
17.886,0.044477,0.03316,0.0065409,0.0051018
18.738,0.038761,0.028809,0.0055413,0.0043248
19.63,0.03378,0.025029,0.0046945,0.0036662
20.565,0.029438,0.021745,0.0039771,0.0031079
21.544,0.025654,0.018892,0.0033693,0.0026345
22.57,0.022356,0.016413,0.0028545,0.0022334
23.645,0.019476,0.014258,0.0024191,0.0018937
24.771,0.016967,0.012386,0.00205,0.0016056
25.95,0.014781,0.01076,0.0017373,0.0013614
27.186,0.012876,0.0093475,0.0014723,0.0011543
28.48,0.011216,0.0081195,0.0012479,0.00097888
29.836,0.009765,0.0070506,0.0010583,0.00083054
31.257,0.0085018,0.0061224,0.00089744,0.00070469
32.745,0.0074019,0.0053164,0.00076107,0.0005979
34.305,0.0064443,0.0046164,0.00064541,0.0005073
35.938,0.0056092,0.0040079,0.00054749,0.00043054
37.649,0.0048794,0.0034779,0.00046475,0.00036566
39.442,0.0042445,0.003018,0.00039452,0.00031056
41.32,0.0036922,0.0026189,0.0003349,0.00026377
43.288,0.0032117,0.0022725,0.00028429,0.00022402
45.349,0.0027926,0.0019712,0.00024143,0.00019034
47.508,0.0024258,0.0017083,0.00020521,0.00016186
49.77,0.0021073,0.0014805,0.00017442,0.00013764
52.14,0.0018305,0.001283,0.00014825,0.00011704
54.623,0.0015901,0.0011119,0.000126,9.9528e-5
57.224,0.0013803,0.00096283,0.00010717,8.4683e-5
59.948,0.0011966,0.00083264,9.1252e-5,7.212e-5
62.803,0.0010374,0.00072005,7.7699e-5,6.1421e-5
65.793,0.0008993,0.00062269,6.6158e-5,5.2309e-5
68.926,0.00077962,0.00053849,5.6331e-5,4.4549e-5
72.208,0.00067589,0.00046554,4.8003e-5,3.7964e-5
75.646,0.00058599,0.00040232,4.0949e-5,3.2379e-5
79.248,0.00050804,0.00034769,3.4932e-5,2.7615e-5
83.022,0.00044047,0.00030048,2.9799e-5,2.3552e-5
86.975,0.00038187,0.00025967,2.5421e-5,2.0087e-5
91.116,0.00033121,0.00022439,2.1702e-5,1.7141e-5
95.455,0.00028739,0.00019388,1.8543e-5,1.4635e-5
100.0,0.00024937,0.00016752,1.5844e-5,1.2496e-5
1.0,189.12,170.51,90.188,63.838
1.0476,166.4,149.89,79.003,55.936
1.0975,146.41,131.76,69.205,49.013
1.1498,128.74,115.67,60.492,42.865
1.2045,113.13,101.43,52.773,37.424
1.2619,99.412,88.942,46.039,32.673
1.3219,87.359,77.991,40.164,28.526
1.3849,76.767,68.388,35.039,24.905
1.4508,67.362,59.901,30.497,21.698
1.5199,59.047,52.425,26.499,18.876
1.5923,51.758,45.881,23.024,16.42
1.6681,45.368,40.155,20.005,14.284
1.7475,39.767,35.143,17.382,12.426
1.8307,34.889,30.747,15.065,10.785
1.9179,30.625,26.896,13.036,9.3478
2.0092,26.882,23.528,11.281,8.1021
2.1049,23.597,20.581,9.7622,7.0223
2.2051,20.713,18.003,8.4477,6.0864
2.3101,18.141,15.716,7.2903,5.2619
2.4201,15.87,13.705,6.2832,4.5435
2.5354,13.884,11.952,5.4152,3.9231
2.6561,12.146,10.423,4.6671,3.3875
2.7826,10.626,9.0898,4.0223,2.9249
2.9151,9.2544,7.9006,3.4565,2.5185
3.0539,8.0462,6.8582,2.967,2.1661
3.1993,6.9957,5.9533,2.5468,1.8631
3.3516,6.0824,5.1678,2.1861,1.6024
3.5112,5.2882,4.4859,1.8765,1.3782
3.6784,4.6139,3.9006,1.6059,1.182
3.8535,4.0296,3.3933,1.3732,1.0128
4.037,3.5194,2.952,1.1742,0.86789
4.2292,3.0737,2.568,1.004,0.74367
4.4306,2.6845,2.2339,0.85853,0.63723
4.6416,2.3433,1.9426,0.73231,0.54473
4.8626,2.0454,1.689,0.62431,0.46542
5.0941,1.7853,1.4686,0.53224,0.39765
5.3367,1.5582,1.2769,0.45375,0.33975
5.5908,1.3601,1.1102,0.38683,0.29027
5.857,1.1866,0.96502,0.32931,0.24766
6.1359,1.0353,0.83881,0.28029,0.21125
6.4281,0.90322,0.7291,0.23856,0.1802
6.7342,0.788,0.63373,0.20305,0.15371
7.0548,0.68747,0.55083,0.17282,0.13111
7.3907,0.59964,0.47867,0.14692,0.11169
7.7426,0.52302,0.41594,0.1249,0.095134
8.1113,0.45619,0.36144,0.10617,0.081032
8.4975,0.39789,0.31407,0.090257,0.06902
8.9022,0.34704,0.27291,0.076725,0.058788
9.326,0.30262,0.23707,0.065116,0.049974
9.7701,0.26389,0.20594,0.055261,0.042479
10.235,0.23011,0.17889,0.046897,0.036108
10.723,0.20065,0.15539,0.039799,0.030692
11.233,0.17496,0.13498,0.033774,0.026087
11.768,0.15253,0.11724,0.028628,0.022138
12.328,0.13297,0.10183,0.024265,0.018787
12.915,0.11592,0.088446,0.020567,0.015942
13.53,0.10106,0.07682,0.017433,0.013529
14.175,0.0881,0.066722,0.014776,0.01148
14.85,0.07679,0.057957,0.012518,0.0097333
15.557,0.066931,0.050343,0.010605,0.0082525
16.298,0.058337,0.04373,0.008984,0.006997
17.074,0.050847,0.037985,0.0076109,0.0059324
17.886,0.044317,0.032995,0.0064477,0.0050297
18.738,0.03862,0.028665,0.0054624,0.0042637
19.63,0.033656,0.024904,0.0046276,0.0036144
20.565,0.02933,0.021636,0.0039204,0.003064
21.544,0.025559,0.018797,0.0033212,0.0025973
22.57,0.022272,0.01633,0.0028138,0.0022019
23.645,0.019402,0.014186,0.0023846,0.001867
24.771,0.016902,0.012323,0.0020209,0.0015831
25.95,0.014724,0.010705,0.0017126,0.0013423
27.186,0.012826,0.0092992,0.0014514,0.0011381
28.48,0.011172,0.0080774,0.0012302,0.0009652
29.836,0.0097263,0.0070138,0.0010433,0.00081898
31.257,0.0084677,0.0060902,0.00088483,0.00069491
32.745,0.0073719,0.0052882,0.00075041,0.00058964
34.305,0.0064179,0.0045918,0.00063641,0.00050031
35.938,0.005586,0.0039864,0.00053987,0.00042464
37.649,0.004859,0.0034591,0.00045832,0.00036067
39.442,0.0042265,0.0030015,0.00038909,0.00030635
41.32,0.0036764,0.0026045,0.00033032,0.0002602
43.288,0.0031978,0.0022599,0.00028042,0.00022101
45.349,0.0027803,0.0019602,0.00023816,0.0001878
47.508,0.0024151,0.0016986,0.00020245,0.00015971
49.77,0.0020978,0.001472,0.00017209,0.00013582
52.14,0.0018222,0.0012756,0.00014628,0.00011551
54.623,0.0015828,0.0011054,0.00012434,9.8233e-5
57.224,0.0013738,0.00095717,0.00010577,8.3589e-5
59.948,0.0011909,0.00082768,9.0068e-5,7.1196e-5
62.803,0.0010323,0.00071571,7.6699e-5,6.064e-5
65.793,0.00089489,0.00061889,6.5315e-5,5.165e-5
68.926,0.00077574,0.00053517,5.562e-5,4.3992e-5
72.208,0.00067248,0.00046264,4.7402e-5,3.7493e-5
75.646,0.00058299,0.00039979,4.0442e-5,3.198e-5
79.248,0.00050541,0.00034548,3.4504e-5,2.7278e-5
83.022,0.00043816,0.00029854,2.9438e-5,2.3268e-5
86.975,0.00037985,0.00025798,2.5116e-5,1.9847e-5
91.116,0.00032943,0.00022292,2.1444e-5,1.6937e-5
95.455,0.00028584,0.0001926,1.8325e-5,1.4463e-5
100.0,0.00024802,0.0001664,1.566e-5,1.235e-5
1.0,188.73,169.96,89.632,63.44
1.0476,166.05,149.4,78.504,55.579
1.0975,146.1,131.32,68.758,48.692
1.1498,128.46,115.28,60.092,42.577
1.2045,112.88,101.08,52.415,37.167
1.2619,99.187,88.629,45.72,32.444
1.3219,87.158,77.711,39.879,28.321
1.3849,76.587,68.138,34.785,24.722
1.4508,67.202,59.678,30.271,21.536
1.5199,58.904,52.227,26.298,18.731
1.5923,51.631,45.705,22.846,16.292
1.6681,45.255,39.998,19.847,14.171
1.7475,39.667,35.004,17.242,12.325
1.8307,34.8,30.624,14.941,10.696
1.9179,30.546,26.787,12.927,9.2688
2.0092,26.812,23.431,11.185,8.0323
2.1049,23.535,20.496,9.6771,6.9607
2.2051,20.658,17.928,8.3727,6.032
2.3101,18.092,15.649,7.2244,5.214
2.4201,15.827,13.647,6.2254,4.5014
2.5354,13.845,11.9,5.3645,3.8862
2.6561,12.112,10.377,4.6226,3.355
2.7826,10.596,9.0494,3.9833,2.8964
2.9151,9.2275,7.865,3.4224,2.4935
3.0539,8.0223,6.8268,2.9373,2.1444
3.1993,6.9745,5.9257,2.5209,1.8441
3.3516,6.0635,5.1434,2.1635,1.5858
3.5112,5.2715,4.4644,1.8568,1.3637
3.6784,4.5992,3.8818,1.5888,1.1693
3.8535,4.0167,3.3769,1.3583,1.0018
4.037,3.508,2.9376,1.1613,0.85832
4.2292,3.0638,2.5554,0.99283,0.73536
4.4306,2.6757,2.223,0.84881,0.63
4.6416,2.3357,1.933,0.7239,0.53847
4.8626,2.0387,1.6807,0.61705,0.46
5.0941,1.7794,1.4613,0.52597,0.39296
5.3367,1.5531,1.2706,0.44833,0.33569
5.5908,1.3556,1.1047,0.38215,0.28676
5.857,1.1827,0.96026,0.32528,0.24463
6.1359,1.0319,0.83467,0.27682,0.20865
6.4281,0.90023,0.72551,0.23558,0.17795
6.7342,0.78539,0.63061,0.20049,0.15177
7.0548,0.68519,0.54812,0.17062,0.12944
7.3907,0.59765,0.47631,0.14504,0.11026
7.7426,0.52128,0.4139,0.12328,0.093907
8.1113,0.45467,0.35967,0.10479,0.07998
8.4975,0.39656,0.31253,0.089073,0.068117
8.9022,0.34588,0.27157,0.075711,0.058014
9.326,0.30161,0.23591,0.06425,0.049312
9.7701,0.263,0.20493,0.054522,0.041914
10.235,0.22933,0.17802,0.046267,0.035624
10.723,0.19997,0.15464,0.039261,0.030279
11.233,0.17437,0.13432,0.033315,0.025734
11.768,0.15201,0.11667,0.028237,0.021837
12.328,0.13252,0.10134,0.023932,0.01853
12.915,0.11553,0.088015,0.020284,0.015724
13.53,0.10071,0.076446,0.017192,0.013343
14.175,0.087796,0.066397,0.014571,0.011321
14.85,0.076523,0.057675,0.012344,0.0095988
15.557,0.066697,0.050098,0.010457,0.0081383
16.298,0.058133,0.043516,0.0088584,0.0068999
17.074,0.050667,0.037799,0.0075043,0.00585
17.886,0.04416,0.032833,0.0063572,0.0049597
18.738,0.038482,0.028524,0.0053857,0.0042044
19.63,0.033535,0.024781,0.0045626,0.0035641
20.565,0.029223,0.021529,0.0038653,0.0030214
21.544,0.025466,0.018703,0.0032746,0.0025612
22.57,0.02219,0.016248,0.0027743,0.0021713
23.645,0.01933,0.014115,0.0023512,0.0018411
24.771,0.016839,0.012261,0.0019926,0.0015612
25.95,0.014668,0.010651,0.0016887,0.0013238
27.186,0.012777,0.009252,0.0014312,0.0011225
28.48,0.011129,0.0080362,0.0012131,0.00095194
29.836,0.0096884,0.0069777,0.0010289,0.00080777
31.257,0.0084344,0.0060587,0.00087262,0.00068544
32.745,0.0073426,0.0052607,0.00074009,0.00058163
34.305,0.0063921,0.0045678,0.00062768,0.00049354
35.938,0.0055633,0.0039654,0.0005325,0.00041892
37.649,0.004839,0.0034407,0.0004521,0.00035584
39.442,0.0042089,0.0029854,0.00038384,0.00030227
41.32,0.0036609,0.0025904,0.00032588,0.00025676
43.288,0.0031842,0.0022476,0.00027667,0.0002181
45.349,0.0027683,0.0019494,0.00023499,0.00018534
47.508,0.0024045,0.0016892,0.00019977,0.00015763
49.77,0.0020885,0.0014638,0.00016983,0.00013407
52.14,0.001814,0.0012684,0.00014438,0.00011403
54.623,0.0015756,0.0010991,0.00012274,9.698e-5
57.224,0.0013675,0.00095164,0.00010441,8.2531e-5
59.948,0.0011853,0.00082284,8.8923e-5,7.0302e-5
62.803,0.0010274,0.00071148,7.5733e-5,5.9885e-5
65.793,0.00089058,0.00061518,6.4499e-5,5.1011e-5
68.926,0.00077194,0.00053192,5.4931e-5,4.3453e-5
72.208,0.00066914,0.0004598,4.6821e-5,3.7037e-5
75.646,0.00058006,0.00039731,3.9951e-5,3.1595e-5
79.248,0.00050284,0.00034331,3.409e-5,2.6952e-5
83.022,0.0004359,0.00029665,2.9088e-5,2.2992e-5
86.975,0.00037787,0.00025633,2.482e-5,1.9614e-5
91.116,0.0003277,0.00022148,2.1195e-5,1.674e-5
95.455,0.00028433,0.00019135,1.8115e-5,1.4296e-5
100.0,0.00024669,0.00016532,1.5482e-5,1.2209e-5
1.0,188.34,169.43,89.082,63.044
1.0476,165.7,148.92,78.01,55.223
1.0975,145.79,130.89,68.314,48.373
1.1498,128.18,114.89,59.695,42.292
1.2045,112.63,100.73,52.061,36.912
1.2619,98.964,88.319,45.403,32.217
1.3219,86.959,77.434,39.597,28.118
1.3849,76.409,67.89,34.533,24.541
1.4508,67.043,59.458,30.047,21.375
1.5199,58.763,52.031,26.099,18.588
1.5923,51.505,45.531,22.67,16.165
1.6681,45.143,39.844,19.691,14.058
1.7475,39.567,34.866,17.103,12.225
1.8307,34.711,30.502,14.818,10.607
1.9179,30.468,26.679,12.819,9.1906
2.0092,26.743,23.336,11.089,7.9633
2.1049,23.473,20.411,9.5931,6.8998
2.2051,20.603,17.853,8.2987,5.9783
2.3101,18.043,15.583,7.1593,5.1668
2.4201,15.784,13.589,6.1683,4.4599
2.5354,13.807,11.849,5.3144,3.8497
2.6561,12.078,10.332,4.5787,3.323
2.7826,10.566,9.0096,3.9449,2.8684
2.9151,9.201,7.8299,3.3889,2.4689
3.0539,7.9988,6.7959,2.908,2.1229
3.1993,6.9536,5.8984,2.4953,1.8253
3.3516,6.0449,5.1194,2.1412,1.5694
3.5112,5.255,4.4432,1.8373,1.3494
3.6784,4.5846,3.8632,1.5719,1.1569
3.8535,4.004,3.3607,1.3437,0.99102
4.037,3.4969,2.9234,1.1486,0.84891
4.2292,3.054,2.5431,0.98181,0.72718
4.4306,2.6671,2.2122,0.83925,0.62289
4.6416,2.3282,1.9236,0.71563,0.53231
4.8626,2.0321,1.6725,0.60991,0.45468
5.0941,1.7737,1.4542,0.5198,0.38836
5.3367,1.5481,1.2644,0.44301,0.33171
5.5908,1.3512,1.0993,0.37756,0.28332
5.857,1.1789,0.95558,0.32133,0.24166
6.1359,1.0285,0.83061,0.27343,0.20609
6.4281,0.8973,0.72197,0.23266,0.17575
6.7342,0.78282,0.62754,0.19798,0.14987
7.0548,0.68295,0.54546,0.16846,0.12781
7.3907,0.59569,0.474,0.14319,0.10886
7.7426,0.51957,0.4119,0.1217,0.092705
8.1113,0.45317,0.35793,0.10344,0.078949
8.4975,0.39526,0.31102,0.087912,0.067234
8.9022,0.34474,0.27026,0.074718,0.057256
9.326,0.30061,0.23478,0.063403,0.048665
9.7701,0.26213,0.20394,0.053799,0.04136
10.235,0.22857,0.17716,0.045649,0.035151
10.723,0.19931,0.15389,0.038734,0.029875
11.233,0.17379,0.13368,0.032865,0.025389
11.768,0.1515,0.11611,0.027854,0.021543
12.328,0.13207,0.10085,0.023607,0.01828
12.915,0.11514,0.087593,0.020007,0.015511
13.53,0.10037,0.076079,0.016956,0.013161
14.175,0.087497,0.066078,0.01437,0.011167
14.85,0.076261,0.057397,0.012173,0.0094673
15.557,0.066468,0.049856,0.010312,0.0080266
16.298,0.057931,0.043306,0.0087358,0.0068051
17.074,0.050491,0.037616,0.0074002,0.0057694
17.886,0.044005,0.032674,0.0062689,0.0048913
18.738,0.038347,0.028386,0.0053109,0.0041465
19.63,0.033416,0.02466,0.0044992,0.0035151
20.565,0.029119,0.021424,0.0038116,0.0029798
21.544,0.025374,0.018612,0.0032291,0.002526
22.57,0.022109,0.016169,0.0027358,0.0021414
23.645,0.019259,0.014045,0.0023186,0.0018159
24.771,0.016776,0.0122,0.0019651,0.0015398
25.95,0.014613,0.010598,0.0016654,0.0013057
27.186,0.012729,0.0092057,0.0014115,0.0011072
28.48,0.011087,0.0079957,0.0011964,0.00093901
29.836,0.0096512,0.0069424,0.0010148,0.00079685
31.257,0.0084016,0.0060278,0.00086071,0.0006762
32.745,0.0073138,0.0052337,0.00073003,0.00057383
34.305,0.0063667,0.0045442,0.00061918,0.00048695
35.938,0.005541,0.0039447,0.00052532,0.00041334
37.649,0.0048193,0.0034226,0.00044604,0.00035114
39.442,0.0041917,0.0029696,0.00037872,0.00029829
41.32,0.0036457,0.0025766,0.00032155,0.0002534
43.288,0.0031708,0.0022355,0.00027302,0.00021526
45.349,0.0027566,0.0019388,0.00023191,0.00018294
47.508,0.0023942,0.00168,0.00019717,0.00015561
49.77,0.0020794,0.0014557,0.00016763,0.00013236
52.14,0.001806,0.0012613,0.00014252,0.00011258
54.623,0.0015686,0.0010929,0.00012117,9.5761e-5
57.224,0.0013613,0.00094622,0.00010309,8.15e-5
59.948,0.0011799,0.0008181,8.7809e-5,6.9431e-5
62.803,0.0010226,0.00070732,7.4792e-5,5.9149e-5
65.793,0.00088635,0.00061155,6.3705e-5,5.039e-5
68.926,0.00076822,0.00052874,5.4261e-5,4.2928e-5
72.208,0.00066587,0.00045702,4.6255e-5,3.6593e-5
75.646,0.00057719,0.00039488,3.9474e-5,3.122e-5
79.248,0.00050032,0.00034119,3.3687e-5,2.6635e-5
83.022,0.00043369,0.0002948,2.8748e-5,2.2724e-5
86.975,0.00037593,0.00025472,2.4533e-5,1.9387e-5
91.116,0.000326,0.00022007,2.0952e-5,1.6549e-5
95.455,0.00028284,0.00019012,1.7909e-5,1.4134e-5
100.0,0.00024539,0.00016425,1.5308e-5,1.2071e-5
1.0,187.96,168.89,88.536,62.651
1.0476,165.36,148.44,77.52,54.871
1.0975,145.48,130.46,67.875,48.057
1.1498,127.9,114.51,59.302,42.01
1.2045,112.38,100.39,51.71,36.66
1.2619,98.743,88.011,45.09,31.991
1.3219,86.761,77.159,39.318,27.917
1.3849,76.233,67.645,34.284,24.362
1.4508,66.886,59.24,29.826,21.215
1.5199,58.623,51.837,25.902,18.447
1.5923,51.381,45.359,22.495,16.04
1.6681,45.033,39.69,19.536,13.946
1.7475,39.469,34.73,16.966,12.126
1.8307,34.624,30.382,14.697,10.52
1.9179,30.39,26.573,12.712,9.1134
2.0092,26.674,23.242,10.995,7.8951
2.1049,23.412,20.328,9.5101,6.8396
2.2051,20.549,17.779,8.2256,5.9252
2.3101,17.995,15.518,7.0951,5.1201
2.4201,15.742,13.531,6.112,4.4189
2.5354,13.77,11.799,5.2651,3.8138
2.6561,12.045,10.288,4.5355,3.2915
2.7826,10.536,8.9703,3.907,2.8407
2.9151,9.1748,7.7952,3.3558,2.4447
3.0539,7.9755,6.7653,2.8791,2.1017
3.1993,6.9329,5.8714,2.4701,1.8068
3.3516,6.0266,5.0956,2.1193,1.5533
3.5112,5.2387,4.4223,1.8182,1.3353
3.6784,4.5703,3.8449,1.5553,1.1446
3.8535,3.9914,3.3447,1.3293,0.98037
4.037,3.4858,2.9095,1.1361,0.83966
4.2292,3.0443,2.5309,0.97097,0.71914
4.4306,2.6586,2.2016,0.82985,0.61591
4.6416,2.3208,1.9144,0.70751,0.52627
4.8626,2.0256,1.6645,0.6029,0.44945
5.0941,1.768,1.4472,0.51375,0.38383
5.3367,1.5431,1.2583,0.43778,0.32779
5.5908,1.3468,1.094,0.37305,0.27993
5.857,1.1751,0.95097,0.31745,0.23875
6.1359,1.0252,0.82661,0.27009,0.20358
6.4281,0.8944,0.7185,0.2298,0.17359
6.7342,0.7803,0.62453,0.19551,0.14801
7.0548,0.68074,0.54284,0.16634,0.12621
7.3907,0.59376,0.47173,0.14138,0.10748
7.7426,0.51789,0.40993,0.12015,0.091528
8.1113,0.4517,0.35621,0.10211,0.07794
8.4975,0.39397,0.30954,0.086777,0.066368
8.9022,0.34362,0.26898,0.073746,0.056514
9.326,0.29963,0.23366,0.062573,0.048031
9.7701,0.26127,0.20297,0.053091,0.040818
10.235,0.22782,0.17632,0.045046,0.034689
10.723,0.19865,0.15316,0.038219,0.029479
11.233,0.17321,0.13305,0.032426,0.025051
11.768,0.151,0.11556,0.02748,0.021256
12.328,0.13164,0.10037,0.023289,0.018035
12.915,0.11475,0.087178,0.019737,0.015302
13.53,0.10004,0.075718,0.016726,0.012984
14.175,0.087204,0.065765,0.014174,0.011015
14.85,0.076004,0.057125,0.012007,0.009339
15.557,0.066242,0.049619,0.010171,0.0079177
16.298,0.057734,0.0431,0.0086161,0.0067126
17.074,0.050318,0.037437,0.0072986,0.0056909
17.886,0.043853,0.032518,0.0061827,0.0048246
18.738,0.038213,0.02825,0.0052379,0.00409
19.63,0.033299,0.024542,0.0044374,0.0034672
20.565,0.029016,0.02132,0.0037592,0.0029392
21.544,0.025284,0.018522,0.0031847,0.0024916
22.57,0.02203,0.01609,0.0026982,0.0021123
23.645,0.01919,0.013977,0.0022869,0.0017913
24.771,0.016715,0.01214,0.0019382,0.001519
25.95,0.01456,0.010546,0.0016427,0.0012881
27.186,0.012682,0.0091602,0.0013922,0.0010923
28.48,0.011045,0.007956,0.0011802,0.00092642
29.836,0.0096146,0.0069077,0.0010011,0.0007862
31.257,0.0083694,0.0059974,0.00084912,0.00066721
32.745,0.0072854,0.0052072,0.00072023,0.00056623
34.305,0.0063418,0.004521,0.00061091,0.00048053
35.938,0.0055191,0.0039245,0.00051833,0.00040792
37.649,0.0048001,0.0034049,0.00044013,0.00034655
39.442,0.0041747,0.0029541,0.00037373,0.00029442
41.32,0.0036308,0.002563,0.00031735,0.00025013
43.288,0.0031577,0.0022237,0.00026947,0.0002125
45.349,0.002745,0.0019284,0.00022891,0.00018061
47.508,0.002384,0.0016709,0.00019464,0.00015364
49.77,0.0020705,0.0014477,0.0001655,0.00013069
52.14,0.0017982,0.0012544,0.00014072,0.00011118
54.623,0.0015617,0.0010868,0.00011965,9.4574e-5
57.224,0.0013552,0.00094091,0.00010181,8.0498e-5
59.948,0.0011745,0.00081345,8.6725e-5,6.8584e-5
62.803,0.0010179,0.00070325,7.3877e-5,5.8434e-5
65.793,0.0008822,0.00060799,6.2933e-5,4.9785e-5
68.926,0.00076457,0.00052562,5.361e-5,4.2417e-5
72.208,0.00066266,0.0004543,4.5705e-5,3.6162e-5
75.646,0.00057437,0.0003925,3.901e-5,3.0855e-5
79.248,0.00049785,0.00033911,3.3295e-5,2.6327e-5
83.022,0.00043152,0.00029299,2.8417e-5,2.2463e-5
86.975,0.00037402,0.00025314,2.4254e-5,1.9166e-5
91.116,0.00032433,0.00021869,2.0716e-5,1.6362e-5
95.455,0.00028138,0.00018892,1.771e-5,1.3976e-5
100.0,0.00024412,0.00016321,1.514e-5,1.1938e-5
1.0,187.58,168.36,87.994,62.262
1.0476,165.02,147.96,77.034,54.522
1.0975,145.17,130.03,67.439,47.744
1.1498,127.63,114.13,58.912,41.73
1.2045,112.13,100.05,51.362,36.41
1.2619,98.524,87.706,44.78,31.768
1.3219,86.565,76.887,39.041,27.718
1.3849,76.058,67.402,34.038,24.184
1.4508,66.73,59.023,29.606,21.058
1.5199,58.485,51.645,25.708,18.307
1.5923,51.257,45.188,22.323,15.915
1.6681,44.923,39.539,19.383,13.836
1.7475,39.372,34.596,16.831,12.028
1.8307,34.538,30.262,14.578,10.433
1.9179,30.314,26.468,12.607,9.0371
2.0092,26.606,23.149,10.902,7.8278
2.1049,23.352,20.246,9.4282,6.7802
2.2051,20.496,17.707,8.1534,5.8729
2.3101,17.948,15.454,7.0318,5.074
2.4201,15.7,13.475,6.0564,4.3785
2.5354,13.733,11.749,5.2164,3.7783
2.6561,12.012,10.244,4.4928,3.2603
2.7826,10.507,8.9316,3.8697,2.8134
2.9151,9.149,7.761,3.3232,2.4208
3.0539,7.9525,6.7352,2.8507,2.0809
3.1993,6.9125,5.8449,2.4454,1.7886
3.3516,6.0085,5.0723,2.0977,1.5374
3.5112,5.2226,4.4017,1.7994,1.3215
3.6784,4.5562,3.8269,1.539,1.1326
3.8535,3.979,3.329,1.3151,0.96989
4.037,3.475,2.8958,1.1238,0.83056
4.2292,3.0348,2.5189,0.96033,0.71123
4.4306,2.6503,2.1911,0.82062,0.60905
4.6416,2.3135,1.9053,0.69954,0.52033
4.8626,2.0192,1.6566,0.59602,0.44431
5.0941,1.7624,1.4403,0.50781,0.37939
5.3367,1.5382,1.2523,0.43266,0.32396
5.5908,1.3426,1.0888,0.36862,0.27662
5.857,1.1714,0.94644,0.31365,0.23589
6.1359,1.0219,0.82267,0.26683,0.20112
6.4281,0.89156,0.71509,0.22699,0.17147
6.7342,0.77781,0.62156,0.1931,0.14619
7.0548,0.67857,0.54026,0.16427,0.12464
7.3907,0.59187,0.4695,0.13961,0.10614
7.7426,0.51623,0.40799,0.11863,0.090375
8.1113,0.45026,0.35453,0.10081,0.076951
8.4975,0.39271,0.30808,0.085665,0.065521
8.9022,0.34252,0.26771,0.072795,0.055788
9.326,0.29867,0.23256,0.061762,0.04741
9.7701,0.26043,0.20202,0.052399,0.040289
10.235,0.22708,0.17549,0.044455,0.034236
10.723,0.19801,0.15245,0.037716,0.029093
11.233,0.17265,0.13242,0.031997,0.024721
11.768,0.15051,0.11502,0.027115,0.020975
12.328,0.13121,0.099902,0.022978,0.017796
12.915,0.11438,0.08677,0.019472,0.015099
13.53,0.099706,0.075364,0.016501,0.01281
14.175,0.086915,0.065458,0.013983,0.010868
14.85,0.075751,0.056857,0.011845,0.0092137
15.557,0.06602,0.049387,0.010034,0.0078113
16.298,0.057539,0.042898,0.0084993,0.0066223
17.074,0.050147,0.037261,0.0071995,0.0056142
17.886,0.043704,0.032365,0.0060986,0.0047596
18.738,0.038082,0.028117,0.0051667,0.0040349
19.63,0.033184,0.024426,0.0043771,0.0034205
20.565,0.028915,0.021219,0.0037082,0.0028997
21.544,0.025195,0.018434,0.0031415,0.0024582
22.57,0.021952,0.016013,0.0026616,0.002084
23.645,0.019121,0.013909,0.0022559,0.0017673
24.771,0.016655,0.012082,0.001912,0.0014987
25.95,0.014507,0.010494,0.0016206,0.0012709
27.186,0.012636,0.0091156,0.0013735,0.0010778
28.48,0.011004,0.0079171,0.0011644,0.00091416
29.836,0.0095787,0.0068736,0.0009877,0.00077585
31.257,0.0083378,0.0059677,0.00083783,0.00065846
32.745,0.0072577,0.0051811,0.0007107,0.00055883
34.305,0.0063174,0.0044983,0.00060286,0.00047428
35.938,0.0054976,0.0039046,0.00051153,0.00040264
37.649,0.0047812,0.0033875,0.0004344,0.0003421
39.442,0.0041581,0.0029389,0.00036889,0.00029066
41.32,0.0036161,0.0025497,0.00031326,0.00024695
43.288,0.0031448,0.0022121,0.00026602,0.00020982
45.349,0.0027337,0.0019183,0.000226,0.00017834
47.508,0.0023741,0.001662,0.00019218,0.00015172
49.77,0.0020617,0.0014399,0.00016342,0.00012908
52.14,0.0017905,0.0012476,0.00013897,0.00010981
54.623,0.0015549,0.0010809,0.00011817,9.3421e-5
57.224,0.0013493,0.0009357,0.00010056,7.9524e-5
59.948,0.0011693,0.00080889,8.5671e-5,6.7761e-5
62.803,0.0010133,0.00069927,7.2988e-5,5.7738e-5
65.793,0.00087813,0.0006045,6.2183e-5,4.9198e-5
68.926,0.00076099,0.00052257,5.2977e-5,4.1921e-5
72.208,0.00065951,0.00045163,4.5171e-5,3.5742e-5
75.646,0.00057161,0.00039017,3.8559e-5,3.05e-5
79.248,0.00049543,0.00033708,3.2914e-5,2.6027e-5
83.022,0.00042939,0.00029121,2.8095e-5,2.2209e-5
86.975,0.00037216,0.00025159,2.3982e-5,1.8952e-5
91.116,0.0003227,0.00021734,2.0487e-5,1.6181e-5
95.455,0.00027996,0.00018775,1.7516e-5,1.3822e-5
100.0,0.00024287,0.00016218,1.4976e-5,1.1808e-5
1.0,187.2,167.84,87.457,61.875
1.0476,164.68,147.49,76.552,54.175
1.0975,144.87,129.61,67.008,47.434
1.1498,127.35,113.75,58.526,41.452
1.2045,111.89,99.709,51.017,36.162
1.2619,98.307,87.404,44.472,31.547
1.3219,86.371,76.617,38.767,27.521
1.3849,75.885,67.161,33.793,24.009
1.4508,66.576,58.809,29.389,20.901
1.5199,58.347,51.454,25.516,18.168
1.5923,51.135,45.019,22.152,15.792
1.6681,44.815,39.389,19.232,13.727
1.7475,39.275,34.463,16.697,11.932
1.8307,34.452,30.145,14.459,10.348
1.9179,30.238,26.364,12.502,8.9617
2.0092,26.539,23.057,10.81,7.7612
2.1049,23.293,20.164,9.3473,6.7216
2.2051,20.443,17.635,8.0822,5.8211
2.3101,17.901,15.391,6.9692,5.0286
2.4201,15.658,13.419,6.0016,4.3386
2.5354,13.696,11.7,5.1684,3.7433
2.6561,11.98,10.2,4.4508,3.2296
2.7826,10.478,8.8933,3.8329,2.7864
2.9151,9.1235,7.7273,3.291,2.3973
3.0539,7.9299,6.7055,2.8227,2.0603
3.1993,6.8924,5.8187,2.421,1.7707
3.3516,5.9906,5.0492,2.0764,1.5218
3.5112,5.2068,4.3814,1.7809,1.3078
3.6784,4.5423,3.8092,1.5229,1.1207
3.8535,3.9668,3.3135,1.3012,0.95959
4.037,3.4643,2.8823,1.1117,0.82161
4.2292,3.0254,2.5071,0.94986,0.70347
4.4306,2.6421,2.1808,0.81156,0.60231
4.6416,2.3063,1.8963,0.69171,0.5145
4.8626,2.0129,1.6488,0.58926,0.43927
5.0941,1.7569,1.4335,0.50198,0.37503
5.3367,1.5334,1.2464,0.42763,0.32019
5.5908,1.3384,1.0837,0.36429,0.27336
5.857,1.1677,0.94199,0.30993,0.23309
6.1359,1.0187,0.81881,0.26363,0.19871
6.4281,0.88876,0.71173,0.22424,0.1694
6.7342,0.77536,0.61865,0.19074,0.14441
7.0548,0.67643,0.53773,0.16224,0.1231
7.3907,0.59,0.4673,0.13787,0.10482
7.7426,0.5146,0.40609,0.11715,0.089246
8.1113,0.44884,0.35288,0.099539,0.075984
8.4975,0.39147,0.30665,0.084578,0.064692
8.9022,0.34143,0.26647,0.071865,0.055078
9.326,0.29772,0.23148,0.060969,0.046804
9.7701,0.2596,0.20109,0.051723,0.039771
10.235,0.22636,0.17468,0.043879,0.033794
10.723,0.19737,0.15174,0.037224,0.028716
11.233,0.1721,0.13181,0.031577,0.024399
11.768,0.15003,0.11449,0.026759,0.0207
12.328,0.13078,0.099441,0.022675,0.017562
12.915,0.11401,0.08637,0.019214,0.0149
13.53,0.099382,0.075017,0.016282,0.012641
14.175,0.086631,0.065156,0.013797,0.010724
14.85,0.075502,0.056595,0.011687,0.0090915
15.557,0.065802,0.049159,0.0098994,0.0077076
16.298,0.057348,0.042699,0.0083854,0.0065343
17.074,0.04998,0.037088,0.0071029,0.0055395
17.886,0.043557,0.032215,0.0060167,0.0046962
18.738,0.037954,0.027986,0.0050973,0.0039812
19.63,0.033071,0.024312,0.0043184,0.0033751
20.565,0.028816,0.02112,0.0036585,0.0028612
21.544,0.025108,0.018347,0.0030994,0.0024256
22.57,0.021876,0.015938,0.002626,0.0020564
23.645,0.019054,0.013844,0.0022258,0.0017439
24.771,0.016596,0.012024,0.0018866,0.001479
25.95,0.014455,0.010444,0.0015991,0.0012543
27.186,0.01259,0.0090719,0.0013553,0.0010637
28.48,0.010964,0.0078789,0.001149,0.00090223
29.836,0.0095434,0.0068402,0.00097472,0.00076577
31.257,0.0083068,0.0059385,0.00082686,0.00064995
32.745,0.0072304,0.0051557,0.00070144,0.00055164
34.305,0.0062934,0.004476,0.00059503,0.00046821
35.938,0.0054765,0.0038851,0.00050493,0.00039751
37.649,0.0047626,0.0033705,0.00042882,0.00033777
39.442,0.0041417,0.002924,0.00036418,0.000287
41.32,0.0036018,0.0025367,0.00030928,0.00024386
43.288,0.0031322,0.0022007,0.00026266,0.00020721
45.349,0.0027226,0.0019083,0.00022317,0.00017614
47.508,0.0023643,0.0016533,0.00018979,0.00014986
49.77,0.0020531,0.0014323,0.00016141,0.00012751
52.14,0.0017829,0.0012409,0.00013727,0.00010848
54.623,0.0015483,0.0010751,0.00011674,9.23e-5
57.224,0.0013434,0.0009306,9.9346e-5,7.8578e-5
59.948,0.0011641,0.00080443,8.4649e-5,6.6962e-5
62.803,0.0010088,0.00069536,7.2125e-5,5.7063e-5
65.793,0.00087415,0.00060108,6.1455e-5,4.8627e-5
68.926,0.00075748,0.00051958,5.2363e-5,4.1439e-5
72.208,0.00065643,0.00044902,4.4653e-5,3.5335e-5
75.646,0.00056891,0.00038789,3.8121e-5,3.0156e-5
79.248,0.00049305,0.00033509,3.2544e-5,2.5735e-5
83.022,0.00042731,0.00028948,2.7783e-5,2.1963e-5
86.975,0.00037033,0.00025007,2.3719e-5,1.8744e-5
91.116,0.0003211,0.00021602,2.0265e-5,1.6005e-5
95.455,0.00027856,0.0001866,1.7328e-5,1.3673e-5
100.0,0.00024165,0.00016118,1.4817e-5,1.1681e-5
1.0,186.82,167.31,86.923,61.491
1.0476,164.34,147.02,76.074,53.831
1.0975,144.56,129.19,66.578,47.125
1.1498,127.08,113.37,58.142,41.176
1.2045,111.65,99.373,50.675,35.916
1.2619,98.091,87.104,44.167,31.327
1.3219,86.178,76.349,38.495,27.325
1.3849,75.713,66.922,33.551,23.834
1.4508,66.423,58.596,29.174,20.746
1.5199,58.211,51.266,25.325,18.03
1.5923,51.014,44.852,21.983,15.67
1.6681,44.707,39.24,19.082,13.619
1.7475,39.18,34.331,16.564,11.836
1.8307,34.367,30.028,14.342,10.263
1.9179,30.163,26.26,12.399,8.8869
2.0092,26.473,22.965,10.719,7.6953
2.1049,23.234,20.084,9.2672,6.6635
2.2051,20.391,17.564,8.0117,5.7699
2.3101,17.855,15.328,6.9074,4.9836
2.4201,15.617,13.364,5.9475,4.2991
2.5354,13.66,11.651,5.1209,3.7087
2.6561,11.948,10.157,4.4093,3.1993
2.7826,10.45,8.8555,3.7965,2.7598
2.9151,9.0982,7.694,3.2593,2.3741
3.0539,7.9075,6.6761,2.795,2.04
3.1993,6.8725,5.7929,2.3969,1.753
3.3516,5.9729,5.0264,2.0555,1.5063
3.5112,5.1911,4.3614,1.7627,1.2944
3.6784,4.5285,3.7916,1.5071,1.109
3.8535,3.9548,3.2982,1.2875,0.94943
4.037,3.4537,2.8689,1.0998,0.81279
4.2292,3.0161,2.4955,0.93955,0.69581
4.4306,2.6339,2.1706,0.80263,0.59566
4.6416,2.2992,1.8875,0.684,0.50875
4.8626,2.0067,1.6411,0.58261,0.4343
5.0941,1.7515,1.4268,0.49624,0.37074
5.3367,1.5287,1.2406,0.42268,0.31648
5.5908,1.3342,1.0786,0.36002,0.27016
5.857,1.1641,0.9376,0.30626,0.23033
6.1359,1.0156,0.815,0.26048,0.19634
6.4281,0.88599,0.70842,0.22154,0.16736
6.7342,0.77295,0.61578,0.18842,0.14265
7.0548,0.67433,0.53524,0.16025,0.12159
7.3907,0.58816,0.46514,0.13616,0.10353
7.7426,0.513,0.40421,0.11569,0.088138
8.1113,0.44743,0.35126,0.098292,0.075035
8.4975,0.39025,0.30524,0.083511,0.063879
8.9022,0.34037,0.26525,0.070952,0.054381
9.326,0.29679,0.23042,0.060191,0.046209
9.7701,0.25879,0.20017,0.051059,0.039263
10.235,0.22565,0.17388,0.043313,0.033361
10.723,0.19675,0.15105,0.036742,0.028346
11.233,0.17155,0.13121,0.031166,0.024083
11.768,0.14955,0.11397,0.026409,0.020432
12.328,0.13037,0.098988,0.022378,0.017334
12.915,0.11364,0.085977,0.018962,0.014705
13.53,0.099063,0.074675,0.016067,0.012475
14.175,0.086352,0.064859,0.013614,0.010583
14.85,0.075257,0.056337,0.011532,0.0089719
15.557,0.065588,0.048934,0.0097681,0.0076061
16.298,0.05716,0.042504,0.008274,0.0064481
17.074,0.049815,0.036918,0.0070085,0.0054664
17.886,0.043413,0.032067,0.0059366,0.0046342
18.738,0.037827,0.027857,0.0050295,0.0039287
19.63,0.032959,0.0242,0.004261,0.0033306
20.565,0.028718,0.021022,0.0036099,0.0028236
21.544,0.025022,0.018262,0.0030583,0.0023937
22.57,0.021801,0.015864,0.0025912,0.0020294
23.645,0.018988,0.013779,0.0021964,0.0017211
24.771,0.016538,0.011968,0.0018617,0.0014597
25.95,0.014404,0.010395,0.001578,0.001238
27.186,0.012545,0.0090289,0.0013376,0.0010499
28.48,0.010925,0.0078413,0.001134,0.00089059
29.836,0.0095087,0.0068074,0.00096204,0.00075594
31.257,0.0082763,0.0059098,0.00081616,0.00064164
32.745,0.0072035,0.0051306,0.0006924,0.00054463
34.305,0.0062698,0.0044541,0.0005874,0.00046228
35.938,0.0054557,0.003866,0.00049848,0.00039251
37.649,0.0047443,0.0033538,0.00042338,0.00033354
39.442,0.0041257,0.0029094,0.00035959,0.00028343
41.32,0.0035877,0.0025239,0.00030541,0.00024085
43.288,0.0031198,0.0021895,0.00025939,0.00020466
45.349,0.0027117,0.0018985,0.00022041,0.00017399
47.508,0.0023547,0.0016447,0.00018746,0.00014805
49.77,0.0020447,0.0014248,0.00015944,0.00012597
52.14,0.0017755,0.0012344,0.00013561,0.00010719
54.623,0.0015417,0.0010693,0.00011534,9.1209e-5
57.224,0.0013377,0.0009256,9.8166e-5,7.7656e-5
59.948,0.0011591,0.00080005,8.3652e-5,6.6182e-5
62.803,0.0010043,0.00069153,7.1285e-5,5.6404e-5
65.793,0.00087024,0.00059773,6.0745e-5,4.8071e-5
68.926,0.00075404,0.00051665,5.1764e-5,4.0969e-5
72.208,0.00065341,0.00044645,4.4147e-5,3.4938e-5
75.646,0.00056625,0.00038566,3.7694e-5,2.982e-5
79.248,0.00049072,0.00033314,3.2184e-5,2.5452e-5
83.022,0.00042527,0.00028777,2.7479e-5,2.1723e-5
86.975,0.00036854,0.00024858,2.3462e-5,1.8541e-5
91.116,0.00031953,0.00021472,2.0048e-5,1.5833e-5
95.455,0.00027719,0.00018547,1.7145e-5,1.3528e-5
100.0,0.00024045,0.0001602,1.4662e-5,1.1558e-5
1.0,186.45,166.79,86.39,61.107
1.0476,164.0,146.55,75.596,53.487
1.0975,144.26,128.77,66.15,46.817
1.1498,126.81,112.99,57.759,40.9
1.2045,111.41,99.037,50.334,35.67
1.2619,97.875,86.804,43.863,31.108
1.3219,85.986,76.082,38.224,27.13
1.3849,75.541,66.684,33.309,23.66
1.4508,66.27,58.384,28.96,20.591
1.5199,58.075,51.077,25.134,17.893
1.5923,50.893,44.685,21.814,15.548
1.6681,44.6,39.092,18.933,13.511
1.7475,39.084,34.199,16.432,11.74
1.8307,34.283,29.911,14.226,10.179
1.9179,30.088,26.157,12.296,8.8125
2.0092,26.406,22.875,10.629,7.6297
2.1049,23.175,20.004,9.1875,6.6056
2.2051,20.339,17.493,7.9415,5.719
2.3101,17.809,15.266,6.8458,4.9388
2.4201,15.576,13.308,5.8936,4.2599
2.5354,13.624,11.602,5.0737,3.6742
2.6561,11.916,10.115,4.3679,3.1691
2.7826,10.422,8.8178,3.7603,2.7334
2.9151,9.0731,7.6608,3.2278,2.351
3.0539,7.8851,6.6469,2.7676,2.0199
3.1993,6.8527,5.7671,2.373,1.7354
3.3516,5.9554,5.0038,2.0346,1.491
3.5112,5.1755,4.3414,1.7445,1.281
3.6784,4.5148,3.7742,1.4914,1.0974
3.8535,3.9428,3.283,1.2738,0.93935
4.037,3.4432,2.8556,1.088,0.80404
4.2292,3.0069,2.4839,0.92933,0.68822
4.4306,2.6259,2.1606,0.79378,0.58908
4.6416,2.2921,1.8787,0.67636,0.50306
4.8626,2.0006,1.6334,0.57602,0.42938
5.0941,1.7461,1.4202,0.49056,0.36649
5.3367,1.524,1.2348,0.41778,0.31281
5.5908,1.3301,1.0736,0.3558,0.26699
5.857,1.1605,0.93324,0.30263,0.2276
6.1359,1.0124,0.81122,0.25736,0.19399
6.4281,0.88325,0.70514,0.21886,0.16534
6.7342,0.77056,0.61293,0.18612,0.14092
7.0548,0.67224,0.53277,0.15828,0.1201
7.3907,0.58634,0.463,0.13448,0.10225
7.7426,0.5114,0.40235,0.11425,0.087043
8.1113,0.44604,0.34965,0.09706,0.074097
8.4975,0.38903,0.30384,0.082457,0.063075
8.9022,0.33931,0.26404,0.070051,0.053693
9.326,0.29586,0.22937,0.059423,0.045622
9.7701,0.25798,0.19926,0.050405,0.038762
10.235,0.22494,0.17309,0.042755,0.032933
10.723,0.19613,0.15036,0.036266,0.02798
11.233,0.17101,0.13062,0.030761,0.023771
11.768,0.14908,0.11345,0.026065,0.020167
12.328,0.12995,0.09854,0.022085,0.017108
12.915,0.11328,0.085587,0.018713,0.014513
13.53,0.098746,0.074337,0.015856,0.012312
14.175,0.086075,0.064566,0.013434,0.010444
14.85,0.075015,0.056082,0.011379,0.0088541
15.557,0.065375,0.048712,0.0096387,0.0075061
16.298,0.056974,0.042311,0.0081643,0.0063633
17.074,0.049652,0.03675,0.0069154,0.0053944
17.886,0.04327,0.031921,0.0058577,0.0045731
18.738,0.037701,0.02773,0.0049628,0.003877
19.63,0.032849,0.024089,0.0042045,0.0032869
20.565,0.028622,0.020926,0.0035621,0.0027865
21.544,0.024938,0.018178,0.0030178,0.0023623
22.57,0.021726,0.01579,0.002557,0.0020029
23.645,0.018923,0.013715,0.0021675,0.0016987
24.771,0.01648,0.011912,0.0018373,0.0014407
25.95,0.014353,0.010346,0.0015574,0.0012219
27.186,0.012501,0.0089863,0.0013201,0.0010364
28.48,0.010886,0.0078042,0.0011192,0.00087914
29.836,0.0094745,0.006775,0.00094958,0.00074627
31.257,0.0082461,0.0058815,0.00080564,0.00063348
32.745,0.007177,0.0051058,0.00068352,0.00053773
34.305,0.0062465,0.0044325,0.0005799,0.00045646
35.938,0.0054352,0.0038471,0.00049215,0.00038759
37.649,0.0047263,0.0033372,0.00041804,0.00032939
39.442,0.0041098,0.0028949,0.00035508,0.00027993
41.32,0.0035737,0.0025113,0.00030161,0.00023789
43.288,0.0031075,0.0021784,0.00025618,0.00020217
45.349,0.0027009,0.0018889,0.0002177,0.00017188
47.508,0.0023452,0.0016363,0.00018518,0.00014627
49.77,0.0020364,0.0014175,0.00015751,0.00012447
52.14,0.0017682,0.0012279,0.00013398,0.00010592
54.623,0.0015353,0.0010637,0.00011396,9.0137e-5
57.224,0.001332,0.00092066,9.7007e-5,7.675e-5
59.948,0.0011541,0.00079573,8.2675e-5,6.5418e-5
62.803,0.00099994,0.00068775,7.046e-5,5.5758e-5
65.793,0.00086637,0.00059442,6.0049e-5,4.7525e-5
68.926,0.00075064,0.00051376,5.1177e-5,4.0508e-5
72.208,0.00065042,0.00044392,4.3652e-5,3.4548e-5
75.646,0.00056363,0.00038345,3.7276e-5,2.9491e-5
79.248,0.00048843,0.00033121,3.1831e-5,2.5173e-5
83.022,0.00042325,0.00028609,2.7181e-5,2.1488e-5
86.975,0.00036677,0.00024712,2.3211e-5,1.8342e-5
91.116,0.00031799,0.00021345,1.9835e-5,1.5665e-5
95.455,0.00027584,0.00018436,1.6965e-5,1.3385e-5
100.0,0.00023927,0.00015924,1.451e-5,1.1438e-5
1.0,186.07,166.27,85.857,60.723
1.0476,163.66,146.08,75.118,53.143
1.0975,143.96,128.35,65.722,46.509
1.1498,126.54,112.62,57.377,40.625
1.2045,111.17,98.701,49.993,35.424
1.2619,97.659,86.505,43.559,30.889
1.3219,85.793,75.815,37.953,26.935
1.3849,75.369,66.446,33.068,23.487
1.4508,66.117,58.173,28.746,20.437
1.5199,57.939,50.889,24.945,17.756
1.5923,50.773,44.518,21.646,15.427
1.6681,44.492,38.944,18.784,13.403
1.7475,38.989,34.068,16.301,11.645
1.8307,34.198,29.795,14.109,10.094
1.9179,30.013,26.055,12.194,8.7383
2.0092,26.34,22.784,10.539,7.5643
2.1049,23.116,19.924,9.1082,6.548
2.2051,20.287,17.422,7.8717,5.6682
2.3101,17.763,15.203,6.7846,4.8942
2.4201,15.536,13.254,5.84,4.2208
2.5354,13.588,11.554,5.0268,3.64
2.6561,11.884,10.072,4.3269,3.1391
2.7826,10.393,8.7804,3.7244,2.7071
2.9151,9.0481,7.6278,3.1965,2.328
3.0539,7.8629,6.6178,2.7403,1.9999
3.1993,6.833,5.7415,2.3492,1.718
3.3516,5.9379,4.9812,2.014,1.4758
3.5112,5.16,4.3216,1.7266,1.2677
3.6784,4.5012,3.7569,1.4758,1.0859
3.8535,3.9309,3.2679,1.2603,0.92935
4.037,3.4327,2.8425,1.0763,0.79537
4.2292,2.9977,2.4724,0.9192,0.68069
4.4306,2.6179,2.1505,0.785,0.58255
4.6416,2.2851,1.87,0.66879,0.49741
4.8626,1.9944,1.6259,0.5695,0.42451
5.0941,1.7407,1.4136,0.48494,0.36229
5.3367,1.5193,1.2291,0.41294,0.30918
5.5908,1.326,1.0686,0.35162,0.26385
5.857,1.1569,0.92893,0.29904,0.2249
6.1359,1.0093,0.80748,0.25428,0.19167
6.4281,0.88053,0.70189,0.21622,0.16334
6.7342,0.76819,0.61011,0.18386,0.1392
7.0548,0.67017,0.53033,0.15633,0.11863
7.3907,0.58453,0.46088,0.13281,0.10099
7.7426,0.50983,0.40051,0.11282,0.085961
8.1113,0.44466,0.34805,0.095842,0.07317
8.4975,0.38783,0.30246,0.081416,0.062282
8.9022,0.33826,0.26284,0.069161,0.053013
9.326,0.29494,0.22833,0.058664,0.045042
9.7701,0.25717,0.19835,0.049758,0.038267
10.235,0.22424,0.17231,0.042204,0.032511
10.723,0.19552,0.14969,0.035797,0.02762
11.233,0.17048,0.13003,0.030361,0.023464
11.768,0.14861,0.11294,0.025725,0.019905
12.328,0.12954,0.098096,0.021796,0.016886
12.915,0.11292,0.085202,0.018467,0.014324
13.53,0.098433,0.074003,0.015647,0.012151
14.175,0.085801,0.064275,0.013257,0.010307
14.85,0.074775,0.055829,0.011229,0.0087379
15.557,0.065165,0.048492,0.0095113,0.0074076
16.298,0.05679,0.04212,0.0080563,0.0062797
17.074,0.049491,0.036584,0.0068238,0.0053235
17.886,0.043128,0.031777,0.0057801,0.004513
18.738,0.037577,0.027604,0.0048971,0.0038261
19.63,0.03274,0.023979,0.0041489,0.0032438
20.565,0.028526,0.02083,0.0035151,0.0027501
21.544,0.024854,0.018095,0.002978,0.0023315
22.57,0.021653,0.015718,0.0025233,0.0019768
23.645,0.018858,0.013652,0.002139,0.0016767
24.771,0.016424,0.011857,0.0018132,0.0014221
25.95,0.014303,0.010298,0.0015371,0.0012062
27.186,0.012457,0.0089443,0.001303,0.0010231
28.48,0.010847,0.0077676,0.0011047,0.00086789
29.836,0.0094406,0.006743,0.00093734,0.00073677
31.257,0.0082163,0.0058535,0.00079531,0.00062546
32.745,0.0071508,0.0050814,0.00067479,0.00053096
34.305,0.0062235,0.0044111,0.00057254,0.00045074
35.938,0.005415,0.0038285,0.00048594,0.00038276
37.649,0.0047085,0.0033209,0.00041279,0.00032531
39.442,0.0040942,0.0028807,0.00035065,0.00027648
41.32,0.00356,0.0024988,0.00029787,0.00023498
43.288,0.0030955,0.0021675,0.00025303,0.00019971
45.349,0.0026903,0.0018794,0.00021504,0.00016981
47.508,0.0023359,0.0016279,0.00018293,0.00014452
49.77,0.0020281,0.0014102,0.00015562,0.00012299
52.14,0.001761,0.0012215,0.00013238,0.00010468
54.623,0.001529,0.0010581,0.00011262,8.9084e-5
57.224,0.0013264,0.00091579,9.587e-5,7.5862e-5
59.948,0.0011492,0.00079147,8.1715e-5,6.4667e-5
62.803,0.00099562,0.00068402,6.965e-5,5.5124e-5
65.793,0.00086257,0.00059116,5.9366e-5,4.699e-5
68.926,0.0007473,0.0005109,5.0601e-5,4.0056e-5
72.208,0.00064748,0.00044143,4.3166e-5,3.4166e-5
75.646,0.00056105,0.00038127,3.6865e-5,2.9167e-5
79.248,0.00048616,0.00032931,3.1484e-5,2.49e-5
83.022,0.00042127,0.00028443,2.6889e-5,2.1257e-5
86.975,0.00036503,0.00024567,2.2964e-5,1.8147e-5
91.116,0.00031646,0.00021219,1.9627e-5,1.5499e-5
95.455,0.0002745,0.00018326,1.6789e-5,1.3245e-5
100.0,0.00023811,0.00015828,1.4361e-5,1.1319e-5
1.0,185.69,165.75,85.325,60.34
1.0476,163.33,145.61,74.642,52.799
1.0975,143.65,127.93,65.296,46.201
1.1498,126.27,112.24,56.995,40.35
1.2045,110.92,98.366,49.653,35.179
1.2619,97.443,86.206,43.256,30.671
1.3219,85.6,75.548,37.683,26.74
1.3849,75.197,66.208,32.828,23.313
1.4508,65.964,57.961,28.532,20.283
1.5199,57.803,50.702,24.756,17.62
1.5923,50.652,44.352,21.479,15.306
1.6681,44.385,38.796,18.636,13.296
1.7475,38.894,33.937,16.169,11.55
1.8307,34.114,29.68,13.994,10.011
1.9179,29.938,25.953,12.092,8.6644
2.0092,26.274,22.694,10.449,7.4992
2.1049,23.058,19.844,9.0292,6.4906
2.2051,20.235,17.352,7.8023,5.6177
2.3101,17.717,15.141,6.7237,4.8499
2.4201,15.495,13.199,5.7867,4.1819
2.5354,13.552,11.506,4.9802,3.6059
2.6561,11.852,10.03,4.2861,3.1092
2.7826,10.365,8.7431,3.6887,2.6809
2.9151,9.0231,7.595,3.1653,2.3052
3.0539,7.8408,6.589,2.7132,1.98
3.1993,6.8134,5.7161,2.3257,1.7006
3.3516,5.9205,4.9589,1.9935,1.4607
3.5112,5.1446,4.3019,1.7087,1.2546
3.6784,4.4877,3.7397,1.4603,1.0745
3.8535,3.919,3.2529,1.2469,0.91943
4.037,3.4224,2.8294,1.0647,0.78676
4.2292,2.9886,2.461,0.90916,0.67323
4.4306,2.6099,2.1406,0.77631,0.57608
4.6416,2.2781,1.8613,0.6613,0.49182
4.8626,1.9883,1.6184,0.56303,0.41968
5.0941,1.7354,1.4071,0.47937,0.35812
5.3367,1.5146,1.2234,0.40814,0.30558
5.5908,1.322,1.0637,0.34749,0.26075
5.857,1.1534,0.92465,0.29549,0.22223
6.1359,1.0062,0.80376,0.25124,0.18937
6.4281,0.87784,0.69867,0.21361,0.16137
6.7342,0.76583,0.60732,0.18161,0.1375
7.0548,0.66811,0.5279,0.15441,0.11717
7.3907,0.58274,0.45878,0.13117,0.099737
7.7426,0.50826,0.39869,0.11142,0.084891
8.1113,0.4433,0.34647,0.09464,0.072255
8.4975,0.38664,0.30109,0.080388,0.061498
8.9022,0.33721,0.26165,0.068283,0.052342
9.326,0.29403,0.2273,0.057916,0.04447
9.7701,0.25638,0.19746,0.049121,0.037779
10.235,0.22355,0.17154,0.041661,0.032094
10.723,0.19492,0.14901,0.035334,0.027265
11.233,0.16995,0.12945,0.029967,0.023161
11.768,0.14815,0.11243,0.02539,0.019647
12.328,0.12914,0.097657,0.021511,0.016666
12.915,0.11257,0.084821,0.018225,0.014138
13.53,0.098123,0.073672,0.015441,0.011992
14.175,0.08553,0.063988,0.013082,0.010172
14.85,0.074538,0.055579,0.011081,0.0086235
15.557,0.064957,0.048275,0.0093858,0.0073106
16.298,0.056608,0.041931,0.0079499,0.0061974
17.074,0.049331,0.03642,0.0067337,0.0052538
17.886,0.042988,0.031634,0.0057037,0.0044538
18.738,0.037455,0.02748,0.0048324,0.0037761
19.63,0.032633,0.023871,0.0040942,0.0032014
20.565,0.028432,0.020736,0.0034688,0.0027142
21.544,0.024771,0.018013,0.0029389,0.0023012
22.57,0.02158,0.015646,0.0024902,0.0019511
23.645,0.018794,0.013589,0.002111,0.001655
24.771,0.016367,0.011802,0.0017896,0.0014038
25.95,0.014254,0.010251,0.0015171,0.0011907
27.186,0.012414,0.0089029,0.0012861,0.00101
28.48,0.010809,0.0077314,0.0010905,0.00085684
29.836,0.0094071,0.0067113,0.00092532,0.00072744
31.257,0.0081869,0.0058259,0.00078516,0.00061758
32.745,0.007125,0.0050573,0.00066622,0.00052431
34.305,0.0062007,0.00439,0.00056531,0.00044512
35.938,0.005395,0.00381,0.00047983,0.00037802
37.649,0.0046909,0.0033048,0.00040764,0.00032131
39.442,0.0040787,0.0028666,0.00034631,0.0002731
41.32,0.0035464,0.0024865,0.0002942,0.00023213
43.288,0.0030835,0.0021568,0.00024994,0.00019731
45.349,0.0026798,0.00187,0.00021243,0.00016778
47.508,0.0023266,0.0016197,0.00018073,0.0001428
49.77,0.00202,0.001403,0.00015376,0.00012155
52.14,0.0017538,0.0012153,0.00013082,0.00010345
54.623,0.0015227,0.0010526,0.00011129,8.8052e-5
57.224,0.0013209,0.00091099,9.4755e-5,7.499e-5
59.948,0.0011443,0.00078727,8.0775e-5,6.3931e-5
62.803,0.00099135,0.00068034,6.8856e-5,5.4502e-5
65.793,0.00085881,0.00058794,5.8697e-5,4.6464e-5
68.926,0.00074399,0.00050809,5.0036e-5,3.9612e-5
72.208,0.00064458,0.00043898,4.2689e-5,3.3791e-5
75.646,0.00055851,0.00037913,3.6463e-5,2.885e-5
79.248,0.00048393,0.00032744,3.1144e-5,2.4632e-5
83.022,0.00041931,0.0002828,2.6602e-5,2.103e-5
86.975,0.00036331,0.00024425,2.2722e-5,1.7955e-5
91.116,0.00031496,0.00021095,1.9422e-5,1.5337e-5
95.455,0.00027319,0.00018219,1.6616e-5,1.3108e-5
100.0,0.00023696,0.00015735,1.4215e-5,1.1203e-5
1.0,185.31,165.23,84.794,59.957
1.0476,162.99,145.15,74.166,52.456
1.0975,143.35,127.51,64.869,45.894
1.1498,126.0,111.87,56.615,40.076
1.2045,110.68,98.032,49.313,34.935
1.2619,97.227,85.907,42.953,30.453
1.3219,85.408,75.282,37.414,26.546
1.3849,75.025,65.971,32.588,23.14
1.4508,65.811,57.75,28.319,20.13
1.5199,57.668,50.515,24.567,17.484
1.5923,50.532,44.186,21.312,15.186
1.6681,44.278,38.649,18.488,13.189
1.7475,38.799,33.807,16.039,11.456
1.8307,34.03,29.564,13.878,9.9271
1.9179,29.864,25.851,11.991,8.5908
2.0092,26.208,22.604,10.36,7.4344
2.1049,22.999,19.765,8.9506,6.4335
2.2051,20.184,17.282,7.7332,5.5674
2.3101,17.672,15.08,6.6632,4.8058
2.4201,15.455,13.145,5.7336,4.1432
2.5354,13.516,11.458,4.9338,3.572
2.6561,11.82,9.9877,4.2455,3.0796
2.7826,10.337,8.706,3.6532,2.655
2.9151,8.9984,7.5624,3.1344,2.2825
3.0539,7.8188,6.5602,2.6863,1.9602
3.1993,6.7939,5.6908,2.3023,1.6834
3.3516,5.9032,4.9366,1.9731,1.4457
3.5112,5.1293,4.2823,1.691,1.2415
3.6784,4.4742,3.7226,1.445,1.0631
3.8535,3.9072,3.238,1.2336,0.90958
4.037,3.412,2.8164,1.0532,0.77823
4.2292,2.9796,2.4497,0.89921,0.66584
4.4306,2.602,2.1307,0.7677,0.56967
4.6416,2.2712,1.8527,0.65387,0.48628
4.8626,1.9823,1.6109,0.55663,0.4149
5.0941,1.7301,1.4006,0.47386,0.35399
5.3367,1.51,1.2178,0.40339,0.30202
5.5908,1.3179,1.0588,0.3434,0.25768
5.857,1.1499,0.92041,0.29198,0.21959
6.1359,1.0032,0.80008,0.24822,0.1871
6.4281,0.87516,0.69548,0.21102,0.15942
6.7342,0.7635,0.60455,0.17939,0.13583
7.0548,0.66607,0.5255,0.15251,0.11573
7.3907,0.58096,0.45669,0.12954,0.098503
7.7426,0.50671,0.39689,0.11003,0.083835
8.1113,0.44194,0.34491,0.093452,0.07135
8.4975,0.38545,0.29973,0.079374,0.060724
8.9022,0.33618,0.26047,0.067416,0.05168
9.326,0.29313,0.22628,0.057177,0.043905
9.7701,0.25559,0.19658,0.048491,0.037297
10.235,0.22286,0.17077,0.041125,0.031683
10.723,0.19432,0.14835,0.034877,0.026914
11.233,0.16943,0.12887,0.029578,0.022862
11.768,0.14769,0.11193,0.025059,0.019393
12.328,0.12874,0.097222,0.021231,0.01645
12.915,0.11222,0.084444,0.017987,0.013954
13.53,0.097817,0.073344,0.015239,0.011836
14.175,0.085262,0.063704,0.01291,0.010039
14.85,0.074302,0.055332,0.010935,0.0085109
15.557,0.064751,0.04806,0.0092622,0.007215
16.298,0.056427,0.041744,0.0078452,0.0061164
17.074,0.049173,0.036258,0.0066449,0.0051851
17.886,0.04285,0.031493,0.0056285,0.0043956
18.738,0.037333,0.027357,0.0047688,0.0037268
19.63,0.032526,0.023764,0.0040404,0.0031597
20.565,0.028338,0.020643,0.0034233,0.002679
21.544,0.024689,0.017931,0.0029004,0.0022713
22.57,0.021508,0.015576,0.0024576,0.0019259
23.645,0.018731,0.013528,0.0020835,0.0016336
24.771,0.016312,0.011749,0.0017664,0.0013858
25.95,0.014205,0.010204,0.0014975,0.0011755
27.186,0.012371,0.0088619,0.0012695,0.00099711
28.48,0.010771,0.0076956,0.0010765,0.00084598
29.836,0.009374,0.0066801,0.0009135,0.00071827
31.257,0.0081578,0.0057986,0.00077519,0.00060984
32.745,0.0070994,0.0050334,0.00065781,0.00051777
34.305,0.0061783,0.0043692,0.00055821,0.00043961
35.938,0.0053753,0.0037918,0.00047384,0.00037337
37.649,0.0046736,0.0032889,0.00040259,0.00031738
39.442,0.0040635,0.0028527,0.00034205,0.00026979
41.32,0.003533,0.0024744,0.00029061,0.00022933
43.288,0.0030717,0.0021462,0.0002469,0.00019494
45.349,0.0026694,0.0018607,0.00020987,0.00016579
47.508,0.0023175,0.0016116,0.00017857,0.00014112
49.77,0.002012,0.0013959,0.00015194,0.00012013
52.14,0.0017468,0.0012091,0.00012928,0.00010225
54.623,0.0015165,0.0010472,0.00011,8.704e-5
57.224,0.0013155,0.00090626,9.3662e-5,7.4135e-5
59.948,0.0011396,0.00078312,7.9852e-5,6.3209e-5
62.803,0.00098714,0.00067672,6.8078e-5,5.3892e-5
65.793,0.00085511,0.00058478,5.804e-5,4.5949e-5
68.926,0.00074074,0.00050532,4.9482e-5,3.9177e-5
72.208,0.00064172,0.00043656,4.2222e-5,3.3424e-5
75.646,0.000556,0.00037702,3.6068e-5,2.854e-5
79.248,0.00048173,0.0003256,3.0811e-5,2.4369e-5
83.022,0.00041738,0.0002812,2.6321e-5,2.0808e-5
86.975,0.00036162,0.00024285,2.2485e-5,1.7767e-5
91.116,0.00031348,0.00020973,1.9222e-5,1.5178e-5
95.455,0.0002719,0.00018112,1.6446e-5,1.2974e-5
100.0,0.00023583,0.00015642,1.4072e-5,1.1089e-5
1.0,184.93,164.7,84.261,59.572
1.0476,162.65,144.68,73.688,52.112
1.0975,143.05,127.09,64.441,45.586
1.1498,125.73,111.49,56.233,39.8
1.2045,110.44,97.696,48.973,34.689
1.2619,97.01,85.608,42.65,30.234
1.3219,85.215,75.015,37.143,26.351
1.3849,74.853,65.733,32.348,22.967
1.4508,65.658,57.539,28.106,19.976
1.5199,57.531,50.327,24.378,17.347
1.5923,50.411,44.019,21.145,15.065
1.6681,44.171,38.502,18.34,13.082
1.7475,38.704,33.676,15.908,11.361
1.8307,33.945,29.449,13.763,9.8435
1.9179,29.789,25.749,11.889,8.5171
2.0092,26.142,22.514,10.27,7.3694
2.1049,22.941,19.685,8.872,6.3764
2.2051,20.132,17.212,7.6641,5.5171
2.3101,17.626,15.018,6.6026,4.7616
2.4201,15.414,13.09,5.6806,4.1046
2.5354,13.48,11.41,4.8874,3.5382
2.6561,11.789,9.9456,4.205,3.0499
2.7826,10.309,8.669,3.6178,2.629
2.9151,8.9735,7.5297,3.1036,2.2598
3.0539,7.7968,6.5315,2.6595,1.9405
3.1993,6.7743,5.6656,2.2789,1.6662
3.3516,5.8859,4.9144,1.9528,1.4307
3.5112,5.114,4.2628,1.6734,1.2284
3.6784,4.4608,3.7055,1.4297,1.0518
3.8535,3.8954,3.2231,1.2204,0.89977
4.037,3.4017,2.8034,1.0418,0.76972
4.2292,2.9706,2.4384,0.88929,0.65846
4.4306,2.5941,2.1209,0.75912,0.56328
4.6416,2.2643,1.8442,0.64647,0.48077
4.8626,1.9763,1.6035,0.55026,0.41014
5.0941,1.7249,1.3942,0.46837,0.34988
5.3367,1.5054,1.2122,0.39866,0.29848
5.5908,1.3139,1.0539,0.33933,0.25462
5.857,1.1463,0.91617,0.28849,0.21696
6.1359,1.0001,0.79641,0.24523,0.18484
6.4281,0.87249,0.6923,0.20845,0.15748
6.7342,0.76117,0.60179,0.17719,0.13416
7.0548,0.66404,0.5231,0.15062,0.11429
7.3907,0.57919,0.45462,0.12793,0.097277
7.7426,0.50516,0.39509,0.10865,0.082786
8.1113,0.44059,0.34335,0.092273,0.070453
8.4975,0.38428,0.29838,0.078366,0.059956
8.9022,0.33516,0.2593,0.066555,0.051023
9.326,0.29224,0.22527,0.056444,0.043344
9.7701,0.25481,0.1957,0.047867,0.036819
10.235,0.22218,0.17001,0.040593,0.031276
10.723,0.19372,0.14769,0.034425,0.026567
11.233,0.1689,0.1283,0.029193,0.022566
11.768,0.14723,0.11144,0.024732,0.019141
12.328,0.12834,0.09679,0.020953,0.016236
12.915,0.11187,0.084069,0.017751,0.013772
13.53,0.097511,0.073019,0.015038,0.011681
14.175,0.084995,0.063421,0.01274,0.0099078
14.85,0.074069,0.055086,0.010791,0.0083993
15.557,0.064546,0.047847,0.0091399,0.0071204
16.298,0.056248,0.041558,0.0077416,0.0060362
17.074,0.049016,0.036096,0.0065571,0.0051171
17.886,0.042712,0.031353,0.0055541,0.004338
18.738,0.037212,0.027235,0.0047059,0.0036781
19.63,0.03242,0.023657,0.0039872,0.0031185
20.565,0.028245,0.02055,0.0033783,0.0026441
21.544,0.024608,0.017851,0.0028624,0.0022418
22.57,0.021437,0.015505,0.0024255,0.0019009
23.645,0.018668,0.013466,0.0020564,0.0016126
24.771,0.016257,0.011695,0.0017434,0.001368
25.95,0.014157,0.010157,0.0014781,0.0011604
27.186,0.012328,0.0088212,0.0012532,0.00098441
28.48,0.010734,0.0076601,0.0010627,0.00083525
29.836,0.0093412,0.0066491,0.00090184,0.00070921
31.257,0.008129,0.0057715,0.00076535,0.00060219
32.745,0.007074,0.0050098,0.00064951,0.00051132
34.305,0.006156,0.0043486,0.0005512,0.00043416
35.938,0.0053557,0.0037738,0.00046793,0.00036877
37.649,0.0046563,0.0032732,0.0003976,0.0003135
39.442,0.0040483,0.0028389,0.00033784,0.00026652
41.32,0.0035197,0.0024623,0.00028706,0.00022657
43.288,0.00306,0.0021357,0.00024391,0.00019261
45.349,0.0026592,0.0018515,0.00020735,0.00016382
47.508,0.0023085,0.0016036,0.00017644,0.00013946
49.77,0.0020041,0.0013889,0.00015014,0.00011872
52.14,0.0017398,0.0012029,0.00012776,0.00010107
54.623,0.0015104,0.0010419,0.00010872,8.6041e-5
57.224,0.0013101,0.00090156,9.2584e-5,7.3292e-5
59.948,0.0011348,0.00077902,7.8943e-5,6.2497e-5
62.803,0.00098297,0.00067313,6.7311e-5,5.3291e-5
65.793,0.00085144,0.00058164,5.7393e-5,4.5441e-5
68.926,0.00073751,0.00050258,4.8936e-5,3.8748e-5
72.208,0.00063888,0.00043416,4.1761e-5,3.3061e-5
75.646,0.00055351,0.00037493,3.5679e-5,2.8233e-5
79.248,0.00047954,0.00032377,3.0483e-5,2.411e-5
83.022,0.00041546,0.0002796,2.6044e-5,2.0589e-5
86.975,0.00035994,0.00024146,2.2251e-5,1.7582e-5
91.116,0.00031201,0.00020852,1.9024e-5,1.5022e-5
95.455,0.00027061,0.00018007,1.628e-5,1.2841e-5
100.0,0.00023471,0.00015551,1.3931e-5,1.0977e-5
1.0,184.55,164.17,83.721,59.182
1.0476,162.3,144.2,73.204,51.763
1.0975,142.74,126.66,64.009,45.273
1.1498,125.45,111.11,55.846,39.521
1.2045,110.19,97.355,48.628,34.44
1.2619,96.791,85.304,42.343,30.013
1.3219,85.019,74.744,36.871,26.154
1.3849,74.678,65.492,32.105,22.791
1.4508,65.502,57.325,27.89,19.82
1.5199,57.394,50.137,24.187,17.209
1.5923,50.288,43.851,20.976,14.942
1.6681,44.062,38.353,18.191,12.974
1.7475,38.607,33.544,15.776,11.265
1.8307,33.86,29.332,13.646,9.759
1.9179,29.714,25.646,11.787,8.4427
2.0092,26.075,22.423,10.18,7.3039
2.1049,22.882,19.605,8.7927,6.3187
2.2051,20.08,17.141,7.5944,5.4664
2.3101,17.58,14.955,6.5415,4.7171
2.4201,15.373,13.035,5.6272,4.0656
2.5354,13.444,11.362,4.8407,3.504
2.6561,11.757,9.9031,4.1642,3.02
2.7826,10.281,8.6316,3.5821,2.6029
2.9151,8.9485,7.4968,3.0725,2.237
3.0539,7.7746,6.5025,2.6324,1.9206
3.1993,6.7547,5.6401,2.2554,1.6489
3.3516,5.8685,4.892,1.9324,1.4156
3.5112,5.0985,4.2431,1.6556,1.2153
3.6784,4.4472,3.6883,1.4143,1.0404
3.8535,3.8836,3.2081,1.2071,0.88991
4.037,3.3913,2.7904,1.0303,0.76117
4.2292,2.9615,2.427,0.87933,0.65106
4.4306,2.5861,2.111,0.75051,0.55687
4.6416,2.2573,1.8356,0.63905,0.47523
4.8626,1.9702,1.596,0.54387,0.40536
5.0941,1.7196,1.3877,0.46286,0.34576
5.3367,1.5008,1.2065,0.39392,0.29492
5.5908,1.3099,1.049,0.33525,0.25155
5.857,1.1428,0.91192,0.28499,0.21433
6.1359,0.99702,0.79272,0.24223,0.18258
6.4281,0.86981,0.6891,0.20588,0.15553
6.7342,0.75883,0.59901,0.17498,0.13249
7.0548,0.662,0.5207,0.14873,0.11286
7.3907,0.5774,0.45253,0.12631,0.096049
7.7426,0.50361,0.39328,0.10727,0.081735
8.1113,0.43924,0.34178,0.091093,0.069554
8.4975,0.38309,0.29703,0.077358,0.059187
8.9022,0.33412,0.25813,0.065694,0.050365
9.326,0.29133,0.22425,0.055711,0.042783
9.7701,0.25402,0.19481,0.047243,0.036341
10.235,0.22149,0.16924,0.040062,0.030868
10.723,0.19312,0.14702,0.033972,0.026219
11.233,0.16838,0.12772,0.028807,0.022269
11.768,0.14677,0.11094,0.024405,0.018889
12.328,0.12794,0.096357,0.020675,0.016022
12.915,0.11152,0.083692,0.017515,0.01359
13.53,0.097205,0.072692,0.014838,0.011527
14.175,0.084727,0.063138,0.01257,0.0097764
14.85,0.073834,0.05484,0.010647,0.0082879
15.557,0.064341,0.047633,0.0090178,0.007026
16.298,0.056068,0.041372,0.0076381,0.0059562
17.074,0.048858,0.035935,0.0064694,0.0050492
17.886,0.042574,0.031212,0.0054798,0.0042805
18.738,0.037091,0.027112,0.0046431,0.0036294
19.63,0.032314,0.023551,0.0039342,0.0030774
20.565,0.028152,0.020457,0.0033334,0.0026093
21.544,0.024526,0.01777,0.0028244,0.0022124
22.57,0.021365,0.015435,0.0023934,0.0018761
23.645,0.018605,0.013405,0.0020293,0.0015916
24.771,0.016202,0.011642,0.0017206,0.0013502
25.95,0.014108,0.01011,0.0014588,0.0011455
27.186,0.012286,0.0087805,0.0012369,0.00097175
28.48,0.010697,0.0076246,0.0010489,0.00082456
29.836,0.0093083,0.0066181,0.00089023,0.00070019
31.257,0.0081001,0.0057444,0.00075555,0.00059458
32.745,0.0070486,0.0049861,0.00064124,0.0005049
34.305,0.0061336,0.0043279,0.00054422,0.00042874
35.938,0.005336,0.0037558,0.00046204,0.00036419
37.649,0.0046391,0.0032574,0.00039263,0.00030964
39.442,0.0040332,0.0028251,0.00033365,0.00026326
41.32,0.0035063,0.0024503,0.00028353,0.00022382
43.288,0.0030483,0.0021251,0.00024093,0.0001903
45.349,0.0026489,0.0018423,0.00020484,0.00016186
47.508,0.0022995,0.0015955,0.00017432,0.00013781
49.77,0.0019962,0.0013818,0.00014836,0.00011733
52.14,0.0017328,0.0011968,0.00012626,9.9893e-5
54.623,0.0015042,0.0010365,0.00010745,8.5048e-5
57.224,0.0013047,0.00089687,9.1513e-5,7.2454e-5
59.948,0.0011301,0.00077492,7.8038e-5,6.1788e-5
62.803,0.0009788,0.00066954,6.6548e-5,5.2693e-5
65.793,0.00084777,0.0005785,5.675e-5,4.4936e-5
68.926,0.00073428,0.00049983,4.8394e-5,3.8321e-5
72.208,0.00063604,0.00043176,4.1303e-5,3.2701e-5
75.646,0.00055102,0.00037283,3.5293e-5,2.7928e-5
79.248,0.00047736,0.00032195,3.0157e-5,2.3852e-5
83.022,0.00041355,0.00027801,2.5768e-5,2.0371e-5
86.975,0.00035827,0.00024007,2.2018e-5,1.7398e-5
91.116,0.00031054,0.00020731,1.8828e-5,1.4866e-5
95.455,0.00026933,0.00017902,1.6114e-5,1.2709e-5
100.0,0.00023359,0.00015459,1.379e-5,1.0865e-5
1.0,184.16,163.63,83.175,58.788
1.0476,161.95,143.72,72.715,51.41
1.0975,142.42,126.23,63.571,44.957
1.1498,125.17,110.72,55.455,39.239
1.2045,109.94,97.011,48.28,34.189
1.2619,96.568,84.997,42.033,29.789
1.3219,84.82,74.471,36.595,25.955
1.3849,74.502,65.248,31.86,22.614
1.4508,65.345,57.108,27.673,19.663
1.5199,57.254,49.945,23.995,17.07
1.5923,50.164,43.681,20.805,14.819
1.6681,43.952,38.202,18.04,12.865
1.7475,38.51,33.41,15.642,11.169
1.8307,33.774,29.214,13.529,9.6738
1.9179,29.637,25.541,11.683,8.3677
2.0092,26.007,22.331,10.089,7.2379
2.1049,22.822,19.524,8.7128,6.2606
2.2051,20.027,17.069,7.5241,5.4152
2.3101,17.533,14.892,6.48,4.6722
2.4201,15.332,12.98,5.5734,4.0263
2.5354,13.407,11.313,4.7937,3.4696
2.6561,11.724,9.8602,4.1231,2.9899
2.7826,10.253,8.5938,3.5462,2.5765
2.9151,8.9232,7.4637,3.0412,2.2141
3.0539,7.7522,6.4734,2.6052,1.9006
3.1993,6.7348,5.6144,2.2318,1.6315
3.3516,5.8509,4.8694,1.9118,1.4005
3.5112,5.083,4.2232,1.6377,1.2021
3.6784,4.4335,3.671,1.3988,1.029
3.8535,3.8716,3.193,1.1937,0.87999
4.037,3.3809,2.7772,1.0187,0.75259
4.2292,2.9523,2.4156,0.86933,0.64362
4.4306,2.5781,2.101,0.74186,0.55042
4.6416,2.2503,1.8269,0.6316,0.46967
4.8626,1.9641,1.5885,0.53745,0.40056
5.0941,1.7142,1.3811,0.45734,0.34163
5.3367,1.4962,1.2008,0.38917,0.29135
5.5908,1.3058,1.0441,0.33116,0.24848
5.857,1.1393,0.90765,0.28148,0.21169
6.1359,0.99392,0.78902,0.23922,0.18031
6.4281,0.86711,0.68589,0.2033,0.15358
6.7342,0.75647,0.59623,0.17277,0.13082
7.0548,0.65995,0.51828,0.14683,0.11142
7.3907,0.57561,0.45044,0.12469,0.09482
7.7426,0.50204,0.39147,0.10588,0.080684
8.1113,0.43787,0.34021,0.089912,0.068654
8.4975,0.3819,0.29566,0.07635,0.058417
8.9022,0.33309,0.25695,0.064833,0.049706
9.326,0.29043,0.22323,0.054977,0.042222
9.7701,0.25323,0.19393,0.046619,0.035862
10.235,0.2208,0.16847,0.03953,0.03046
10.723,0.19252,0.14636,0.03352,0.025872
11.233,0.16785,0.12714,0.028422,0.021973
11.768,0.14631,0.11044,0.024078,0.018637
12.328,0.12753,0.095922,0.020397,0.015808
12.915,0.11117,0.083315,0.017279,0.013408
13.53,0.096897,0.072365,0.014638,0.011372
14.175,0.084458,0.062854,0.0124,0.0096451
14.85,0.073599,0.054593,0.010503,0.0081767
15.557,0.064135,0.047418,0.0088959,0.0069317
16.298,0.055888,0.041186,0.0075348,0.0058763
17.074,0.0487,0.035773,0.006382,0.0049815
17.886,0.042436,0.031071,0.0054058,0.0042231
18.738,0.03697,0.026989,0.0045805,0.0035809
19.63,0.032208,0.023444,0.0038812,0.0030364
20.565,0.028059,0.020364,0.0032887,0.0025746
21.544,0.024444,0.017689,0.0027866,0.0021831
22.57,0.021293,0.015365,0.0023614,0.0018513
23.645,0.018542,0.013343,0.0020023,0.0015706
24.771,0.016146,0.011588,0.0016978,0.0013325
25.95,0.01406,0.010064,0.0014396,0.0011305
27.186,0.012243,0.0087397,0.0012206,0.00095914
28.48,0.010659,0.007589,0.0010352,0.00081392
29.836,0.0092753,0.006587,0.00087865,0.00069121
31.257,0.0080711,0.0057173,0.00074578,0.000587
32.745,0.0070232,0.0049624,0.000633,0.0004985
34.305,0.0061113,0.0043072,0.00053728,0.00042334
35.938,0.0053164,0.0037377,0.00045618,0.00035964
37.649,0.0046218,0.0032416,0.00038769,0.0003058
39.442,0.004018,0.0028114,0.00032948,0.00026001
41.32,0.003493,0.0024382,0.00028001,0.00022109
43.288,0.0030366,0.0021146,0.00023797,0.00018799
45.349,0.0026386,0.0018331,0.00020234,0.00015992
47.508,0.0022904,0.0015875,0.00017222,0.00013616
49.77,0.0019882,0.0013748,0.00014658,0.00011594
52.14,0.0017259,0.0011906,0.00012476,9.8722e-5
54.623,0.0014981,0.0010311,0.00010618,8.406e-5
57.224,0.0012993,0.00089218,9.0446e-5,7.162e-5
59.948,0.0011253,0.00077081,7.7139e-5,6.1084e-5
62.803,0.00097462,0.00066596,6.5789e-5,5.2098e-5
65.793,0.0008441,0.00057536,5.611e-5,4.4434e-5
68.926,0.00073105,0.00049709,4.7854e-5,3.7897e-5
72.208,0.00063321,0.00042937,4.0848e-5,3.2342e-5
75.646,0.00054854,0.00037075,3.4908e-5,2.7625e-5
79.248,0.00047518,0.00032013,2.9832e-5,2.3596e-5
83.022,0.00041164,0.00027642,2.5494e-5,2.0155e-5
86.975,0.00035659,0.00023868,2.1787e-5,1.7215e-5
91.116,0.00030907,0.0002061,1.8633e-5,1.4711e-5
95.455,0.00026805,0.00017797,1.5949e-5,1.2578e-5
100.0,0.00023247,0.00015368,1.3651e-5,1.0754e-5
1.0,183.76,163.09,82.622,58.389
1.0476,161.6,143.23,72.221,51.052
1.0975,142.11,125.79,63.128,44.638
1.1498,124.89,110.33,55.06,38.954
1.2045,109.69,96.662,47.928,33.935
1.2619,96.342,84.686,41.72,29.563
1.3219,84.619,74.194,36.316,25.753
1.3849,74.322,65.001,31.612,22.435
1.4508,65.186,56.889,27.453,19.504
1.5199,57.113,49.751,23.8,16.929
1.5923,50.039,43.509,20.633,14.694
1.6681,43.841,38.049,17.888,12.755
1.7475,38.411,33.275,15.508,11.071
1.8307,33.686,29.094,13.41,9.5878
1.9179,29.56,25.436,11.579,8.2919
2.0092,25.939,22.238,9.9976,7.1712
2.1049,22.762,19.442,8.6322,6.2019
2.2051,19.973,16.997,7.4533,5.3636
2.3101,17.486,14.829,6.418,4.627
2.4201,15.29,12.924,5.5192,3.9867
2.5354,13.371,11.264,4.7463,3.435
2.6561,11.692,9.8169,4.0817,2.9596
2.7826,10.224,8.5558,3.5101,2.55
2.9151,8.8977,7.4302,3.0097,2.1909
3.0539,7.7296,6.4439,2.5779,1.8805
3.1993,6.7148,5.5886,2.208,1.6139
3.3516,5.8331,4.8467,1.8912,1.3852
3.5112,5.0672,4.2033,1.6198,1.1889
3.6784,4.4198,3.6536,1.3833,1.0175
3.8535,3.8596,3.1778,1.1803,0.87003
4.037,3.3703,2.764,1.0071,0.74396
4.2292,2.9431,2.4041,0.85928,0.63615
4.4306,2.57,2.091,0.73318,0.54395
4.6416,2.2433,1.8182,0.62412,0.46408
4.8626,1.9579,1.5809,0.53101,0.39575
5.0941,1.7089,1.3746,0.4518,0.33748
5.3367,1.4915,1.1951,0.3844,0.28778
5.5908,1.3017,1.0391,0.32705,0.2454
5.857,1.1357,0.90336,0.27796,0.20904
6.1359,0.99081,0.7853,0.2362,0.17804
6.4281,0.8644,0.68266,0.20071,0.15163
6.7342,0.75411,0.59343,0.17056,0.12914
7.0548,0.65788,0.51586,0.14493,0.10998
7.3907,0.57381,0.44834,0.12307,0.093588
7.7426,0.50047,0.38965,0.1045,0.07963
8.1113,0.4365,0.33863,0.08873,0.067753
8.4975,0.38071,0.2943,0.07534,0.057647
8.9022,0.33204,0.25576,0.063971,0.049048
9.326,0.28952,0.2222,0.054244,0.04166
9.7701,0.25244,0.19304,0.045994,0.035384
10.235,0.2201,0.1677,0.038999,0.030052
10.723,0.19191,0.14569,0.033067,0.025524
11.233,0.16732,0.12656,0.028037,0.021677
11.768,0.14585,0.10993,0.023751,0.018386
12.328,0.12713,0.095486,0.02012,0.015594
12.915,0.11081,0.082937,0.017044,0.013226
13.53,0.096589,0.072037,0.014438,0.011218
14.175,0.084188,0.062569,0.01223,0.009514
14.85,0.073362,0.054345,0.010359,0.0080656
15.557,0.063928,0.047203,0.0087742,0.0068376
16.298,0.055706,0.040999,0.0074318,0.0057965
17.074,0.048542,0.03561,0.0062947,0.0049139
17.886,0.042297,0.03093,0.0053319,0.0041659
18.738,0.036848,0.026866,0.004518,0.0035325
19.63,0.032101,0.023337,0.0038284,0.0029954
20.565,0.027965,0.020271,0.0032441,0.00254
21.544,0.024362,0.017608,0.0027489,0.0021538
22.57,0.021221,0.015294,0.0023295,0.0018265
23.645,0.018479,0.013282,0.0019754,0.0015497
24.771,0.016091,0.011534,0.001675,0.0013149
25.95,0.014011,0.010017,0.0014204,0.0011156
27.186,0.0122,0.0086988,0.0012044,0.00094658
28.48,0.010622,0.0075534,0.0010215,0.00080331
29.836,0.0092423,0.0065559,0.00086713,0.00068226
31.257,0.0080421,0.0056901,0.00073606,0.00057945
32.745,0.0069977,0.0049387,0.0006248,0.00049213
34.305,0.0060889,0.0042865,0.00053036,0.00041797
35.938,0.0052967,0.0037196,0.00045035,0.0003551
37.649,0.0046046,0.0032258,0.00038277,0.00030197
39.442,0.0040028,0.0027976,0.00032533,0.00025679
41.32,0.0034797,0.0024262,0.00027651,0.00021836
43.288,0.0030249,0.0021041,0.00023502,0.00018569
45.349,0.0026283,0.0018239,0.00019985,0.00015798
47.508,0.0022814,0.0015795,0.00017012,0.00013453
49.77,0.0019803,0.0013678,0.00014481,0.00011456
52.14,0.0017189,0.0011845,0.00012327,9.7557e-5
54.623,0.001492,0.0010258,0.00010493,8.3077e-5
57.224,0.0012939,0.00088749,8.9386e-5,7.079e-5
59.948,0.0011206,0.00076671,7.6244e-5,6.0383e-5
62.803,0.00097045,0.00066237,6.5035e-5,5.1506e-5
65.793,0.00084043,0.00057223,5.5473e-5,4.3934e-5
68.926,0.00072783,0.00049435,4.7317e-5,3.7475e-5
72.208,0.00063038,0.00042697,4.0395e-5,3.1986e-5
75.646,0.00054605,0.00036866,3.4526e-5,2.7324e-5
79.248,0.000473,0.00031831,2.951e-5,2.3341e-5
83.022,0.00040973,0.00027483,2.5222e-5,1.9939e-5
86.975,0.00035492,0.0002373,2.1558e-5,1.7033e-5
91.116,0.00030761,0.00020489,1.8439e-5,1.4557e-5
95.455,0.00026677,0.00017692,1.5784e-5,1.2448e-5
100.0,0.00023136,0.00015277,1.3512e-5,1.0644e-5
1.0,183.36,162.53,82.063,57.985
1.0476,161.24,142.73,71.72,50.691
1.0975,141.78,125.35,62.681,44.314
1.1498,124.6,109.94,54.661,38.666
1.2045,109.43,96.309,47.572,33.678
1.2619,96.114,84.372,41.403,29.334
1.3219,84.416,73.914,36.034,25.55
1.3849,74.141,64.752,31.361,22.254
1.4508,65.025,56.668,27.231,19.343
1.5199,56.97,49.555,23.604,16.787
1.5923,49.912,43.335,20.459,14.569
1.6681,43.729,37.895,17.734,12.643
1.7475,38.311,33.138,15.372,10.973
1.8307,33.598,28.974,13.291,9.5009
1.9179,29.482,25.33,11.474,8.2155
2.0092,25.87,22.144,9.9051,7.104
2.1049,22.701,19.359,8.551,6.1428
2.2051,19.919,16.924,7.382,5.3116
2.3101,17.438,14.765,6.3555,4.5814
2.4201,15.248,12.868,5.4646,3.9468
2.5354,13.333,11.214,4.6986,3.4001
2.6561,11.659,9.7733,4.04,2.9291
2.7826,10.195,8.5175,3.4737,2.5233
2.9151,8.872,7.3965,2.9781,2.1677
3.0539,7.7068,6.4143,2.5503,1.8602
3.1993,6.6946,5.5625,2.1841,1.5963
3.3516,5.8153,4.8238,1.8704,1.3699
3.5112,5.0514,4.1831,1.6017,1.1755
3.6784,4.4059,3.636,1.3677,1.0059
3.8535,3.8474,3.1625,1.1668,0.86001
4.037,3.3597,2.7507,0.9954,0.73529
4.2292,2.9338,2.3925,0.84919,0.62864
4.4306,2.5619,2.0809,0.72446,0.53746
4.6416,2.2362,1.8094,0.61661,0.45848
4.8626,1.9517,1.5733,0.52455,0.39092
5.0941,1.7035,1.368,0.44624,0.33331
5.3367,1.4868,1.1894,0.37962,0.28419
5.5908,1.2976,1.0342,0.32294,0.2423
5.857,1.1321,0.89904,0.27443,0.20638
6.1359,0.98768,0.78155,0.23318,0.17576
6.4281,0.86167,0.67941,0.19812,0.14967
6.7342,0.75173,0.59062,0.16834,0.12746
7.0548,0.65581,0.51342,0.14303,0.10854
7.3907,0.572,0.44623,0.12145,0.092355
7.7426,0.49889,0.38782,0.10311,0.078576
8.1113,0.43513,0.33705,0.087546,0.066852
8.4975,0.37951,0.29292,0.07433,0.056876
8.9022,0.331,0.25457,0.063108,0.048388
9.326,0.28861,0.22117,0.05351,0.041099
9.7701,0.25164,0.19214,0.045369,0.034905
10.235,0.21941,0.16693,0.038467,0.029645
10.723,0.1913,0.14502,0.032615,0.025177
11.233,0.16679,0.12598,0.027652,0.021381
11.768,0.14539,0.10943,0.023424,0.018134
12.328,0.12673,0.095048,0.019843,0.015381
12.915,0.11046,0.082557,0.016808,0.013045
13.53,0.096279,0.071707,0.014238,0.011064
14.175,0.083918,0.062283,0.012061,0.0093831
14.85,0.073125,0.054097,0.010216,0.0079547
15.557,0.063721,0.046987,0.0086527,0.0067436
16.298,0.055525,0.040811,0.0073289,0.0057169
17.074,0.048383,0.035447,0.0062076,0.0048465
17.886,0.042158,0.030788,0.0052581,0.0041087
18.738,0.036726,0.026743,0.0044557,0.0034842
19.63,0.031994,0.02323,0.0037758,0.0029546
20.565,0.027871,0.020178,0.0031995,0.0025055
21.544,0.02428,0.017527,0.0027112,0.0021247
22.57,0.021149,0.015223,0.0022978,0.0018019
23.645,0.018416,0.01322,0.0019486,0.0015289
24.771,0.016035,0.01148,0.0016524,0.0012973
25.95,0.013962,0.0099698,0.0014013,0.0011008
27.186,0.012157,0.0086579,0.0011883,0.00093406
28.48,0.010584,0.0075177,0.0010079,0.00079274
29.836,0.0092093,0.0065248,0.00085565,0.00067334
31.257,0.0080131,0.0056629,0.00072638,0.00057192
32.745,0.0069722,0.004915,0.00061664,0.00048578
34.305,0.0060665,0.0042658,0.00052347,0.00041261
35.938,0.0052771,0.0037015,0.00044454,0.00035059
37.649,0.0045873,0.00321,0.00037788,0.00029816
39.442,0.0039876,0.0027838,0.00032121,0.00025357
41.32,0.0034663,0.0024141,0.00027303,0.00021565
43.288,0.0030132,0.0020935,0.00023208,0.0001834
45.349,0.002618,0.0018147,0.00019738,0.00015605
47.508,0.0022723,0.0015714,0.00016803,0.0001329
49.77,0.0019723,0.0013608,0.00014305,0.00011319
52.14,0.0017119,0.0011784,0.00012178,9.6398e-5
54.623,0.0014859,0.0010204,0.00010368,8.2099e-5
57.224,0.0012886,0.00088281,8.8331e-5,6.9964e-5
59.948,0.0011158,0.00076262,7.5355e-5,5.9686e-5
62.803,0.00096628,0.00065879,6.4285e-5,5.0917e-5
65.793,0.00083676,0.0005691,5.4841e-5,4.3437e-5
68.926,0.0007246,0.00049162,4.6784e-5,3.7056e-5
72.208,0.00062754,0.00042458,3.9945e-5,3.1631e-5
75.646,0.00054357,0.00036657,3.4146e-5,2.7024e-5
79.248,0.00047083,0.00031649,2.9189e-5,2.3088e-5
83.022,0.00040782,0.00027325,2.4952e-5,1.9725e-5
86.975,0.00035324,0.00023591,2.1329e-5,1.6852e-5
91.116,0.00030614,0.00020369,1.8246e-5,1.4404e-5
95.455,0.00026549,0.00017588,1.5621e-5,1.2318e-5
100.0,0.00023024,0.00015186,1.3374e-5,1.0534e-5
1.0,182.95,161.97,81.496,57.575
1.0476,160.87,142.23,71.213,50.324
1.0975,141.46,124.9,62.227,43.986
1.1498,124.31,109.53,54.256,38.373
1.2045,109.17,95.951,47.212,33.417
1.2619,95.882,84.053,41.082,29.102
1.3219,84.209,73.63,35.749,25.344
1.3849,73.957,64.499,31.108,22.071
1.4508,64.861,56.443,27.006,19.18
1.5199,56.824,49.356,23.405,16.643
1.5923,49.783,43.158,20.284,14.441
1.6681,43.614,37.739,17.579,12.531
1.7475,38.21,33.0,15.235,10.873
1.8307,33.508,28.852,13.17,9.4131
1.9179,29.403,25.222,11.367,8.1382
2.0092,25.8,22.049,9.8117,7.036
2.1049,22.639,19.275,8.4689,6.083
2.2051,19.865,16.85,7.3099,5.2591
2.3101,17.39,14.7,6.2924,4.5354
2.4201,15.205,12.811,5.4095,3.9065
2.5354,13.296,11.164,4.6505,3.3648
2.6561,11.626,9.7292,3.9979,2.8982
2.7826,10.165,8.4787,3.4369,2.4963
2.9151,8.8459,7.3624,2.9461,2.1442
3.0539,7.6837,6.3843,2.5226,1.8398
3.1993,6.6741,5.5362,2.1599,1.5786
3.3516,5.7972,4.8006,1.8494,1.3544
3.5112,5.0354,4.1628,1.5836,1.1621
3.6784,4.3919,3.6183,1.3519,0.99424
3.8535,3.8351,3.1471,1.1532,0.84993
4.037,3.349,2.7373,0.98365,0.72656
4.2292,2.9244,2.3808,0.83904,0.62109
4.4306,2.5537,2.0707,0.71569,0.53092
4.6416,2.229,1.8006,0.60906,0.45284
4.8626,1.9455,1.5656,0.51806,0.38606
5.0941,1.698,1.3613,0.44065,0.32913
5.3367,1.482,1.1836,0.37481,0.28058
5.5908,1.2935,1.0291,0.31881,0.2392
5.857,1.1285,0.89469,0.27089,0.20371
6.1359,0.98453,0.77778,0.23014,0.17347
6.4281,0.85891,0.67615,0.19552,0.14771
6.7342,0.74932,0.58779,0.16611,0.12577
7.0548,0.65371,0.51097,0.14112,0.1071
7.3907,0.57018,0.4441,0.11982,0.091118
7.7426,0.4973,0.38597,0.10172,0.077518
8.1113,0.43374,0.33545,0.08636,0.065948
8.4975,0.3783,0.29154,0.073317,0.056103
8.9022,0.32994,0.25338,0.062244,0.047728
9.326,0.28768,0.22013,0.052774,0.040536
9.7701,0.25084,0.19125,0.044744,0.034426
10.235,0.21871,0.16615,0.037935,0.029236
10.723,0.19069,0.14434,0.032162,0.024829
11.233,0.16626,0.1254,0.027267,0.021085
11.768,0.14492,0.10892,0.023097,0.017883
12.328,0.12632,0.094608,0.019565,0.015167
12.915,0.1101,0.082176,0.016573,0.012863
13.53,0.095967,0.071376,0.014038,0.01091
14.175,0.083645,0.061996,0.011891,0.0092521
14.85,0.072887,0.053848,0.010072,0.0078437
15.557,0.063512,0.04677,0.0085313,0.0066497
16.298,0.055342,0.040623,0.0072261,0.0056373
17.074,0.048223,0.035284,0.0061206,0.0047791
17.886,0.042018,0.030646,0.0051845,0.0040517
18.738,0.036603,0.026619,0.0043935,0.003436
19.63,0.031886,0.023122,0.0037232,0.0029139
20.565,0.027777,0.020084,0.0031551,0.0024711
21.544,0.024197,0.017445,0.0026737,0.0020955
22.57,0.021077,0.015152,0.002266,0.0017773
23.645,0.018352,0.013158,0.0019218,0.0015082
24.771,0.015979,0.011426,0.0016298,0.0012798
25.95,0.013913,0.0099227,0.0013822,0.001086
27.186,0.012114,0.0086169,0.0011722,0.00092156
28.48,0.010546,0.0074819,0.00099434,0.0007822
29.836,0.009176,0.0064935,0.0008442,0.00066445
31.257,0.0079839,0.0056357,0.00071672,0.00056442
32.745,0.0069466,0.0048911,0.00060849,0.00047945
34.305,0.006044,0.004245,0.00051661,0.00040728
35.938,0.0052573,0.0036834,0.00043875,0.00034609
37.649,0.0045699,0.0031941,0.00037299,0.00029436
39.442,0.0039724,0.0027699,0.00031709,0.00025037
41.32,0.0034529,0.002402,0.00026956,0.00021295
43.288,0.0030014,0.002083,0.00022916,0.00018112
45.349,0.0026077,0.0018055,0.00019491,0.00015413
47.508,0.0022633,0.0015634,0.00016595,0.00013128
49.77,0.0019643,0.0013537,0.0001413,0.00011182
52.14,0.0017049,0.0011722,0.00012031,9.5243e-5
54.623,0.0014797,0.001015,0.00010243,8.1124e-5
57.224,0.0012831,0.00087811,8.7281e-5,6.9142e-5
59.948,0.0011111,0.00075851,7.4469e-5,5.8991e-5
62.803,0.0009621,0.0006552,6.3537e-5,5.0331e-5
65.793,0.00083309,0.00056596,5.421e-5,4.2942e-5
68.926,0.00072137,0.00048887,4.6253e-5,3.6638e-5
72.208,0.00062471,0.00042219,3.9497e-5,3.1278e-5
75.646,0.00054108,0.00036448,3.3768e-5,2.6726e-5
79.248,0.00046864,0.00031467,2.887e-5,2.2836e-5
83.022,0.00040591,0.00027166,2.4682e-5,1.9512e-5
86.975,0.00035156,0.00023453,2.1102e-5,1.6672e-5
91.116,0.00030468,0.00020248,1.8054e-5,1.4252e-5
95.455,0.00026421,0.00017483,1.5459e-5,1.2189e-5
100.0,0.00022912,0.00015095,1.3237e-5,1.0425e-5
1.0,182.53,161.4,80.919,57.157
1.0476,160.5,141.72,70.696,49.95
1.0975,141.12,124.44,61.765,43.652
1.1498,124.01,109.12,53.844,38.075
1.2045,108.91,95.586,46.845,33.152
1.2619,95.644,83.728,40.756,28.866
1.3219,83.997,73.34,35.459,25.134
1.3849,73.769,64.241,30.85,21.884
1.4508,64.694,56.214,26.778,19.015
1.5199,56.676,49.153,23.203,16.497
1.5923,49.652,42.979,20.105,14.312
1.6681,43.498,37.58,17.421,12.416
1.7475,38.107,32.86,15.095,10.772
1.8307,33.417,28.728,13.047,9.324
1.9179,29.322,25.113,11.26,8.0599
2.0092,25.729,21.953,9.717,6.9671
2.1049,22.576,19.19,8.3858,6.0224
2.2051,19.809,16.776,7.2369,5.2058
2.3101,17.34,14.634,6.2285,4.4887
2.4201,15.162,12.753,5.3537,3.8657
2.5354,13.257,11.113,4.6017,3.3292
2.6561,11.592,9.6845,3.9554,2.8671
2.7826,10.135,8.4394,3.3998,2.4691
2.9151,8.8195,7.3279,2.9138,2.1205
3.0539,7.6603,6.354,2.4945,1.8191
3.1993,6.6534,5.5095,2.1356,1.5606
3.3516,5.7788,4.7772,1.8283,1.3388
3.5112,5.0192,4.1422,1.5652,1.1485
3.6784,4.3776,3.6003,1.3361,0.98249
3.8535,3.8227,3.1315,1.1395,0.83976
4.037,3.3381,2.7237,0.97181,0.71775
4.2292,2.9149,2.3689,0.82881,0.61347
4.4306,2.5454,2.0604,0.70686,0.52434
4.6416,2.2218,1.7916,0.60146,0.44716
4.8626,1.9392,1.5579,0.51152,0.38117
5.0941,1.6925,1.3546,0.43503,0.32491
5.3367,1.4772,1.1778,0.36998,0.27695
5.5908,1.2892,1.0241,0.31465,0.23607
5.857,1.1248,0.89029,0.26733,0.20103
6.1359,0.98133,0.77398,0.22709,0.17116
6.4281,0.85613,0.67285,0.19291,0.14573
6.7342,0.74689,0.58493,0.16387,0.12408
7.0548,0.65159,0.50849,0.13921,0.10564
7.3907,0.56833,0.44195,0.11818,0.089875
7.7426,0.49569,0.38411,0.10033,0.076456
8.1113,0.43233,0.33384,0.085168,0.065039
8.4975,0.37707,0.29015,0.0723,0.055327
8.9022,0.32887,0.25217,0.061376,0.047065
9.326,0.28675,0.21908,0.052036,0.039971
9.7701,0.25002,0.19034,0.044116,0.033944
10.235,0.218,0.16536,0.037401,0.028826
10.723,0.19007,0.14366,0.031708,0.02448
11.233,0.16572,0.12481,0.026881,0.020788
11.768,0.14445,0.10841,0.02277,0.01763
12.328,0.1259,0.094164,0.019287,0.014953
12.915,0.10974,0.08179,0.016337,0.012681
13.53,0.095652,0.071042,0.013838,0.010755
14.175,0.083369,0.061706,0.011721,0.0091209
14.85,0.072645,0.053596,0.0099285,0.0077326
15.557,0.0633,0.046551,0.0084096,0.0065556
16.298,0.055157,0.040433,0.0071231,0.0055576
17.074,0.048061,0.035118,0.0060334,0.0047116
17.886,0.041876,0.030502,0.0051107,0.0039945
18.738,0.036479,0.026495,0.0043312,0.0033877
19.63,0.031778,0.023013,0.0036705,0.002873
20.565,0.027682,0.019989,0.0031106,0.0024366
21.544,0.024113,0.017363,0.0026361,0.0020664
22.57,0.021003,0.01508,0.0022343,0.0017527
23.645,0.018288,0.013096,0.001895,0.0014874
24.771,0.015923,0.011372,0.0016072,0.0012623
25.95,0.013864,0.0098752,0.0013631,0.0010712
27.186,0.012071,0.0085755,0.0011561,0.00090907
28.48,0.010508,0.0074458,0.00098077,0.00077166
29.836,0.0091425,0.006462,0.00083276,0.00065556
31.257,0.0079544,0.0056082,0.00070708,0.00055692
32.745,0.0069207,0.0048672,0.00060036,0.00047313
34.305,0.0060213,0.0042241,0.00050975,0.00040194
35.938,0.0052374,0.0036651,0.00043297,0.00034159
37.649,0.0045524,0.0031782,0.00036812,0.00029057
39.442,0.003957,0.002756,0.00031298,0.00024717
41.32,0.0034394,0.0023898,0.0002661,0.00021025
43.288,0.0029896,0.0020723,0.00022624,0.00017885
45.349,0.0025973,0.0017962,0.00019245,0.00015221
47.508,0.0022541,0.0015553,0.00016388,0.00012966
49.77,0.0019563,0.0013466,0.00013955,0.00011045
52.14,0.0016978,0.001166,0.00011883,9.409e-5
54.623,0.0014735,0.0010096,0.00010119,8.0152e-5
57.224,0.0012777,0.00087339,8.6233e-5,6.8321e-5
59.948,0.0011063,0.00075439,7.3585e-5,5.8298e-5
62.803,0.0009579,0.00065159,6.2792e-5,4.9746e-5
65.793,0.00082939,0.00056281,5.3582e-5,4.2448e-5
68.926,0.00071812,0.00048612,4.5723e-5,3.622e-5
72.208,0.00062185,0.00041978,3.905e-5,3.0926e-5
75.646,0.00053858,0.00036239,3.3391e-5,2.6428e-5
79.248,0.00046645,0.00031284,2.8551e-5,2.2584e-5
83.022,0.00040398,0.00027006,2.4413e-5,1.9299e-5
86.975,0.00034988,0.00023314,2.0875e-5,1.6492e-5
91.116,0.0003032,0.00020127,1.7863e-5,1.41e-5
95.455,0.00026293,0.00017378,1.5297e-5,1.206e-5
100.0,0.000228,0.00015004,1.31e-5,1.0316e-5
1.0,182.11,160.82,80.331,56.732
1.0476,160.12,141.19,70.17,49.57
1.0975,140.78,123.97,61.295,43.313
1.1498,123.7,108.71,53.425,37.772
1.2045,108.63,95.214,46.472,32.883
1.2619,95.402,83.396,40.425,28.626
1.3219,83.782,73.045,35.164,24.921
1.3849,73.577,63.979,30.588,21.695
1.4508,64.524,55.981,26.546,18.847
1.5199,56.525,48.947,22.998,16.348
1.5923,49.518,42.797,19.924,14.181
1.6681,43.379,37.419,17.261,12.3
1.7475,38.002,32.717,14.954,10.669
1.8307,33.324,28.601,12.923,9.2337
1.9179,29.24,25.002,11.15,7.9804
2.0092,25.656,21.855,9.6211,6.8972
2.1049,22.512,19.104,8.3016,5.961
2.2051,19.753,16.7,7.163,5.1519
2.3101,17.29,14.567,6.1639,4.4415
2.4201,15.118,12.694,5.2973,3.8244
2.5354,13.218,11.062,4.5525,3.2931
2.6561,11.557,9.6391,3.9124,2.8355
2.7826,10.105,8.3996,3.3623,2.4415
2.9151,8.7926,7.2929,2.8812,2.0965
3.0539,7.6365,6.3232,2.4662,1.7983
3.1993,6.6323,5.4825,2.111,1.5425
3.3516,5.7602,4.7535,1.807,1.323
3.5112,5.0027,4.1214,1.5467,1.1348
3.6784,4.3632,3.5822,1.32,0.97062
3.8535,3.8101,3.1157,1.1256,0.82949
4.037,3.3271,2.7099,0.95986,0.70888
4.2292,2.9053,2.357,0.8185,0.60579
4.4306,2.5369,2.05,0.69796,0.5177
4.6416,2.2144,1.7826,0.5938,0.44144
4.8626,1.9327,1.55,0.50493,0.37624
5.0941,1.6869,1.3478,0.42937,0.32067
5.3367,1.4723,1.1719,0.36511,0.2733
5.5908,1.285,1.0189,0.31047,0.23292
5.857,1.1211,0.88585,0.26375,0.19833
6.1359,0.97809,0.77013,0.22402,0.16885
6.4281,0.85331,0.66951,0.19028,0.14375
6.7342,0.74443,0.58204,0.16162,0.12237
7.0548,0.64945,0.50598,0.13728,0.10418
7.3907,0.56646,0.43978,0.11654,0.088626
7.7426,0.49406,0.38224,0.098923,0.075388
8.1113,0.43091,0.33222,0.083971,0.064127
8.4975,0.37583,0.28874,0.071279,0.054548
8.9022,0.32779,0.25095,0.060505,0.046399
9.326,0.28581,0.21803,0.051295,0.039404
9.7701,0.2492,0.18942,0.043486,0.033462
10.235,0.21728,0.16457,0.036865,0.028415
10.723,0.18944,0.14297,0.031253,0.02413
11.233,0.16517,0.12421,0.026494,0.020489
11.768,0.14397,0.10789,0.022441,0.017377
12.328,0.12549,0.093716,0.019008,0.014738
12.915,0.10938,0.081401,0.016101,0.012499
13.53,0.095333,0.070705,0.013638,0.0106
14.175,0.083091,0.061413,0.011551,0.0089894
14.85,0.072401,0.053342,0.0097845,0.0076213
15.557,0.063087,0.046331,0.0082878,0.0064613
16.298,0.05497,0.040241,0.0070201,0.0054778
17.074,0.047898,0.034952,0.0059462,0.004644
17.886,0.041733,0.030358,0.0050369,0.0039373
18.738,0.036354,0.026369,0.0042688,0.0033394
19.63,0.031668,0.022904,0.0036179,0.0028322
20.565,0.027585,0.019894,0.0030661,0.0024021
21.544,0.024029,0.01728,0.0025986,0.0020372
22.57,0.020929,0.015008,0.0022026,0.001728
23.645,0.018223,0.013033,0.0018682,0.0014666
24.771,0.015866,0.011317,0.0015846,0.0012447
25.95,0.013814,0.0098274,0.0013441,0.0010564
27.186,0.012027,0.0085338,0.00114,0.00089659
28.48,0.01047,0.0074094,0.00096722,0.00076113
29.836,0.0091087,0.0064302,0.00082133,0.00064667
31.257,0.0079248,0.0055805,0.00069744,0.00054943
32.745,0.0068946,0.004843,0.00059224,0.00046681
34.305,0.0059984,0.004203,0.0005029,0.00039662
35.938,0.0052173,0.0036467,0.0004272,0.0003371
37.649,0.0045347,0.0031621,0.00036326,0.00028678
39.442,0.0039415,0.0027419,0.00030888,0.00024397
41.32,0.0034258,0.0023776,0.00026264,0.00020756
43.288,0.0029776,0.0020616,0.00022333,0.00017658
45.349,0.0025868,0.0017868,0.00018999,0.00015029
47.508,0.0022449,0.0015471,0.00016181,0.00012804
49.77,0.0019482,0.0013395,0.0001378,0.00010909
52.14,0.0016908,0.0011598,0.00011736,9.2939e-5
54.623,0.0014673,0.0010042,9.9949e-5,7.9181e-5
57.224,0.0012722,0.00086865,8.5188e-5,6.7502e-5
59.948,0.0011015,0.00075024,7.2704e-5,5.7607e-5
62.803,0.00095367,0.00064797,6.2049e-5,4.9162e-5
65.793,0.00082568,0.00055964,5.2955e-5,4.1955e-5
68.926,0.00071486,0.00048335,4.5194e-5,3.5804e-5
72.208,0.00061899,0.00041737,3.8604e-5,3.0574e-5
75.646,0.00053607,0.00036028,3.3014e-5,2.6131e-5
79.248,0.00046425,0.000311,2.8234e-5,2.2333e-5
83.022,0.00040205,0.00026847,2.4145e-5,1.9087e-5
86.975,0.00034819,0.00023174,2.0649e-5,1.6313e-5
91.116,0.00030172,0.00020006,1.7672e-5,1.3948e-5
95.455,0.00026163,0.00017272,1.5136e-5,1.1932e-5
100.0,0.00022687,0.00014912,1.2964e-5,1.0207e-5
1.0,181.67,160.22,79.733,56.299
1.0476,159.72,140.66,69.636,49.183
1.0975,140.43,123.49,60.817,42.967
1.1498,123.39,108.28,52.999,37.464
1.2045,108.36,94.835,46.094,32.609
1.2619,95.156,83.059,40.088,28.383
1.3219,83.562,72.745,34.865,24.704
1.3849,73.381,63.712,30.323,21.502
1.4508,64.35,55.745,26.31,18.677
1.5199,56.371,48.738,22.79,16.197
1.5923,49.382,42.611,19.74,14.047
1.6681,43.259,37.255,17.099,12.183
1.7475,37.895,32.572,14.811,10.565
1.8307,33.23,28.473,12.797,9.1421
1.9179,29.156,24.889,11.04,7.8999
2.0092,25.583,21.756,9.524,6.8265
2.1049,22.447,19.017,8.2163,5.8989
2.2051,19.695,16.622,7.0882,5.0973
2.3101,17.24,14.499,6.0985,4.3937
2.4201,15.073,12.634,5.2402,3.7826
2.5354,13.179,11.009,4.5026,3.2565
2.6561,11.522,9.5932,3.8689,2.8036
2.7826,10.074,8.3592,3.3244,2.4137
2.9151,8.7654,7.2574,2.8482,2.0722
3.0539,7.6124,6.2921,2.4376,1.7772
3.1993,6.611,5.4551,2.0862,1.5241
3.3516,5.7413,4.7295,1.7854,1.3071
3.5112,4.986,4.1003,1.528,1.121
3.6784,4.3486,3.5638,1.3039,0.95864
3.8535,3.7973,3.0997,1.1117,0.81913
4.037,3.3159,2.696,0.94782,0.69992
4.2292,2.8955,2.3449,0.80811,0.59805
4.4306,2.5284,2.0395,0.68899,0.511
4.6416,2.207,1.7735,0.58608,0.43567
4.8626,1.9262,1.5421,0.4983,0.37128
5.0941,1.6812,1.3409,0.42367,0.31639
5.3367,1.4673,1.1659,0.36021,0.26962
5.5908,1.2807,1.0138,0.30626,0.22976
5.857,1.1174,0.88137,0.26014,0.19561
6.1359,0.97482,0.76624,0.22094,0.16652
6.4281,0.85045,0.66614,0.18764,0.14175
6.7342,0.74194,0.57912,0.15936,0.12066
7.0548,0.64728,0.50345,0.13534,0.10271
7.3907,0.56457,0.43759,0.11488,0.08737
7.7426,0.49241,0.38034,0.097514,0.074316
8.1113,0.42947,0.33057,0.082769,0.063211
8.4975,0.37458,0.28731,0.070254,0.053765
8.9022,0.3267,0.24972,0.059631,0.04573
9.326,0.28485,0.21696,0.050552,0.038834
9.7701,0.24837,0.1885,0.042854,0.032977
10.235,0.21655,0.16377,0.036328,0.028002
10.723,0.18881,0.14228,0.030796,0.023778
11.233,0.16462,0.12361,0.026105,0.02019
11.768,0.14349,0.10737,0.022112,0.017123
12.328,0.12506,0.093263,0.018729,0.014522
12.915,0.10901,0.081009,0.015864,0.012316
13.53,0.09501,0.070364,0.013437,0.010445
14.175,0.082809,0.061118,0.011381,0.0088576
14.85,0.072155,0.053085,0.0096403,0.0075097
15.557,0.062871,0.046108,0.0081658,0.0063669
16.298,0.054782,0.040047,0.0069168,0.0053979
17.074,0.047733,0.034784,0.0058588,0.0045763
17.886,0.041589,0.030212,0.004963,0.00388
18.738,0.036227,0.026241,0.0042064,0.003291
19.63,0.031557,0.022793,0.0035652,0.0027913
20.565,0.027488,0.019798,0.0030216,0.0023675
21.544,0.023944,0.017196,0.002561,0.0020081
22.57,0.020855,0.014935,0.0021709,0.0017034
23.645,0.018157,0.012969,0.0018415,0.0014458
24.771,0.015808,0.011262,0.0015621,0.0012272
25.95,0.013763,0.0097791,0.001325,0.0010416
27.186,0.011983,0.0084917,0.001124,0.00088411
28.48,0.010431,0.0073728,0.00095367,0.0007506
29.836,0.0090746,0.0063982,0.00080991,0.00063779
31.257,0.0078948,0.0055525,0.00068781,0.00054194
32.745,0.0068684,0.0048186,0.00058412,0.0004605
34.305,0.0059753,0.0041817,0.00049606,0.00039129
35.938,0.005197,0.0036281,0.00042144,0.00033261
37.649,0.004517,0.0031459,0.0003584,0.000283
39.442,0.0039259,0.0027278,0.00030479,0.00024078
41.32,0.0034121,0.0023652,0.00025919,0.00020487
43.288,0.0029656,0.0020509,0.00022042,0.00017431
45.349,0.0025762,0.0017774,0.00018754,0.00014838
47.508,0.0022357,0.0015389,0.00015974,0.00012643
49.77,0.0019401,0.0013324,0.00013606,0.00010773
52.14,0.0016836,0.0011535,0.00011589,9.179e-5
54.623,0.001461,0.00099873,9.8712e-5,7.8212e-5
57.224,0.0012668,0.00086388,8.4145e-5,6.6685e-5
59.948,0.0010967,0.00074608,7.1824e-5,5.6916e-5
62.803,0.00094942,0.00064433,6.1307e-5,4.8579e-5
65.793,0.00082194,0.00055646,5.233e-5,4.1463e-5
68.926,0.00071158,0.00048058,4.4667e-5,3.5389e-5
72.208,0.00061611,0.00041495,3.816e-5,3.0224e-5
75.646,0.00053354,0.00035817,3.2639e-5,2.5834e-5
79.248,0.00046204,0.00030916,2.7917e-5,2.2082e-5
83.022,0.00040012,0.00026686,2.3878e-5,1.8875e-5
86.975,0.00034649,0.00023035,2.0423e-5,1.6134e-5
91.116,0.00030024,0.00019884,1.7481e-5,1.3796e-5
95.455,0.00026034,0.00017167,1.4975e-5,1.1803e-5
100.0,0.00022574,0.0001482,1.2827e-5,1.0098e-5
1.0,181.22,159.61,79.124,55.858
1.0476,159.33,140.12,69.092,48.789
1.0975,140.07,123.0,60.331,42.615
1.1498,123.07,107.85,52.566,37.15
1.2045,108.07,94.449,45.709,32.33
1.2619,94.904,82.716,39.746,28.135
1.3219,83.338,72.44,34.561,24.484
1.3849,73.182,63.44,30.053,21.307
1.4508,64.173,55.504,26.072,18.504
1.5199,56.215,48.525,22.579,16.044
1.5923,49.243,42.423,19.554,13.912
1.6681,43.136,37.088,16.934,12.063
1.7475,37.786,32.424,14.666,10.46
1.8307,33.133,28.343,12.669,9.0492
1.9179,29.072,24.774,10.928,7.8183
2.0092,25.508,21.655,9.4256,6.7548
2.1049,22.38,18.928,8.13,5.8359
2.2051,19.637,16.544,7.0125,5.042
2.3101,17.188,14.43,6.0323,4.3453
2.4201,15.028,12.574,5.1824,3.7403
2.5354,13.139,10.956,4.4523,3.2196
2.6561,11.487,9.5466,3.825,2.7714
2.7826,10.043,8.3183,3.2861,2.3855
2.9151,8.7377,7.2214,2.8149,2.0477
3.0539,7.5879,6.2605,2.4087,1.7559
3.1993,6.5893,5.4274,2.0611,1.5056
3.3516,5.7222,4.7051,1.7637,1.291
3.5112,4.9691,4.079,1.5092,1.107
3.6784,4.3337,3.5452,1.2876,0.94656
3.8535,3.7843,3.0835,1.0976,0.80869
4.037,3.3045,2.6819,0.93568,0.69089
4.2292,2.8856,2.3326,0.79763,0.59024
4.4306,2.5197,2.0288,0.67995,0.50426
4.6416,2.1994,1.7642,0.57831,0.42986
4.8626,1.9197,1.5341,0.49162,0.36627
5.0941,1.6755,1.3339,0.41793,0.31209
5.3367,1.4623,1.1599,0.35528,0.26591
5.5908,1.2763,1.0085,0.30203,0.22657
5.857,1.1136,0.87683,0.25652,0.19288
6.1359,0.9715,0.76231,0.21783,0.16417
6.4281,0.84756,0.66274,0.18498,0.13974
6.7342,0.73942,0.57617,0.15709,0.11894
7.0548,0.64508,0.5009,0.1334,0.10123
7.3907,0.56265,0.43538,0.11322,0.086109
7.7426,0.49074,0.37842,0.096099,0.073238
8.1113,0.42802,0.32891,0.081562,0.062291
8.4975,0.37331,0.28588,0.069225,0.052979
8.9022,0.32559,0.24847,0.058753,0.045058
9.326,0.28389,0.21588,0.049806,0.038263
9.7701,0.24752,0.18756,0.04222,0.03249
10.235,0.21582,0.16296,0.035789,0.027588
10.723,0.18817,0.14158,0.030337,0.023426
11.233,0.16406,0.123,0.025716,0.01989
11.768,0.143,0.10684,0.021781,0.016869
12.328,0.12464,0.092807,0.018449,0.014306
12.915,0.10863,0.080613,0.015626,0.012133
13.53,0.094684,0.070021,0.013235,0.010289
14.175,0.082524,0.06082,0.01121,0.0087256
14.85,0.071906,0.052826,0.0094959,0.007398
15.557,0.062653,0.045883,0.0080437,0.0062723
16.298,0.054591,0.039852,0.0068135,0.0053178
17.074,0.047566,0.034614,0.0057714,0.0045086
17.886,0.041443,0.030064,0.0048891,0.0038227
18.738,0.036099,0.026113,0.004144,0.0032425
19.63,0.031444,0.022681,0.0035125,0.0027504
20.565,0.02739,0.0197,0.0029771,0.002333
21.544,0.023858,0.017111,0.0025234,0.0019789
22.57,0.020779,0.014862,0.0021391,0.0016788
23.645,0.018091,0.012905,0.0018147,0.001425
24.771,0.01575,0.011206,0.0015395,0.0012097
25.95,0.013712,0.0097305,0.001306,0.0010268
27.186,0.011938,0.0084493,0.0011079,0.00087163
28.48,0.010391,0.0073358,0.00094013,0.00074007
29.836,0.0090402,0.006366,0.0007985,0.00062892
31.257,0.0078646,0.0055244,0.0006782,0.00053446
32.745,0.0068418,0.0047941,0.00057602,0.00045419
34.305,0.0059521,0.0041603,0.00048923,0.00038598
35.938,0.0051766,0.0036095,0.00041568,0.00032812
37.649,0.0044991,0.0031296,0.00035355,0.00027922
39.442,0.0039102,0.0027136,0.0003007,0.0002376
41.32,0.0033983,0.0023528,0.00025575,0.00020218
43.288,0.0029535,0.0020401,0.00021752,0.00017204
45.349,0.0025656,0.001768,0.0001851,0.00014647
47.508,0.0022263,0.0015306,0.00015768,0.00012482
49.77,0.0019319,0.0013252,0.00013432,0.00010637
52.14,0.0016765,0.0011473,0.00011443,9.0644e-5
54.623,0.0014547,0.00099325,9.7477e-5,7.7245e-5
57.224,0.0012612,0.00085909,8.3105e-5,6.5868e-5
59.948,0.0010918,0.00074189,7.0947e-5,5.6227e-5
62.803,0.00094515,0.00064068,6.0567e-5,4.7997e-5
65.793,0.00081819,0.00055327,5.1706e-5,4.0971e-5
68.926,0.00070828,0.00047779,4.4141e-5,3.4974e-5
72.208,0.00061322,0.00041251,3.7716e-5,2.9874e-5
75.646,0.00053101,0.00035605,3.2265e-5,2.5538e-5
79.248,0.00045982,0.00030732,2.7601e-5,2.1832e-5
83.022,0.00039817,0.00026525,2.3611e-5,1.8663e-5
86.975,0.00034479,0.00022894,2.0198e-5,1.5955e-5
91.116,0.00029875,0.00019762,1.7291e-5,1.3645e-5
95.455,0.00025904,0.00017061,1.4814e-5,1.1675e-5
100.0,0.00022461,0.00014728,1.2692e-5,9.99e-6
